run_key,status,noise_distribution,snr,empirical_snr,seed,n_samples,n_features,true_spike_fraction,component_status,empirical_bulk_edge,detected_spike_count,signalness_roc_auc,signalness_average_precision,top_k_precision,selected_spike_prevalence,selected_spike_enrichment,total_budget,selected_unique_rows,exact_budget,resolved_spike_budget_share,split,participation,training_plan
gaussian|snr=0.5|seed=11,completed,gaussian,0.5,0.4999999999999999,11,320,24,0.15,ok,65.32542845787356,1,0.9960171568627452,0.9800971764432067,0.9166666666666666,0.25,1.6666666666666667,64,64,True,0.140625,"{'status': 'ok', 'empirical_bulk_edge': 65.32542845787356, 'n_components': 72, 'n_spikes': 1, 'spike_indices': [0], 'min_selection_frequency': 0.8, 'frequency_source': 'view_resampling', 'reason': 'stable components exceed the empirical null edge', 'singular_values': [100.39211830690782, 56.10666941064582, 53.76261335927046, 52.25460341308777, 50.63333577606546, 50.297961561058784, 47.9414254329854, 44.73630544961487, 42.069111983446675, 40.03113427979688, 38.822065610076805, 38.691276044982594, 37.35612974908056, 36.22176976651372, 34.77121723036718, 33.59547609644284, 32.09874258479218, 31.057685184499892, 29.001246759262525, 26.692451617170747, 25.800719436852077, 24.556314423210388, 21.624817859830795, 18.310205001331564, 9.99720754554855e-15, 9.99720754554855e-15, 9.99720754554855e-15, 9.99720754554855e-15, 9.99720754554855e-15, 9.99720754554855e-15, 9.99720754554855e-15, 9.99720754554855e-15, 9.99720754554855e-15, 9.99720754554855e-15, 9.99720754554855e-15, 9.99720754554855e-15, 9.99720754554855e-15, 9.99720754554855e-15, 9.99720754554855e-15, 9.99720754554855e-15, 9.99720754554855e-15, 9.99720754554855e-15, 9.99720754554855e-15, 9.99720754554855e-15, 9.99720754554855e-15, 9.99720754554855e-15, 9.99720754554855e-15, 9.99720754554855e-15, 9.99720754554855e-15, 9.99720754554855e-15, 9.99720754554855e-15, 9.99720754554855e-15, 9.99720754554855e-15, 9.99720754554855e-15, 9.99720754554855e-15, 9.99720754554855e-15, 9.99720754554855e-15, 9.99720754554855e-15, 9.99720754554855e-15, 9.99720754554855e-15, 9.99720754554855e-15, 9.99720754554855e-15, 9.99720754554855e-15, 9.99720754554855e-15, 9.99720754554855e-15, 9.99720754554855e-15, 9.99720754554855e-15, 9.99720754554855e-15, 9.99720754554855e-15, 9.99720754554855e-15, 9.99720754554855e-15, 9.99720754554855e-15], 'selection_frequencies': [1.0, 0.0, 0.0, 0.0, 0.0, 0.0, 0.0, 0.0, 0.0, 0.0, 0.0, 0.0, 0.0, 0.0, 0.0, 0.0, 0.0, 0.0, 0.0, 0.0, 0.0, 0.0, 0.0, 0.0, 0.0, 0.0, 0.0, 0.0, 0.0, 0.0, 0.0, 0.0, 0.0, 0.0, 0.0, 0.0, 0.0, 0.0, 0.0, 0.0, 0.0, 0.0, 0.0, 0.0, 0.0, 0.0, 0.0, 0.0, 0.0, 0.0, 0.0, 0.0, 0.0, 0.0, 0.0, 0.0, 0.0, 0.0, 0.0, 0.0, 0.0, 0.0, 0.0, 0.0, 0.0, 0.0, 0.0, 0.0, 0.0, 0.0, 0.0, 0.0], 'spike_mask': [True, False, False, False, False, False, False, False, False, False, False, False, False, False, False, False, False, False, False, False, False, False, False, False, False, False, False, False, False, False, False, False, False, False, False, False, False, False, False, False, False, False, False, False, False, False, False, False, False, False, False, False, False, False, False, False, False, False, False, False, False, False, False, False, False, False, False, False, False, False, False, False], 'bulk_mask': [False, True, True, True, True, True, True, True, True, True, True, True, True, True, True, True, True, True, True, True, True, True, True, True, True, True, True, True, True, True, True, True, True, True, True, True, True, True, True, True, True, True, True, True, True, True, True, True, True, True, True, True, True, True, True, True, True, True, True, True, True, True, True, True, True, True, True, True, True, True, True, True]}","{'n_rows': 320, 'n_spike_components': 1, 'mean_signalness': 0.10432311800560842, 'median_signalness': 0.042838966116770454, 'high_signal_fraction': 0.04375, 'total_spike_energy': 5811.165814943418, 'total_bulk_energy': 35203.97199161511}","{'policy': 'excess_energy', 'total_budget': 64, 'requested_spike_share': 0.14168343996187144, 'resolved_spike_share': 0.140625, 'bulk_candidate_count': 306, 'spike_candidate_count': 14, 'bulk_selected_count': 55, 'spike_selected_count': 9, 'exact_budget': True}"
gaussian|snr=0.5|seed=29,completed,gaussian,0.5,0.4999999999999999,29,320,24,0.15,ok,64.5498200552981,1,0.9973958333333333,0.9848762913525356,0.9375,0.203125,1.3541666666666667,64,64,True,0.1875,"{'status': 'ok', 'empirical_bulk_edge': 64.5498200552981, 'n_components': 72, 'n_spikes': 1, 'spike_indices': [0], 'min_selection_frequency': 0.8, 'frequency_source': 'view_resampling', 'reason': 'stable components exceed the empirical null edge', 'singular_values': [110.91494815436002, 54.45684644371767, 54.304783861839454, 52.12849757759496, 51.52985532068139, 49.26678557571823, 48.1707121864147, 46.11861901930827, 43.058042721436706, 42.18772320359753, 41.68834316522798, 38.369720872008315, 35.528661163954226, 33.317492011887396, 32.24994409066011, 31.32928580764086, 30.179878382898053, 28.475571969801667, 27.902748921463964, 27.418943924845014, 26.269637609823782, 24.487952103110842, 19.503411230516882, 18.503599095381755, 1.1081335065549996e-14, 1.1081335065549996e-14, 1.1081335065549996e-14, 1.1081335065549996e-14, 1.1081335065549996e-14, 1.1081335065549996e-14, 1.1081335065549996e-14, 1.1081335065549996e-14, 1.1081335065549996e-14, 1.1081335065549996e-14, 1.1081335065549996e-14, 1.1081335065549996e-14, 1.1081335065549996e-14, 1.1081335065549996e-14, 1.1081335065549996e-14, 1.1081335065549996e-14, 1.1081335065549996e-14, 1.1081335065549996e-14, 1.1081335065549996e-14, 1.1081335065549996e-14, 1.1081335065549996e-14, 1.1081335065549996e-14, 1.1081335065549996e-14, 1.1081335065549996e-14, 1.1081335065549996e-14, 1.1081335065549996e-14, 1.1081335065549996e-14, 1.1081335065549996e-14, 1.1081335065549996e-14, 1.1081335065549996e-14, 1.1081335065549996e-14, 1.1081335065549996e-14, 1.1081335065549996e-14, 1.1081335065549996e-14, 1.1081335065549996e-14, 1.1081335065549996e-14, 1.1081335065549996e-14, 1.1081335065549996e-14, 1.1081335065549996e-14, 1.1081335065549996e-14, 1.1081335065549996e-14, 1.1081335065549996e-14, 1.1081335065549996e-14, 1.1081335065549996e-14, 1.1081335065549996e-14, 1.1081335065549996e-14, 1.1081335065549996e-14, 1.1081335065549996e-14], 'selection_frequencies': [1.0, 0.0, 0.0, 0.0, 0.0, 0.0, 0.0, 0.0, 0.0, 0.0, 0.0, 0.0, 0.0, 0.0, 0.0, 0.0, 0.0, 0.0, 0.0, 0.0, 0.0, 0.0, 0.0, 0.0, 0.0, 0.0, 0.0, 0.0, 0.0, 0.0, 0.0, 0.0, 0.0, 0.0, 0.0, 0.0, 0.0, 0.0, 0.0, 0.0, 0.0, 0.0, 0.0, 0.0, 0.0, 0.0, 0.0, 0.0, 0.0, 0.0, 0.0, 0.0, 0.0, 0.0, 0.0, 0.0, 0.0, 0.0, 0.0, 0.0, 0.0, 0.0, 0.0, 0.0, 0.0, 0.0, 0.0, 0.0, 0.0, 0.0, 0.0, 0.0], 'spike_mask': [True, False, False, False, False, False, False, False, False, False, False, False, False, False, False, False, False, False, False, False, False, False, False, False, False, False, False, False, False, False, False, False, False, False, False, False, False, False, False, False, False, False, False, False, False, False, False, False, False, False, False, False, False, False, False, False, False, False, False, False, False, False, False, False, False, False, False, False, False, False, False, False], 'bulk_mask': [False, True, True, True, True, True, True, True, True, True, True, True, True, True, True, True, True, True, True, True, True, True, True, True, True, True, True, True, True, True, True, True, True, True, True, True, True, True, True, True, True, True, True, True, True, True, True, True, True, True, True, True, True, True, True, True, True, True, True, True, True, True, True, True, True, True, True, True, True, True, True, True]}","{'n_rows': 320, 'n_spike_components': 1, 'mean_signalness': 0.13097074276314322, 'median_signalness': 0.051868685589809976, 'high_signal_fraction': 0.078125, 'total_spike_energy': 8135.4464549130025, 'total_bulk_energy': 34664.266195603515}","{'policy': 'excess_energy', 'total_budget': 64, 'requested_spike_share': 0.19008180081355805, 'resolved_spike_share': 0.1875, 'bulk_candidate_count': 295, 'spike_candidate_count': 25, 'bulk_selected_count': 52, 'spike_selected_count': 12, 'exact_budget': True}"
gaussian|snr=0.5|seed=47,completed,gaussian,0.5,0.5000000000000001,47,320,24,0.15,ok,67.06263298607499,1,0.9986213235294117,0.9923796421973194,0.9583333333333334,0.203125,1.3541666666666667,64,64,True,0.171875,"{'status': 'ok', 'empirical_bulk_edge': 67.06263298607499, 'n_components': 72, 'n_spikes': 1, 'spike_indices': [0], 'min_selection_frequency': 0.8, 'frequency_source': 'view_resampling', 'reason': 'stable components exceed the empirical null edge', 'singular_values': [109.63998764341524, 56.49236675662116, 53.36235453978544, 51.79526379957181, 50.71944728511918, 49.49309872651688, 47.663257533514034, 45.3379462229234, 43.15368317334858, 40.96745700497475, 39.39563819708415, 38.85296234446295, 37.106963709297936, 34.646141096152775, 32.84406567071939, 31.540992679416693, 30.30302676851206, 29.198721780810843, 28.02439586421236, 27.418668269365675, 25.45443437125791, 22.581121280617175, 20.745746413297848, 19.118371561205873, 1.0944524351334902e-14, 1.0944524351334902e-14, 1.0944524351334902e-14, 1.0944524351334902e-14, 1.0944524351334902e-14, 1.0944524351334902e-14, 1.0944524351334902e-14, 1.0944524351334902e-14, 1.0944524351334902e-14, 1.0944524351334902e-14, 1.0944524351334902e-14, 1.0944524351334902e-14, 1.0944524351334902e-14, 1.0944524351334902e-14, 1.0944524351334902e-14, 1.0944524351334902e-14, 1.0944524351334902e-14, 1.0944524351334902e-14, 1.0944524351334902e-14, 1.0944524351334902e-14, 1.0944524351334902e-14, 1.0944524351334902e-14, 1.0944524351334902e-14, 1.0944524351334902e-14, 1.0944524351334902e-14, 1.0944524351334902e-14, 1.0944524351334902e-14, 1.0944524351334902e-14, 1.0944524351334902e-14, 1.0944524351334902e-14, 1.0944524351334902e-14, 1.0944524351334902e-14, 1.0944524351334902e-14, 1.0944524351334902e-14, 1.0944524351334902e-14, 1.0944524351334902e-14, 1.0944524351334902e-14, 1.0944524351334902e-14, 1.0944524351334902e-14, 1.0944524351334902e-14, 1.0944524351334902e-14, 1.0944524351334902e-14, 1.0944524351334902e-14, 1.0944524351334902e-14, 1.0944524351334902e-14, 1.0944524351334902e-14, 1.0944524351334902e-14, 1.0944524351334902e-14], 'selection_frequencies': [1.0, 0.0, 0.0, 0.0, 0.0, 0.0, 0.0, 0.0, 0.0, 0.0, 0.0, 0.0, 0.0, 0.0, 0.0, 0.0, 0.0, 0.0, 0.0, 0.0, 0.0, 0.0, 0.0, 0.0, 0.0, 0.0, 0.0, 0.0, 0.0, 0.0, 0.0, 0.0, 0.0, 0.0, 0.0, 0.0, 0.0, 0.0, 0.0, 0.0, 0.0, 0.0, 0.0, 0.0, 0.0, 0.0, 0.0, 0.0, 0.0, 0.0, 0.0, 0.0, 0.0, 0.0, 0.0, 0.0, 0.0, 0.0, 0.0, 0.0, 0.0, 0.0, 0.0, 0.0, 0.0, 0.0, 0.0, 0.0, 0.0, 0.0, 0.0, 0.0], 'spike_mask': [True, False, False, False, False, False, False, False, False, False, False, False, False, False, False, False, False, False, False, False, False, False, False, False, False, False, False, False, False, False, False, False, False, False, False, False, False, False, False, False, False, False, False, False, False, False, False, False, False, False, False, False, False, False, False, False, False, False, False, False, False, False, False, False, False, False, False, False, False, False, False, False], 'bulk_mask': [False, True, True, True, True, True, True, True, True, True, True, True, True, True, True, True, True, True, True, True, True, True, True, True, True, True, True, True, True, True, True, True, True, True, True, True, True, True, True, True, True, True, True, True, True, True, True, True, True, True, True, True, True, True, True, True, True, True, True, True, True, True, True, True, True, True, True, True, True, True, True, True]}","{'n_rows': 320, 'n_spike_components': 1, 'mean_signalness': 0.12660161295384414, 'median_signalness': 0.0500480154515597, 'high_signal_fraction': 0.0875, 'total_spike_energy': 7523.530147423266, 'total_bulk_energy': 34585.73530211409}","{'policy': 'excess_energy', 'total_budget': 64, 'requested_spike_share': 0.1786668579255857, 'resolved_spike_share': 0.171875, 'bulk_candidate_count': 292, 'spike_candidate_count': 28, 'bulk_selected_count': 53, 'spike_selected_count': 11, 'exact_budget': True}"
gaussian|snr=0.5|seed=71,completed,gaussian,0.5,0.5000000000000001,71,320,24,0.15,ok,64.70736050444266,1,0.999310661764706,0.9961653858788865,0.9583333333333334,0.234375,1.5625,64,64,True,0.1875,"{'status': 'ok', 'empirical_bulk_edge': 64.70736050444266, 'n_components': 72, 'n_spikes': 1, 'spike_indices': [0], 'min_selection_frequency': 0.8, 'frequency_source': 'view_resampling', 'reason': 'stable components exceed the empirical null edge', 'singular_values': [106.30093046416654, 54.14588311636392, 50.861905112875185, 47.351370234357255, 45.543756948361086, 45.049458261884695, 44.750702716566735, 43.947240904268284, 40.47263990667664, 39.04072342773982, 36.671056303809834, 34.84396983579511, 33.59587354284534, 33.20324121691576, 31.53878291281336, 30.90833975605686, 30.545633433569286, 28.820258471993963, 27.45465346787833, 26.132583684474564, 24.862549939693473, 23.495972813327867, 22.39103295011576, 20.221634874064392, 1.0619236490766172e-14, 1.0619236490766172e-14, 1.0619236490766172e-14, 1.0619236490766172e-14, 1.0619236490766172e-14, 1.0619236490766172e-14, 1.0619236490766172e-14, 1.0619236490766172e-14, 1.0619236490766172e-14, 1.0619236490766172e-14, 1.0619236490766172e-14, 1.0619236490766172e-14, 1.0619236490766172e-14, 1.0619236490766172e-14, 1.0619236490766172e-14, 1.0619236490766172e-14, 1.0619236490766172e-14, 1.0619236490766172e-14, 1.0619236490766172e-14, 1.0619236490766172e-14, 1.0619236490766172e-14, 1.0619236490766172e-14, 1.0619236490766172e-14, 1.0619236490766172e-14, 1.0619236490766172e-14, 1.0619236490766172e-14, 1.0619236490766172e-14, 1.0619236490766172e-14, 1.0619236490766172e-14, 1.0619236490766172e-14, 1.0619236490766172e-14, 1.0619236490766172e-14, 1.0619236490766172e-14, 1.0619236490766172e-14, 1.0619236490766172e-14, 1.0619236490766172e-14, 1.0619236490766172e-14, 1.0619236490766172e-14, 1.0619236490766172e-14, 1.0619236490766172e-14, 1.0619236490766172e-14, 1.0619236490766172e-14, 1.0619236490766172e-14, 1.0619236490766172e-14, 1.0619236490766172e-14, 1.0619236490766172e-14, 1.0619236490766172e-14, 1.0619236490766172e-14], 'selection_frequencies': [1.0, 0.0, 0.0, 0.0, 0.0, 0.0, 0.0, 0.0, 0.0, 0.0, 0.0, 0.0, 0.0, 0.0, 0.0, 0.0, 0.0, 0.0, 0.0, 0.0, 0.0, 0.0, 0.0, 0.0, 0.0, 0.0, 0.0, 0.0, 0.0, 0.0, 0.0, 0.0, 0.0, 0.0, 0.0, 0.0, 0.0, 0.0, 0.0, 0.0, 0.0, 0.0, 0.0, 0.0, 0.0, 0.0, 0.0, 0.0, 0.0, 0.0, 0.0, 0.0, 0.0, 0.0, 0.0, 0.0, 0.0, 0.0, 0.0, 0.0, 0.0, 0.0, 0.0, 0.0, 0.0, 0.0, 0.0, 0.0, 0.0, 0.0, 0.0, 0.0], 'spike_mask': [True, False, False, False, False, False, False, False, False, False, False, False, False, False, False, False, False, False, False, False, False, False, False, False, False, False, False, False, False, False, False, False, False, False, False, False, False, False, False, False, False, False, False, False, False, False, False, False, False, False, False, False, False, False, False, False, False, False, False, False, False, False, False, False, False, False, False, False, False, False, False, False], 'bulk_mask': [False, True, True, True, True, True, True, True, True, True, True, True, True, True, True, True, True, True, True, True, True, True, True, True, True, True, True, True, True, True, True, True, True, True, True, True, True, True, True, True, True, True, True, True, True, True, True, True, True, True, True, True, True, True, True, True, True, True, True, True, True, True, True, True, True, True, True, True, True, True, True, True]}","{'n_rows': 320, 'n_spike_components': 1, 'mean_signalness': 0.12983951814439576, 'median_signalness': 0.05746463881463421, 'high_signal_fraction': 0.09375, 'total_spike_energy': 7112.845314095661, 'total_bulk_energy': 30981.56763708239}","{'policy': 'excess_energy', 'total_budget': 64, 'requested_spike_share': 0.18671623377453045, 'resolved_spike_share': 0.1875, 'bulk_candidate_count': 290, 'spike_candidate_count': 30, 'bulk_selected_count': 52, 'spike_selected_count': 12, 'exact_budget': True}"
gaussian|snr=0.5|seed=101,completed,gaussian,0.5,0.4999999999999999,101,320,24,0.15,ok,68.7318120009141,1,0.9787837009803921,0.936380775626741,0.8541666666666666,0.203125,1.3541666666666667,64,64,True,0.140625,"{'status': 'ok', 'empirical_bulk_edge': 68.7318120009141, 'n_components': 72, 'n_spikes': 1, 'spike_indices': [0], 'min_selection_frequency': 0.8, 'frequency_source': 'view_resampling', 'reason': 'stable components exceed the empirical null edge', 'singular_values': [104.23644852636897, 58.23359130961112, 57.021167015255486, 52.49947949825836, 51.32277653025807, 47.045295158762826, 45.91832763749403, 43.390970975988424, 43.02592522587386, 42.36621620151675, 39.94231510495926, 38.65953243855903, 37.9129126065778, 35.64424665307227, 32.866687970944305, 32.585221322326355, 31.796286458062976, 30.199385399869225, 29.650580719777277, 27.369754410676233, 24.67340699198195, 23.972374784603268, 22.568628475776016, 19.717789029962884, 1.0391589736617847e-14, 1.0391589736617847e-14, 1.0391589736617847e-14, 1.0391589736617847e-14, 1.0391589736617847e-14, 1.0391589736617847e-14, 1.0391589736617847e-14, 1.0391589736617847e-14, 1.0391589736617847e-14, 1.0391589736617847e-14, 1.0391589736617847e-14, 1.0391589736617847e-14, 1.0391589736617847e-14, 1.0391589736617847e-14, 1.0391589736617847e-14, 1.0391589736617847e-14, 1.0391589736617847e-14, 1.0391589736617847e-14, 1.0391589736617847e-14, 1.0391589736617847e-14, 1.0391589736617847e-14, 1.0391589736617847e-14, 1.0391589736617847e-14, 1.0391589736617847e-14, 1.0391589736617847e-14, 1.0391589736617847e-14, 1.0391589736617847e-14, 1.0391589736617847e-14, 1.0391589736617847e-14, 1.0391589736617847e-14, 1.0391589736617847e-14, 1.0391589736617847e-14, 1.0391589736617847e-14, 1.0391589736617847e-14, 1.0391589736617847e-14, 1.0391589736617847e-14, 1.0391589736617847e-14, 1.0391589736617847e-14, 1.0391589736617847e-14, 1.0391589736617847e-14, 1.0391589736617847e-14, 1.0391589736617847e-14, 1.0391589736617847e-14, 1.0391589736617847e-14, 1.0391589736617847e-14, 1.0391589736617847e-14, 1.0391589736617847e-14, 1.0391589736617847e-14], 'selection_frequencies': [1.0, 0.0, 0.0, 0.0, 0.0, 0.0, 0.0, 0.0, 0.0, 0.0, 0.0, 0.0, 0.0, 0.0, 0.0, 0.0, 0.0, 0.0, 0.0, 0.0, 0.0, 0.0, 0.0, 0.0, 0.0, 0.0, 0.0, 0.0, 0.0, 0.0, 0.0, 0.0, 0.0, 0.0, 0.0, 0.0, 0.0, 0.0, 0.0, 0.0, 0.0, 0.0, 0.0, 0.0, 0.0, 0.0, 0.0, 0.0, 0.0, 0.0, 0.0, 0.0, 0.0, 0.0, 0.0, 0.0, 0.0, 0.0, 0.0, 0.0, 0.0, 0.0, 0.0, 0.0, 0.0, 0.0, 0.0, 0.0, 0.0, 0.0, 0.0, 0.0], 'spike_mask': [True, False, False, False, False, False, False, False, False, False, False, False, False, False, False, False, False, False, False, False, False, False, False, False, False, False, False, False, False, False, False, False, False, False, False, False, False, False, False, False, False, False, False, False, False, False, False, False, False, False, False, False, False, False, False, False, False, False, False, False, False, False, False, False, False, False, False, False, False, False, False, False], 'bulk_mask': [False, True, True, True, True, True, True, True, True, True, True, True, True, True, True, True, True, True, True, True, True, True, True, True, True, True, True, True, True, True, True, True, True, True, True, True, True, True, True, True, True, True, True, True, True, True, True, True, True, True, True, True, True, True, True, True, True, True, True, True, True, True, True, True, True, True, True, True, True, True, True, True]}","{'n_rows': 320, 'n_spike_components': 1, 'mean_signalness': 0.10413865190340224, 'median_signalness': 0.03735073939763963, 'high_signal_fraction': 0.0375, 'total_spike_energy': 6141.175220461379, 'total_bulk_energy': 35456.16100995623}","{'policy': 'excess_energy', 'total_budget': 64, 'requested_spike_share': 0.14763385776540924, 'resolved_spike_share': 0.140625, 'bulk_candidate_count': 308, 'spike_candidate_count': 12, 'bulk_selected_count': 55, 'spike_selected_count': 9, 'exact_budget': True}"
gaussian|snr=1|seed=11,completed,gaussian,1.0,0.9999999999999993,11,320,24,0.15,ok,64.97064735591874,1,0.998468137254902,0.992078038830672,0.9791666666666666,0.21875,1.4583333333333335,64,64,True,0.21875,"{'status': 'ok', 'empirical_bulk_edge': 64.97064735591874, 'n_components': 72, 'n_spikes': 1, 'spike_indices': [0], 'min_selection_frequency': 0.8, 'frequency_source': 'view_resampling', 'reason': 'stable components exceed the empirical null edge', 'singular_values': [115.38092105545348, 54.76317666471313, 52.912241784505326, 51.21930762750629, 48.10115460747018, 47.67833787736497, 45.45724731154956, 41.809548561381206, 41.18229908401326, 38.8246030484365, 37.64864423375825, 36.89299366317742, 34.83210714703045, 33.04149478978053, 31.98287299911097, 31.062378461231962, 29.54898690217275, 27.953178428329913, 25.40664025392585, 23.837464324545696, 22.033471614125077, 21.073578894950877, 18.024752910396632, 14.852416551729865, 1.1521654381844382e-14, 1.1521654381844382e-14, 1.1521654381844382e-14, 1.1521654381844382e-14, 1.1521654381844382e-14, 1.1521654381844382e-14, 1.1521654381844382e-14, 1.1521654381844382e-14, 1.1521654381844382e-14, 1.1521654381844382e-14, 1.1521654381844382e-14, 1.1521654381844382e-14, 1.1521654381844382e-14, 1.1521654381844382e-14, 1.1521654381844382e-14, 1.1521654381844382e-14, 1.1521654381844382e-14, 1.1521654381844382e-14, 1.1521654381844382e-14, 1.1521654381844382e-14, 1.1521654381844382e-14, 1.1521654381844382e-14, 1.1521654381844382e-14, 1.1521654381844382e-14, 1.1521654381844382e-14, 1.1521654381844382e-14, 1.1521654381844382e-14, 1.1521654381844382e-14, 1.1521654381844382e-14, 1.1521654381844382e-14, 1.1521654381844382e-14, 1.1521654381844382e-14, 1.1521654381844382e-14, 1.1521654381844382e-14, 1.1521654381844382e-14, 1.1521654381844382e-14, 1.1521654381844382e-14, 1.1521654381844382e-14, 1.1521654381844382e-14, 1.1521654381844382e-14, 1.1521654381844382e-14, 1.1521654381844382e-14, 1.1521654381844382e-14, 1.1521654381844382e-14, 1.1521654381844382e-14, 1.1521654381844382e-14, 1.1521654381844382e-14, 1.1521654381844382e-14], 'selection_frequencies': [1.0, 0.0, 0.0, 0.0, 0.0, 0.0, 0.0, 0.0, 0.0, 0.0, 0.0, 0.0, 0.0, 0.0, 0.0, 0.0, 0.0, 0.0, 0.0, 0.0, 0.0, 0.0, 0.0, 0.0, 0.0, 0.0, 0.0, 0.0, 0.0, 0.0, 0.0, 0.0, 0.0, 0.0, 0.0, 0.0, 0.0, 0.0, 0.0, 0.0, 0.0, 0.0, 0.0, 0.0, 0.0, 0.0, 0.0, 0.0, 0.0, 0.0, 0.0, 0.0, 0.0, 0.0, 0.0, 0.0, 0.0, 0.0, 0.0, 0.0, 0.0, 0.0, 0.0, 0.0, 0.0, 0.0, 0.0, 0.0, 0.0, 0.0, 0.0, 0.0], 'spike_mask': [True, False, False, False, False, False, False, False, False, False, False, False, False, False, False, False, False, False, False, False, False, False, False, False, False, False, False, False, False, False, False, False, False, False, False, False, False, False, False, False, False, False, False, False, False, False, False, False, False, False, False, False, False, False, False, False, False, False, False, False, False, False, False, False, False, False, False, False, False, False, False, False], 'bulk_mask': [False, True, True, True, True, True, True, True, True, True, True, True, True, True, True, True, True, True, True, True, True, True, True, True, True, True, True, True, True, True, True, True, True, True, True, True, True, True, True, True, True, True, True, True, True, True, True, True, True, True, True, True, True, True, True, True, True, True, True, True, True, True, True, True, True, True, True, True, True, True, True, True]}","{'n_rows': 320, 'n_spike_components': 1, 'mean_signalness': 0.14300448092625265, 'median_signalness': 0.06920305146484917, 'high_signal_fraction': 0.103125, 'total_spike_energy': 9091.571925757637, 'total_bulk_energy': 31441.410004586298}","{'policy': 'excess_energy', 'total_budget': 64, 'requested_spike_share': 0.22430059405403563, 'resolved_spike_share': 0.21875, 'bulk_candidate_count': 287, 'spike_candidate_count': 33, 'bulk_selected_count': 50, 'spike_selected_count': 14, 'exact_budget': True}"
gaussian|snr=1|seed=29,completed,gaussian,1.0,0.9999999999999993,29,320,24,0.15,ok,64.28370047557254,1,0.9996170343137255,0.9978730641192648,0.9583333333333334,0.28125,1.875,64,64,True,0.28125,"{'status': 'ok', 'empirical_bulk_edge': 64.28370047557254, 'n_components': 72, 'n_spikes': 1, 'spike_indices': [0], 'min_selection_frequency': 0.8, 'frequency_source': 'view_resampling', 'reason': 'stable components exceed the empirical null edge', 'singular_values': [128.46912716151232, 53.17149278433199, 52.232184297958156, 50.873082024966834, 49.536530704114966, 47.278576679529436, 45.300095009599936, 44.05328771535807, 40.667220220402896, 39.48991580926914, 38.85318007109758, 36.06974107111503, 33.574673825853225, 30.975624250126497, 30.307693074775287, 28.404300974023897, 27.6397155572779, 25.16446680811812, 24.173766458571112, 23.662429651412296, 23.191442441944403, 20.75650500624341, 16.051979858682433, 15.145947533547766, 1.2836440883398008e-14, 1.2836440883398008e-14, 1.2836440883398008e-14, 1.2836440883398008e-14, 1.2836440883398008e-14, 1.2836440883398008e-14, 1.2836440883398008e-14, 1.2836440883398008e-14, 1.2836440883398008e-14, 1.2836440883398008e-14, 1.2836440883398008e-14, 1.2836440883398008e-14, 1.2836440883398008e-14, 1.2836440883398008e-14, 1.2836440883398008e-14, 1.2836440883398008e-14, 1.2836440883398008e-14, 1.2836440883398008e-14, 1.2836440883398008e-14, 1.2836440883398008e-14, 1.2836440883398008e-14, 1.2836440883398008e-14, 1.2836440883398008e-14, 1.2836440883398008e-14, 1.2836440883398008e-14, 1.2836440883398008e-14, 1.2836440883398008e-14, 1.2836440883398008e-14, 1.2836440883398008e-14, 1.2836440883398008e-14, 1.2836440883398008e-14, 1.2836440883398008e-14, 1.2836440883398008e-14, 1.2836440883398008e-14, 1.2836440883398008e-14, 1.2836440883398008e-14, 1.2836440883398008e-14, 1.2836440883398008e-14, 1.2836440883398008e-14, 1.2836440883398008e-14, 1.2836440883398008e-14, 1.2836440883398008e-14, 1.2836440883398008e-14, 1.2836440883398008e-14, 1.2836440883398008e-14, 1.2836440883398008e-14, 1.2836440883398008e-14, 1.2836440883398008e-14], 'selection_frequencies': [1.0, 0.0, 0.0, 0.0, 0.0, 0.0, 0.0, 0.0, 0.0, 0.0, 0.0, 0.0, 0.0, 0.0, 0.0, 0.0, 0.0, 0.0, 0.0, 0.0, 0.0, 0.0, 0.0, 0.0, 0.0, 0.0, 0.0, 0.0, 0.0, 0.0, 0.0, 0.0, 0.0, 0.0, 0.0, 0.0, 0.0, 0.0, 0.0, 0.0, 0.0, 0.0, 0.0, 0.0, 0.0, 0.0, 0.0, 0.0, 0.0, 0.0, 0.0, 0.0, 0.0, 0.0, 0.0, 0.0, 0.0, 0.0, 0.0, 0.0, 0.0, 0.0, 0.0, 0.0, 0.0, 0.0, 0.0, 0.0, 0.0, 0.0, 0.0, 0.0], 'spike_mask': [True, False, False, False, False, False, False, False, False, False, False, False, False, False, False, False, False, False, False, False, False, False, False, False, False, False, False, False, False, False, False, False, False, False, False, False, False, False, False, False, False, False, False, False, False, False, False, False, False, False, False, False, False, False, False, False, False, False, False, False, False, False, False, False, False, False, False, False, False, False, False, False], 'bulk_mask': [False, True, True, True, True, True, True, True, True, True, True, True, True, True, True, True, True, True, True, True, True, True, True, True, True, True, True, True, True, True, True, True, True, True, True, True, True, True, True, True, True, True, True, True, True, True, True, True, True, True, True, True, True, True, True, True, True, True, True, True, True, True, True, True, True, True, True, True, True, True, True, True]}","{'n_rows': 320, 'n_spike_components': 1, 'mean_signalness': 0.17423050052443106, 'median_signalness': 0.08295201119833348, 'high_signal_fraction': 0.140625, 'total_spike_energy': 12371.922486807707, 'total_bulk_energy': 30658.609431119847}","{'policy': 'excess_energy', 'total_budget': 64, 'requested_spike_share': 0.2875149791409682, 'resolved_spike_share': 0.28125, 'bulk_candidate_count': 275, 'spike_candidate_count': 45, 'bulk_selected_count': 46, 'spike_selected_count': 18, 'exact_budget': True}"
gaussian|snr=1|seed=47,completed,gaussian,1.0,1.0,47,320,24,0.15,ok,66.93114499991452,1,0.9997702205882353,0.9986975397428475,0.9791666666666666,0.265625,1.7708333333333335,64,64,True,0.265625,"{'status': 'ok', 'empirical_bulk_edge': 66.93114499991452, 'n_components': 72, 'n_spikes': 1, 'spike_indices': [0], 'min_selection_frequency': 0.8, 'frequency_source': 'view_resampling', 'reason': 'stable components exceed the empirical null edge', 'singular_values': [125.87048644073425, 55.01427838351316, 51.19558982839308, 50.38969061739169, 49.5157380214348, 48.188509810120586, 46.60318515160465, 43.13012048557167, 42.183881883807, 39.833532662146155, 38.318688698189725, 36.73425049208782, 34.360627177453075, 32.01982264161483, 31.40388096823092, 29.519319226143942, 26.15555433934801, 25.607685292079267, 24.720820186142685, 23.635021373707122, 21.07010522073649, 19.602395336207046, 17.070439014349628, 15.243204376243366, 1.2575505021352756e-14, 1.2575505021352756e-14, 1.2575505021352756e-14, 1.2575505021352756e-14, 1.2575505021352756e-14, 1.2575505021352756e-14, 1.2575505021352756e-14, 1.2575505021352756e-14, 1.2575505021352756e-14, 1.2575505021352756e-14, 1.2575505021352756e-14, 1.2575505021352756e-14, 1.2575505021352756e-14, 1.2575505021352756e-14, 1.2575505021352756e-14, 1.2575505021352756e-14, 1.2575505021352756e-14, 1.2575505021352756e-14, 1.2575505021352756e-14, 1.2575505021352756e-14, 1.2575505021352756e-14, 1.2575505021352756e-14, 1.2575505021352756e-14, 1.2575505021352756e-14, 1.2575505021352756e-14, 1.2575505021352756e-14, 1.2575505021352756e-14, 1.2575505021352756e-14, 1.2575505021352756e-14, 1.2575505021352756e-14, 1.2575505021352756e-14, 1.2575505021352756e-14, 1.2575505021352756e-14, 1.2575505021352756e-14, 1.2575505021352756e-14, 1.2575505021352756e-14, 1.2575505021352756e-14, 1.2575505021352756e-14, 1.2575505021352756e-14, 1.2575505021352756e-14, 1.2575505021352756e-14, 1.2575505021352756e-14, 1.2575505021352756e-14, 1.2575505021352756e-14, 1.2575505021352756e-14, 1.2575505021352756e-14, 1.2575505021352756e-14, 1.2575505021352756e-14], 'selection_frequencies': [1.0, 0.0, 0.0, 0.0, 0.0, 0.0, 0.0, 0.0, 0.0, 0.0, 0.0, 0.0, 0.0, 0.0, 0.0, 0.0, 0.0, 0.0, 0.0, 0.0, 0.0, 0.0, 0.0, 0.0, 0.0, 0.0, 0.0, 0.0, 0.0, 0.0, 0.0, 0.0, 0.0, 0.0, 0.0, 0.0, 0.0, 0.0, 0.0, 0.0, 0.0, 0.0, 0.0, 0.0, 0.0, 0.0, 0.0, 0.0, 0.0, 0.0, 0.0, 0.0, 0.0, 0.0, 0.0, 0.0, 0.0, 0.0, 0.0, 0.0, 0.0, 0.0, 0.0, 0.0, 0.0, 0.0, 0.0, 0.0, 0.0, 0.0, 0.0, 0.0], 'spike_mask': [True, False, False, False, False, False, False, False, False, False, False, False, False, False, False, False, False, False, False, False, False, False, False, False, False, False, False, False, False, False, False, False, False, False, False, False, False, False, False, False, False, False, False, False, False, False, False, False, False, False, False, False, False, False, False, False, False, False, False, False, False, False, False, False, False, False, False, False, False, False, False, False], 'bulk_mask': [False, True, True, True, True, True, True, True, True, True, True, True, True, True, True, True, True, True, True, True, True, True, True, True, True, True, True, True, True, True, True, True, True, True, True, True, True, True, True, True, True, True, True, True, True, True, True, True, True, True, True, True, True, True, True, True, True, True, True, True, True, True, True, True, True, True, True, True, True, True, True, True]}","{'n_rows': 320, 'n_spike_components': 1, 'mean_signalness': 0.1654478698954441, 'median_signalness': 0.07541408213003141, 'high_signal_fraction': 0.1375, 'total_spike_energy': 11363.601185827476, 'total_bulk_energy': 31101.676240278386}","{'policy': 'excess_energy', 'total_budget': 64, 'requested_spike_share': 0.2675974790368757, 'resolved_spike_share': 0.265625, 'bulk_candidate_count': 276, 'spike_candidate_count': 44, 'bulk_selected_count': 47, 'spike_selected_count': 17, 'exact_budget': True}"
gaussian|snr=1|seed=71,completed,gaussian,1.0,0.9999999999999998,71,320,24,0.15,ok,64.9108477537879,1,0.9999234068627451,0.9995748299319727,0.9791666666666666,0.28125,1.875,64,64,True,0.28125,"{'status': 'ok', 'empirical_bulk_edge': 64.9108477537879, 'n_components': 72, 'n_spikes': 1, 'spike_indices': [0], 'min_selection_frequency': 0.8, 'frequency_source': 'view_resampling', 'reason': 'stable components exceed the empirical null edge', 'singular_values': [122.45192428827369, 52.89567011081762, 49.577581224609176, 46.24961421968533, 44.219859698586504, 43.452481047036414, 43.00257550373299, 41.3438272622787, 38.29311024179809, 36.51792503055561, 33.36539119763461, 32.36834534412848, 30.87004319653969, 30.045010443392535, 29.17910771414943, 28.145555074842747, 27.379248888578392, 25.89298649704392, 23.666946600345945, 22.752171177294883, 21.12469549859223, 19.976069206967875, 18.186343364694824, 16.79395440659884, 1.2235115039507302e-14, 1.2235115039507302e-14, 1.2235115039507302e-14, 1.2235115039507302e-14, 1.2235115039507302e-14, 1.2235115039507302e-14, 1.2235115039507302e-14, 1.2235115039507302e-14, 1.2235115039507302e-14, 1.2235115039507302e-14, 1.2235115039507302e-14, 1.2235115039507302e-14, 1.2235115039507302e-14, 1.2235115039507302e-14, 1.2235115039507302e-14, 1.2235115039507302e-14, 1.2235115039507302e-14, 1.2235115039507302e-14, 1.2235115039507302e-14, 1.2235115039507302e-14, 1.2235115039507302e-14, 1.2235115039507302e-14, 1.2235115039507302e-14, 1.2235115039507302e-14, 1.2235115039507302e-14, 1.2235115039507302e-14, 1.2235115039507302e-14, 1.2235115039507302e-14, 1.2235115039507302e-14, 1.2235115039507302e-14, 1.2235115039507302e-14, 1.2235115039507302e-14, 1.2235115039507302e-14, 1.2235115039507302e-14, 1.2235115039507302e-14, 1.2235115039507302e-14, 1.2235115039507302e-14, 1.2235115039507302e-14, 1.2235115039507302e-14, 1.2235115039507302e-14, 1.2235115039507302e-14, 1.2235115039507302e-14, 1.2235115039507302e-14, 1.2235115039507302e-14, 1.2235115039507302e-14, 1.2235115039507302e-14, 1.2235115039507302e-14, 1.2235115039507302e-14], 'selection_frequencies': [1.0, 0.0, 0.0, 0.0, 0.0, 0.0, 0.0, 0.0, 0.0, 0.0, 0.0, 0.0, 0.0, 0.0, 0.0, 0.0, 0.0, 0.0, 0.0, 0.0, 0.0, 0.0, 0.0, 0.0, 0.0, 0.0, 0.0, 0.0, 0.0, 0.0, 0.0, 0.0, 0.0, 0.0, 0.0, 0.0, 0.0, 0.0, 0.0, 0.0, 0.0, 0.0, 0.0, 0.0, 0.0, 0.0, 0.0, 0.0, 0.0, 0.0, 0.0, 0.0, 0.0, 0.0, 0.0, 0.0, 0.0, 0.0, 0.0, 0.0, 0.0, 0.0, 0.0, 0.0, 0.0, 0.0, 0.0, 0.0, 0.0, 0.0, 0.0, 0.0], 'spike_mask': [True, False, False, False, False, False, False, False, False, False, False, False, False, False, False, False, False, False, False, False, False, False, False, False, False, False, False, False, False, False, False, False, False, False, False, False, False, False, False, False, False, False, False, False, False, False, False, False, False, False, False, False, False, False, False, False, False, False, False, False, False, False, False, False, False, False, False, False, False, False, False, False], 'bulk_mask': [False, True, True, True, True, True, True, True, True, True, True, True, True, True, True, True, True, True, True, True, True, True, True, True, True, True, True, True, True, True, True, True, True, True, True, True, True, True, True, True, True, True, True, True, True, True, True, True, True, True, True, True, True, True, True, True, True, True, True, True, True, True, True, True, True, True, True, True, True, True, True, True]}","{'n_rows': 320, 'n_spike_components': 1, 'mean_signalness': 0.1708073504727708, 'median_signalness': 0.09290989316304238, 'high_signal_fraction': 0.1375, 'total_spike_energy': 10781.05560578568, 'total_bulk_energy': 27213.029777721174}","{'policy': 'excess_energy', 'total_budget': 64, 'requested_spike_share': 0.28375615564799755, 'resolved_spike_share': 0.28125, 'bulk_candidate_count': 276, 'spike_candidate_count': 44, 'bulk_selected_count': 46, 'spike_selected_count': 18, 'exact_budget': True}"
gaussian|snr=1|seed=101,completed,gaussian,1.0,0.9999999999999998,101,320,24,0.15,ok,68.1236280099636,1,0.9928768382352942,0.9737912879627324,0.9166666666666666,0.28125,1.875,64,64,True,0.25,"{'status': 'ok', 'empirical_bulk_edge': 68.1236280099636, 'n_components': 72, 'n_spikes': 1, 'spike_indices': [0], 'min_selection_frequency': 0.8, 'frequency_source': 'view_resampling', 'reason': 'stable components exceed the empirical null edge', 'singular_values': [121.36870918909644, 56.38437168557814, 54.824932639983125, 49.652582588749816, 49.443535625782935, 45.47708032549768, 44.05753105462349, 41.526789827139226, 40.68028941502736, 40.08808163873683, 38.01960715118721, 36.75816163828559, 35.21398360204313, 32.65495662221642, 30.642972525700706, 30.42746096148464, 28.72477431824507, 27.20051906059098, 26.533869530613728, 25.175461351491634, 22.311052054712988, 20.223766348515976, 18.945804704358792, 15.740548007125758, 1.2123907613037461e-14, 1.2123907613037461e-14, 1.2123907613037461e-14, 1.2123907613037461e-14, 1.2123907613037461e-14, 1.2123907613037461e-14, 1.2123907613037461e-14, 1.2123907613037461e-14, 1.2123907613037461e-14, 1.2123907613037461e-14, 1.2123907613037461e-14, 1.2123907613037461e-14, 1.2123907613037461e-14, 1.2123907613037461e-14, 1.2123907613037461e-14, 1.2123907613037461e-14, 1.2123907613037461e-14, 1.2123907613037461e-14, 1.2123907613037461e-14, 1.2123907613037461e-14, 1.2123907613037461e-14, 1.2123907613037461e-14, 1.2123907613037461e-14, 1.2123907613037461e-14, 1.2123907613037461e-14, 1.2123907613037461e-14, 1.2123907613037461e-14, 1.2123907613037461e-14, 1.2123907613037461e-14, 1.2123907613037461e-14, 1.2123907613037461e-14, 1.2123907613037461e-14, 1.2123907613037461e-14, 1.2123907613037461e-14, 1.2123907613037461e-14, 1.2123907613037461e-14, 1.2123907613037461e-14, 1.2123907613037461e-14, 1.2123907613037461e-14, 1.2123907613037461e-14, 1.2123907613037461e-14, 1.2123907613037461e-14, 1.2123907613037461e-14, 1.2123907613037461e-14, 1.2123907613037461e-14, 1.2123907613037461e-14, 1.2123907613037461e-14, 1.2123907613037461e-14], 'selection_frequencies': [1.0, 0.0, 0.0, 0.0, 0.0, 0.0, 0.0, 0.0, 0.0, 0.0, 0.0, 0.0, 0.0, 0.0, 0.0, 0.0, 0.0, 0.0, 0.0, 0.0, 0.0, 0.0, 0.0, 0.0, 0.0, 0.0, 0.0, 0.0, 0.0, 0.0, 0.0, 0.0, 0.0, 0.0, 0.0, 0.0, 0.0, 0.0, 0.0, 0.0, 0.0, 0.0, 0.0, 0.0, 0.0, 0.0, 0.0, 0.0, 0.0, 0.0, 0.0, 0.0, 0.0, 0.0, 0.0, 0.0, 0.0, 0.0, 0.0, 0.0, 0.0, 0.0, 0.0, 0.0, 0.0, 0.0, 0.0, 0.0, 0.0, 0.0, 0.0, 0.0], 'spike_mask': [True, False, False, False, False, False, False, False, False, False, False, False, False, False, False, False, False, False, False, False, False, False, False, False, False, False, False, False, False, False, False, False, False, False, False, False, False, False, False, False, False, False, False, False, False, False, False, False, False, False, False, False, False, False, False, False, False, False, False, False, False, False, False, False, False, False, False, False, False, False, False, False], 'bulk_mask': [False, True, True, True, True, True, True, True, True, True, True, True, True, True, True, True, True, True, True, True, True, True, True, True, True, True, True, True, True, True, True, True, True, True, True, True, True, True, True, True, True, True, True, True, True, True, True, True, True, True, True, True, True, True, True, True, True, True, True, True, True, True, True, True, True, True, True, True, True, True, True, True]}","{'n_rows': 320, 'n_spike_components': 1, 'mean_signalness': 0.14862732420898972, 'median_signalness': 0.0654793471110385, 'high_signal_fraction': 0.10625, 'total_spike_energy': 10089.534876987567, 'total_bulk_energy': 31474.82724328934}","{'policy': 'excess_energy', 'total_budget': 64, 'requested_spike_share': 0.24274485069182508, 'resolved_spike_share': 0.25, 'bulk_candidate_count': 286, 'spike_candidate_count': 34, 'bulk_selected_count': 48, 'spike_selected_count': 16, 'exact_budget': True}"
gaussian|snr=2|seed=11,completed,gaussian,2.0,1.9999999999999996,11,320,24,0.15,ok,64.55606331218367,1,0.9990808823529411,0.9952306578209966,0.9791666666666666,0.3125,2.0833333333333335,64,64,True,0.3125,"{'status': 'ok', 'empirical_bulk_edge': 64.55606331218367, 'n_components': 72, 'n_spikes': 1, 'spike_indices': [0], 'min_selection_frequency': 0.8, 'frequency_source': 'view_resampling', 'reason': 'stable components exceed the empirical null edge', 'singular_values': [130.32623550661447, 55.0183830364291, 51.357641856186106, 49.81097270501625, 45.12085572211008, 44.73051341998985, 42.1629903188965, 40.30838824333787, 38.190994656867524, 36.36420713094072, 36.13179808326099, 35.005845368075136, 32.02545917032381, 30.418162455217704, 28.82018550710373, 28.113537960001732, 24.65426631355755, 22.8871643940923, 21.146033810861223, 19.673490032611603, 17.667572753984146, 16.774218613114385, 14.162799422795189, 11.415950572536694, 1.3020406229832153e-14, 1.3020406229832153e-14, 1.3020406229832153e-14, 1.3020406229832153e-14, 1.3020406229832153e-14, 1.3020406229832153e-14, 1.3020406229832153e-14, 1.3020406229832153e-14, 1.3020406229832153e-14, 1.3020406229832153e-14, 1.3020406229832153e-14, 1.3020406229832153e-14, 1.3020406229832153e-14, 1.3020406229832153e-14, 1.3020406229832153e-14, 1.3020406229832153e-14, 1.3020406229832153e-14, 1.3020406229832153e-14, 1.3020406229832153e-14, 1.3020406229832153e-14, 1.3020406229832153e-14, 1.3020406229832153e-14, 1.3020406229832153e-14, 1.3020406229832153e-14, 1.3020406229832153e-14, 1.3020406229832153e-14, 1.3020406229832153e-14, 1.3020406229832153e-14, 1.3020406229832153e-14, 1.3020406229832153e-14, 1.3020406229832153e-14, 1.3020406229832153e-14, 1.3020406229832153e-14, 1.3020406229832153e-14, 1.3020406229832153e-14, 1.3020406229832153e-14, 1.3020406229832153e-14, 1.3020406229832153e-14, 1.3020406229832153e-14, 1.3020406229832153e-14, 1.3020406229832153e-14, 1.3020406229832153e-14, 1.3020406229832153e-14, 1.3020406229832153e-14, 1.3020406229832153e-14, 1.3020406229832153e-14, 1.3020406229832153e-14, 1.3020406229832153e-14], 'selection_frequencies': [1.0, 0.0, 0.0, 0.0, 0.0, 0.0, 0.0, 0.0, 0.0, 0.0, 0.0, 0.0, 0.0, 0.0, 0.0, 0.0, 0.0, 0.0, 0.0, 0.0, 0.0, 0.0, 0.0, 0.0, 0.0, 0.0, 0.0, 0.0, 0.0, 0.0, 0.0, 0.0, 0.0, 0.0, 0.0, 0.0, 0.0, 0.0, 0.0, 0.0, 0.0, 0.0, 0.0, 0.0, 0.0, 0.0, 0.0, 0.0, 0.0, 0.0, 0.0, 0.0, 0.0, 0.0, 0.0, 0.0, 0.0, 0.0, 0.0, 0.0, 0.0, 0.0, 0.0, 0.0, 0.0, 0.0, 0.0, 0.0, 0.0, 0.0, 0.0, 0.0], 'spike_mask': [True, False, False, False, False, False, False, False, False, False, False, False, False, False, False, False, False, False, False, False, False, False, False, False, False, False, False, False, False, False, False, False, False, False, False, False, False, False, False, False, False, False, False, False, False, False, False, False, False, False, False, False, False, False, False, False, False, False, False, False, False, False, False, False, False, False, False, False, False, False, False, False], 'bulk_mask': [False, True, True, True, True, True, True, True, True, True, True, True, True, True, True, True, True, True, True, True, True, True, True, True, True, True, True, True, True, True, True, True, True, True, True, True, True, True, True, True, True, True, True, True, True, True, True, True, True, True, True, True, True, True, True, True, True, True, True, True, True, True, True, True, True, True, True, True, True, True, True, True]}","{'n_rows': 320, 'n_spike_components': 1, 'mean_signalness': 0.1829981455435937, 'median_signalness': 0.10178287262016017, 'high_signal_fraction': 0.140625, 'total_spike_energy': 12817.442350958869, 'total_bulk_energy': 27358.932094948337}","{'policy': 'excess_energy', 'total_budget': 64, 'requested_spike_share': 0.31902934318316994, 'resolved_spike_share': 0.3125, 'bulk_candidate_count': 275, 'spike_candidate_count': 45, 'bulk_selected_count': 44, 'spike_selected_count': 20, 'exact_budget': True}"
gaussian|snr=2|seed=29,completed,gaussian,2.0,1.9999999999999996,29,320,24,0.15,ok,63.89539563807767,1,1.0,1.0,1.0,0.390625,2.604166666666667,64,64,True,0.390625,"{'status': 'ok', 'empirical_bulk_edge': 63.89539563807767, 'n_components': 72, 'n_spikes': 1, 'spike_indices': [0], 'min_selection_frequency': 0.8, 'frequency_source': 'view_resampling', 'reason': 'stable components exceed the empirical null edge', 'singular_values': [145.5242896638611, 51.93145038672363, 50.378245058335594, 49.27428126166577, 46.7845706385784, 44.49140068720889, 42.543003516699095, 40.46744200161318, 38.08633347513867, 36.96742660404734, 34.65122564676544, 34.02660292836319, 30.501428903461587, 28.87485761580918, 26.785036536357968, 25.068955992931237, 24.145497000386793, 20.55727584210552, 20.008404998561506, 19.342594728845764, 18.383189977903342, 16.506583637248735, 12.532329713937322, 11.644121024999587, 1.4540763651688282e-14, 1.4540763651688282e-14, 1.4540763651688282e-14, 1.4540763651688282e-14, 1.4540763651688282e-14, 1.4540763651688282e-14, 1.4540763651688282e-14, 1.4540763651688282e-14, 1.4540763651688282e-14, 1.4540763651688282e-14, 1.4540763651688282e-14, 1.4540763651688282e-14, 1.4540763651688282e-14, 1.4540763651688282e-14, 1.4540763651688282e-14, 1.4540763651688282e-14, 1.4540763651688282e-14, 1.4540763651688282e-14, 1.4540763651688282e-14, 1.4540763651688282e-14, 1.4540763651688282e-14, 1.4540763651688282e-14, 1.4540763651688282e-14, 1.4540763651688282e-14, 1.4540763651688282e-14, 1.4540763651688282e-14, 1.4540763651688282e-14, 1.4540763651688282e-14, 1.4540763651688282e-14, 1.4540763651688282e-14, 1.4540763651688282e-14, 1.4540763651688282e-14, 1.4540763651688282e-14, 1.4540763651688282e-14, 1.4540763651688282e-14, 1.4540763651688282e-14, 1.4540763651688282e-14, 1.4540763651688282e-14, 1.4540763651688282e-14, 1.4540763651688282e-14, 1.4540763651688282e-14, 1.4540763651688282e-14, 1.4540763651688282e-14, 1.4540763651688282e-14, 1.4540763651688282e-14, 1.4540763651688282e-14, 1.4540763651688282e-14, 1.4540763651688282e-14], 'selection_frequencies': [1.0, 0.0, 0.0, 0.0, 0.0, 0.0, 0.0, 0.0, 0.0, 0.0, 0.0, 0.0, 0.0, 0.0, 0.0, 0.0, 0.0, 0.0, 0.0, 0.0, 0.0, 0.0, 0.0, 0.0, 0.0, 0.0, 0.0, 0.0, 0.0, 0.0, 0.0, 0.0, 0.0, 0.0, 0.0, 0.0, 0.0, 0.0, 0.0, 0.0, 0.0, 0.0, 0.0, 0.0, 0.0, 0.0, 0.0, 0.0, 0.0, 0.0, 0.0, 0.0, 0.0, 0.0, 0.0, 0.0, 0.0, 0.0, 0.0, 0.0, 0.0, 0.0, 0.0, 0.0, 0.0, 0.0, 0.0, 0.0, 0.0, 0.0, 0.0, 0.0], 'spike_mask': [True, False, False, False, False, False, False, False, False, False, False, False, False, False, False, False, False, False, False, False, False, False, False, False, False, False, False, False, False, False, False, False, False, False, False, False, False, False, False, False, False, False, False, False, False, False, False, False, False, False, False, False, False, False, False, False, False, False, False, False, False, False, False, False, False, False, False, False, False, False, False, False], 'bulk_mask': [False, True, True, True, True, True, True, True, True, True, True, True, True, True, True, True, True, True, True, True, True, True, True, True, True, True, True, True, True, True, True, True, True, True, True, True, True, True, True, True, True, True, True, True, True, True, True, True, True, True, True, True, True, True, True, True, True, True, True, True, True, True, True, True, True, True, True, True, True, True, True, True]}","{'n_rows': 320, 'n_spike_components': 1, 'mean_signalness': 0.21941812073397743, 'median_signalness': 0.13449552313490176, 'high_signal_fraction': 0.15625, 'total_spike_energy': 17094.69729842487, 'total_bulk_energy': 26247.394257406064}","{'policy': 'excess_energy', 'total_budget': 64, 'requested_spike_share': 0.3944132985923028, 'resolved_spike_share': 0.390625, 'bulk_candidate_count': 270, 'spike_candidate_count': 50, 'bulk_selected_count': 39, 'spike_selected_count': 25, 'exact_budget': True}"
gaussian|snr=2|seed=47,completed,gaussian,2.0,2.0000000000000004,47,320,24,0.15,ok,66.69891559360387,1,1.0,1.0,1.0,0.359375,2.3958333333333335,64,64,True,0.359375,"{'status': 'ok', 'empirical_bulk_edge': 66.69891559360387, 'n_components': 72, 'n_spikes': 1, 'spike_indices': [0], 'min_selection_frequency': 0.8, 'frequency_source': 'view_resampling', 'reason': 'stable components exceed the empirical null edge', 'singular_values': [141.48099862638256, 53.360999021541055, 49.68523729546718, 48.423775034644756, 47.48511047474321, 46.64392190970793, 44.58861447644318, 41.43794634020729, 40.18223657284908, 38.236781116246604, 37.02780140642787, 33.45124509851235, 31.300963124502598, 28.902452749796456, 28.14497380215201, 26.245822206953232, 21.597090659869142, 21.561899695798555, 20.809935912824802, 18.785741577739408, 16.706843721193607, 15.562052333886795, 13.153355203829856, 11.60702184812783, 1.4136581436015041e-14, 1.4136581436015041e-14, 1.4136581436015041e-14, 1.4136581436015041e-14, 1.4136581436015041e-14, 1.4136581436015041e-14, 1.4136581436015041e-14, 1.4136581436015041e-14, 1.4136581436015041e-14, 1.4136581436015041e-14, 1.4136581436015041e-14, 1.4136581436015041e-14, 1.4136581436015041e-14, 1.4136581436015041e-14, 1.4136581436015041e-14, 1.4136581436015041e-14, 1.4136581436015041e-14, 1.4136581436015041e-14, 1.4136581436015041e-14, 1.4136581436015041e-14, 1.4136581436015041e-14, 1.4136581436015041e-14, 1.4136581436015041e-14, 1.4136581436015041e-14, 1.4136581436015041e-14, 1.4136581436015041e-14, 1.4136581436015041e-14, 1.4136581436015041e-14, 1.4136581436015041e-14, 1.4136581436015041e-14, 1.4136581436015041e-14, 1.4136581436015041e-14, 1.4136581436015041e-14, 1.4136581436015041e-14, 1.4136581436015041e-14, 1.4136581436015041e-14, 1.4136581436015041e-14, 1.4136581436015041e-14, 1.4136581436015041e-14, 1.4136581436015041e-14, 1.4136581436015041e-14, 1.4136581436015041e-14, 1.4136581436015041e-14, 1.4136581436015041e-14, 1.4136581436015041e-14, 1.4136581436015041e-14, 1.4136581436015041e-14, 1.4136581436015041e-14], 'selection_frequencies': [1.0, 0.0, 0.0, 0.0, 0.0, 0.0, 0.0, 0.0, 0.0, 0.0, 0.0, 0.0, 0.0, 0.0, 0.0, 0.0, 0.0, 0.0, 0.0, 0.0, 0.0, 0.0, 0.0, 0.0, 0.0, 0.0, 0.0, 0.0, 0.0, 0.0, 0.0, 0.0, 0.0, 0.0, 0.0, 0.0, 0.0, 0.0, 0.0, 0.0, 0.0, 0.0, 0.0, 0.0, 0.0, 0.0, 0.0, 0.0, 0.0, 0.0, 0.0, 0.0, 0.0, 0.0, 0.0, 0.0, 0.0, 0.0, 0.0, 0.0, 0.0, 0.0, 0.0, 0.0, 0.0, 0.0, 0.0, 0.0, 0.0, 0.0, 0.0, 0.0], 'spike_mask': [True, False, False, False, False, False, False, False, False, False, False, False, False, False, False, False, False, False, False, False, False, False, False, False, False, False, False, False, False, False, False, False, False, False, False, False, False, False, False, False, False, False, False, False, False, False, False, False, False, False, False, False, False, False, False, False, False, False, False, False, False, False, False, False, False, False, False, False, False, False, False, False], 'bulk_mask': [False, True, True, True, True, True, True, True, True, True, True, True, True, True, True, True, True, True, True, True, True, True, True, True, True, True, True, True, True, True, True, True, True, True, True, True, True, True, True, True, True, True, True, True, True, True, True, True, True, True, True, True, True, True, True, True, True, True, True, True, True, True, True, True, True, True, True, True, True, True, True, True]}","{'n_rows': 320, 'n_spike_components': 1, 'mean_signalness': 0.20468739322861493, 'median_signalness': 0.10664836167795615, 'high_signal_fraction': 0.15, 'total_spike_energy': 15568.127630955765, 'total_bulk_energy': 27205.749530963018}","{'policy': 'excess_energy', 'total_budget': 64, 'requested_spike_share': 0.36396344366967825, 'resolved_spike_share': 0.359375, 'bulk_candidate_count': 272, 'spike_candidate_count': 48, 'bulk_selected_count': 41, 'spike_selected_count': 23, 'exact_budget': True}"
gaussian|snr=2|seed=71,completed,gaussian,2.0,2.0000000000000004,71,320,24,0.15,ok,65.08550707805101,1,0.9998468137254902,0.9991666666666665,0.9791666666666666,0.390625,2.604166666666667,64,64,True,0.390625,"{'status': 'ok', 'empirical_bulk_edge': 65.08550707805101, 'n_components': 72, 'n_spikes': 1, 'spike_indices': [0], 'min_selection_frequency': 0.8, 'frequency_source': 'view_resampling', 'reason': 'stable components exceed the empirical null edge', 'singular_values': [136.83963433405725, 52.62770951404169, 48.19396810386475, 44.97014027275099, 43.28122995557093, 41.51129493060048, 40.70090084585596, 39.130051336786764, 36.401984034143915, 31.985007815615027, 30.32997888275303, 29.2775508106439, 27.53373974677614, 26.822749776314335, 25.613337108487723, 23.701532956946245, 22.991908346176054, 21.640384686967423, 19.275833021552724, 18.348403623165687, 16.84929853716944, 15.781093636402387, 14.006558589907081, 13.108489691121333, 1.3672976892065478e-14, 1.3672976892065478e-14, 1.3672976892065478e-14, 1.3672976892065478e-14, 1.3672976892065478e-14, 1.3672976892065478e-14, 1.3672976892065478e-14, 1.3672976892065478e-14, 1.3672976892065478e-14, 1.3672976892065478e-14, 1.3672976892065478e-14, 1.3672976892065478e-14, 1.3672976892065478e-14, 1.3672976892065478e-14, 1.3672976892065478e-14, 1.3672976892065478e-14, 1.3672976892065478e-14, 1.3672976892065478e-14, 1.3672976892065478e-14, 1.3672976892065478e-14, 1.3672976892065478e-14, 1.3672976892065478e-14, 1.3672976892065478e-14, 1.3672976892065478e-14, 1.3672976892065478e-14, 1.3672976892065478e-14, 1.3672976892065478e-14, 1.3672976892065478e-14, 1.3672976892065478e-14, 1.3672976892065478e-14, 1.3672976892065478e-14, 1.3672976892065478e-14, 1.3672976892065478e-14, 1.3672976892065478e-14, 1.3672976892065478e-14, 1.3672976892065478e-14, 1.3672976892065478e-14, 1.3672976892065478e-14, 1.3672976892065478e-14, 1.3672976892065478e-14, 1.3672976892065478e-14, 1.3672976892065478e-14, 1.3672976892065478e-14, 1.3672976892065478e-14, 1.3672976892065478e-14, 1.3672976892065478e-14, 1.3672976892065478e-14, 1.3672976892065478e-14], 'selection_frequencies': [1.0, 0.0, 0.0, 0.0, 0.0, 0.0, 0.0, 0.0, 0.0, 0.0, 0.0, 0.0, 0.0, 0.0, 0.0, 0.0, 0.0, 0.0, 0.0, 0.0, 0.0, 0.0, 0.0, 0.0, 0.0, 0.0, 0.0, 0.0, 0.0, 0.0, 0.0, 0.0, 0.0, 0.0, 0.0, 0.0, 0.0, 0.0, 0.0, 0.0, 0.0, 0.0, 0.0, 0.0, 0.0, 0.0, 0.0, 0.0, 0.0, 0.0, 0.0, 0.0, 0.0, 0.0, 0.0, 0.0, 0.0, 0.0, 0.0, 0.0, 0.0, 0.0, 0.0, 0.0, 0.0, 0.0, 0.0, 0.0, 0.0, 0.0, 0.0, 0.0], 'spike_mask': [True, False, False, False, False, False, False, False, False, False, False, False, False, False, False, False, False, False, False, False, False, False, False, False, False, False, False, False, False, False, False, False, False, False, False, False, False, False, False, False, False, False, False, False, False, False, False, False, False, False, False, False, False, False, False, False, False, False, False, False, False, False, False, False, False, False, False, False, False, False, False, False], 'bulk_mask': [False, True, True, True, True, True, True, True, True, True, True, True, True, True, True, True, True, True, True, True, True, True, True, True, True, True, True, True, True, True, True, True, True, True, True, True, True, True, True, True, True, True, True, True, True, True, True, True, True, True, True, True, True, True, True, True, True, True, True, True, True, True, True, True, True, True, True, True, True, True, True, True]}","{'n_rows': 320, 'n_spike_components': 1, 'mean_signalness': 0.2115232992049095, 'median_signalness': 0.1319956887933041, 'high_signal_fraction': 0.14375, 'total_spike_energy': 14488.962293071461, 'total_bulk_energy': 23325.53852250355}","{'policy': 'excess_energy', 'total_budget': 64, 'requested_spike_share': 0.3831588935613757, 'resolved_spike_share': 0.390625, 'bulk_candidate_count': 274, 'spike_candidate_count': 46, 'bulk_selected_count': 39, 'spike_selected_count': 25, 'exact_budget': True}"
gaussian|snr=2|seed=101,completed,gaussian,2.0,1.9999999999999996,101,320,24,0.15,ok,67.54239052638599,1,0.9972426470588235,0.987514863690784,0.9375,0.40625,2.7083333333333335,64,64,True,0.359375,"{'status': 'ok', 'empirical_bulk_edge': 67.54239052638599, 'n_components': 72, 'n_spikes': 1, 'spike_indices': [0], 'min_selection_frequency': 0.8, 'frequency_source': 'view_resampling', 'reason': 'stable components exceed the empirical null edge', 'singular_values': [139.17721450215578, 55.45087577309014, 51.960918265707235, 48.45835635800689, 45.92918107143418, 42.71304151836403, 40.52158039046791, 39.248435521551635, 37.56148666791849, 37.1631939419797, 35.34705385863446, 33.91794299528881, 31.38759612722632, 29.017814319622733, 27.61290387700035, 27.315523770787745, 24.84360738637026, 23.54242084116163, 22.772431486040134, 21.257936236291247, 19.37735012935672, 16.001871650645104, 14.668930332103393, 11.935725114946344, 1.3906016402827783e-14, 1.3906016402827783e-14, 1.3906016402827783e-14, 1.3906016402827783e-14, 1.3906016402827783e-14, 1.3906016402827783e-14, 1.3906016402827783e-14, 1.3906016402827783e-14, 1.3906016402827783e-14, 1.3906016402827783e-14, 1.3906016402827783e-14, 1.3906016402827783e-14, 1.3906016402827783e-14, 1.3906016402827783e-14, 1.3906016402827783e-14, 1.3906016402827783e-14, 1.3906016402827783e-14, 1.3906016402827783e-14, 1.3906016402827783e-14, 1.3906016402827783e-14, 1.3906016402827783e-14, 1.3906016402827783e-14, 1.3906016402827783e-14, 1.3906016402827783e-14, 1.3906016402827783e-14, 1.3906016402827783e-14, 1.3906016402827783e-14, 1.3906016402827783e-14, 1.3906016402827783e-14, 1.3906016402827783e-14, 1.3906016402827783e-14, 1.3906016402827783e-14, 1.3906016402827783e-14, 1.3906016402827783e-14, 1.3906016402827783e-14, 1.3906016402827783e-14, 1.3906016402827783e-14, 1.3906016402827783e-14, 1.3906016402827783e-14, 1.3906016402827783e-14, 1.3906016402827783e-14, 1.3906016402827783e-14, 1.3906016402827783e-14, 1.3906016402827783e-14, 1.3906016402827783e-14, 1.3906016402827783e-14, 1.3906016402827783e-14, 1.3906016402827783e-14], 'selection_frequencies': [1.0, 0.0, 0.0, 0.0, 0.0, 0.0, 0.0, 0.0, 0.0, 0.0, 0.0, 0.0, 0.0, 0.0, 0.0, 0.0, 0.0, 0.0, 0.0, 0.0, 0.0, 0.0, 0.0, 0.0, 0.0, 0.0, 0.0, 0.0, 0.0, 0.0, 0.0, 0.0, 0.0, 0.0, 0.0, 0.0, 0.0, 0.0, 0.0, 0.0, 0.0, 0.0, 0.0, 0.0, 0.0, 0.0, 0.0, 0.0, 0.0, 0.0, 0.0, 0.0, 0.0, 0.0, 0.0, 0.0, 0.0, 0.0, 0.0, 0.0, 0.0, 0.0, 0.0, 0.0, 0.0, 0.0, 0.0, 0.0, 0.0, 0.0, 0.0, 0.0], 'spike_mask': [True, False, False, False, False, False, False, False, False, False, False, False, False, False, False, False, False, False, False, False, False, False, False, False, False, False, False, False, False, False, False, False, False, False, False, False, False, False, False, False, False, False, False, False, False, False, False, False, False, False, False, False, False, False, False, False, False, False, False, False, False, False, False, False, False, False, False, False, False, False, False, False], 'bulk_mask': [False, True, True, True, True, True, True, True, True, True, True, True, True, True, True, True, True, True, True, True, True, True, True, True, True, True, True, True, True, True, True, True, True, True, True, True, True, True, True, True, True, True, True, True, True, True, True, True, True, True, True, True, True, True, True, True, True, True, True, True, True, True, True, True, True, True, True, True, True, True, True, True]}","{'n_rows': 320, 'n_spike_components': 1, 'mean_signalness': 0.19725062259501716, 'median_signalness': 0.10724485240095365, 'high_signal_fraction': 0.128125, 'total_spike_energy': 14808.322518560253, 'total_bulk_energy': 26898.02962723776}","{'policy': 'excess_energy', 'total_budget': 64, 'requested_spike_share': 0.3550615615288766, 'resolved_spike_share': 0.359375, 'bulk_candidate_count': 279, 'spike_candidate_count': 41, 'bulk_selected_count': 41, 'spike_selected_count': 23, 'exact_budget': True}"
student_t|snr=0.5|seed=11,completed,student_t,0.5,0.4999999999999998,11,320,24,0.15,ok,68.48528406218789,1,0.9981617647058824,0.9899123073007046,0.9375,0.1875,1.25,64,64,True,0.125,"{'status': 'ok', 'empirical_bulk_edge': 68.48528406218789, 'n_components': 72, 'n_spikes': 1, 'spike_indices': [0], 'min_selection_frequency': 0.8, 'frequency_source': 'view_resampling', 'reason': 'stable components exceed the empirical null edge', 'singular_values': [98.35238766795544, 57.14449314847821, 55.61216189064844, 53.2184825305091, 52.97421933032721, 48.579323072935914, 46.56578813739109, 44.777182733222794, 43.671352402916206, 40.74166954348377, 39.16288719225903, 37.97397255735158, 35.12845188148956, 34.88356448950036, 34.01853685794613, 32.555542383426186, 31.71882491495736, 31.05971355362776, 28.708583385450197, 27.20931256556318, 25.828719201142505, 23.5880788539903, 22.044496020530772, 18.340781025320265, 9.79391892091508e-15, 9.79391892091508e-15, 9.79391892091508e-15, 9.79391892091508e-15, 9.79391892091508e-15, 9.79391892091508e-15, 9.79391892091508e-15, 9.79391892091508e-15, 9.79391892091508e-15, 9.79391892091508e-15, 9.79391892091508e-15, 9.79391892091508e-15, 9.79391892091508e-15, 9.79391892091508e-15, 9.79391892091508e-15, 9.79391892091508e-15, 9.79391892091508e-15, 9.79391892091508e-15, 9.79391892091508e-15, 9.79391892091508e-15, 9.79391892091508e-15, 9.79391892091508e-15, 9.79391892091508e-15, 9.79391892091508e-15, 9.79391892091508e-15, 9.79391892091508e-15, 9.79391892091508e-15, 9.79391892091508e-15, 9.79391892091508e-15, 9.79391892091508e-15, 9.79391892091508e-15, 9.79391892091508e-15, 9.79391892091508e-15, 9.79391892091508e-15, 9.79391892091508e-15, 9.79391892091508e-15, 9.79391892091508e-15, 9.79391892091508e-15, 9.79391892091508e-15, 9.79391892091508e-15, 9.79391892091508e-15, 9.79391892091508e-15, 9.79391892091508e-15, 9.79391892091508e-15, 9.79391892091508e-15, 9.79391892091508e-15, 9.79391892091508e-15, 9.79391892091508e-15], 'selection_frequencies': [1.0, 0.0, 0.0, 0.0, 0.0, 0.0, 0.0, 0.0, 0.0, 0.0, 0.0, 0.0, 0.0, 0.0, 0.0, 0.0, 0.0, 0.0, 0.0, 0.0, 0.0, 0.0, 0.0, 0.0, 0.0, 0.0, 0.0, 0.0, 0.0, 0.0, 0.0, 0.0, 0.0, 0.0, 0.0, 0.0, 0.0, 0.0, 0.0, 0.0, 0.0, 0.0, 0.0, 0.0, 0.0, 0.0, 0.0, 0.0, 0.0, 0.0, 0.0, 0.0, 0.0, 0.0, 0.0, 0.0, 0.0, 0.0, 0.0, 0.0, 0.0, 0.0, 0.0, 0.0, 0.0, 0.0, 0.0, 0.0, 0.0, 0.0, 0.0, 0.0], 'spike_mask': [True, False, False, False, False, False, False, False, False, False, False, False, False, False, False, False, False, False, False, False, False, False, False, False, False, False, False, False, False, False, False, False, False, False, False, False, False, False, False, False, False, False, False, False, False, False, False, False, False, False, False, False, False, False, False, False, False, False, False, False, False, False, False, False, False, False, False, False, False, False, False, False], 'bulk_mask': [False, True, True, True, True, True, True, True, True, True, True, True, True, True, True, True, True, True, True, True, True, True, True, True, True, True, True, True, True, True, True, True, True, True, True, True, True, True, True, True, True, True, True, True, True, True, True, True, True, True, True, True, True, True, True, True, True, True, True, True, True, True, True, True, True, True, True, True, True, True, True, True]}","{'n_rows': 320, 'n_spike_components': 1, 'mean_signalness': 0.09290855941223723, 'median_signalness': 0.03767838657963406, 'high_signal_fraction': 0.028125, 'total_spike_energy': 4982.958026909229, 'total_bulk_energy': 35322.00353160985}","{'policy': 'excess_energy', 'total_budget': 64, 'requested_spike_share': 0.12363138021294066, 'resolved_spike_share': 0.125, 'bulk_candidate_count': 311, 'spike_candidate_count': 9, 'bulk_selected_count': 56, 'spike_selected_count': 8, 'exact_budget': True}"
student_t|snr=0.5|seed=29,completed,student_t,0.5,0.5000000000000001,29,320,24,0.15,ok,64.58591321476727,1,0.9806985294117646,0.9501817055729599,0.875,0.203125,1.3541666666666667,64,64,True,0.171875,"{'status': 'ok', 'empirical_bulk_edge': 64.58591321476727, 'n_components': 72, 'n_spikes': 1, 'spike_indices': [0], 'min_selection_frequency': 0.8, 'frequency_source': 'view_resampling', 'reason': 'stable components exceed the empirical null edge', 'singular_values': [108.21123496773677, 57.64653266911387, 56.56132156031688, 54.4168426175156, 50.35055729014024, 47.279353141802446, 45.5721714885129, 43.981206342927564, 43.455918901020546, 40.66709774391453, 39.17569648769069, 38.29083974102127, 37.163512485940934, 36.45734432076171, 33.69825617753279, 33.36524974107335, 31.200088888580293, 29.0161159594444, 27.251429555961522, 26.365930954167414, 24.436555964467775, 24.225560540462535, 21.424867605475274, 17.21892336293392, 1.0810110012938935e-14, 1.0810110012938935e-14, 1.0810110012938935e-14, 1.0810110012938935e-14, 1.0810110012938935e-14, 1.0810110012938935e-14, 1.0810110012938935e-14, 1.0810110012938935e-14, 1.0810110012938935e-14, 1.0810110012938935e-14, 1.0810110012938935e-14, 1.0810110012938935e-14, 1.0810110012938935e-14, 1.0810110012938935e-14, 1.0810110012938935e-14, 1.0810110012938935e-14, 1.0810110012938935e-14, 1.0810110012938935e-14, 1.0810110012938935e-14, 1.0810110012938935e-14, 1.0810110012938935e-14, 1.0810110012938935e-14, 1.0810110012938935e-14, 1.0810110012938935e-14, 1.0810110012938935e-14, 1.0810110012938935e-14, 1.0810110012938935e-14, 1.0810110012938935e-14, 1.0810110012938935e-14, 1.0810110012938935e-14, 1.0810110012938935e-14, 1.0810110012938935e-14, 1.0810110012938935e-14, 1.0810110012938935e-14, 1.0810110012938935e-14, 1.0810110012938935e-14, 1.0810110012938935e-14, 1.0810110012938935e-14, 1.0810110012938935e-14, 1.0810110012938935e-14, 1.0810110012938935e-14, 1.0810110012938935e-14, 1.0810110012938935e-14, 1.0810110012938935e-14, 1.0810110012938935e-14, 1.0810110012938935e-14, 1.0810110012938935e-14, 1.0810110012938935e-14], 'selection_frequencies': [1.0, 0.0, 0.0, 0.0, 0.0, 0.0, 0.0, 0.0, 0.0, 0.0, 0.0, 0.0, 0.0, 0.0, 0.0, 0.0, 0.0, 0.0, 0.0, 0.0, 0.0, 0.0, 0.0, 0.0, 0.0, 0.0, 0.0, 0.0, 0.0, 0.0, 0.0, 0.0, 0.0, 0.0, 0.0, 0.0, 0.0, 0.0, 0.0, 0.0, 0.0, 0.0, 0.0, 0.0, 0.0, 0.0, 0.0, 0.0, 0.0, 0.0, 0.0, 0.0, 0.0, 0.0, 0.0, 0.0, 0.0, 0.0, 0.0, 0.0, 0.0, 0.0, 0.0, 0.0, 0.0, 0.0, 0.0, 0.0, 0.0, 0.0, 0.0, 0.0], 'spike_mask': [True, False, False, False, False, False, False, False, False, False, False, False, False, False, False, False, False, False, False, False, False, False, False, False, False, False, False, False, False, False, False, False, False, False, False, False, False, False, False, False, False, False, False, False, False, False, False, False, False, False, False, False, False, False, False, False, False, False, False, False, False, False, False, False, False, False, False, False, False, False, False, False], 'bulk_mask': [False, True, True, True, True, True, True, True, True, True, True, True, True, True, True, True, True, True, True, True, True, True, True, True, True, True, True, True, True, True, True, True, True, True, True, True, True, True, True, True, True, True, True, True, True, True, True, True, True, True, True, True, True, True, True, True, True, True, True, True, True, True, True, True, True, True, True, True, True, True, True, True]}","{'n_rows': 320, 'n_spike_components': 1, 'mean_signalness': 0.12770939764620493, 'median_signalness': 0.04813277016168123, 'high_signal_fraction': 0.090625, 'total_spike_energy': 7538.331187457287, 'total_bulk_energy': 34960.1366536379}","{'policy': 'excess_energy', 'total_budget': 64, 'requested_spike_share': 0.1773788931790117, 'resolved_spike_share': 0.171875, 'bulk_candidate_count': 291, 'spike_candidate_count': 29, 'bulk_selected_count': 53, 'spike_selected_count': 11, 'exact_budget': True}"
student_t|snr=0.5|seed=47,completed,student_t,0.5,0.5000000000000001,47,320,24,0.15,ok,64.92935092106015,1,0.9969362745098039,0.9862915267602768,0.9375,0.265625,1.7708333333333335,64,64,True,0.1875,"{'status': 'ok', 'empirical_bulk_edge': 64.92935092106015, 'n_components': 72, 'n_spikes': 1, 'spike_indices': [0], 'min_selection_frequency': 0.8, 'frequency_source': 'view_resampling', 'reason': 'stable components exceed the empirical null edge', 'singular_values': [111.52365956312522, 56.583959622316364, 53.83534883971699, 51.29644201335878, 49.56166681116712, 48.62687930205172, 46.664943740773424, 45.130331488464996, 42.09438293256326, 41.88404088667998, 39.6265304632298, 37.30569470009221, 36.66598316436698, 34.96297315522948, 34.39585713410641, 34.1272452908163, 30.27644909473316, 29.63713598194981, 29.085243358568118, 25.877423577151998, 24.632726076536983, 21.60710831035312, 21.375647923332785, 16.918481968121984, 1.1135000352818466e-14, 1.1135000352818466e-14, 1.1135000352818466e-14, 1.1135000352818466e-14, 1.1135000352818466e-14, 1.1135000352818466e-14, 1.1135000352818466e-14, 1.1135000352818466e-14, 1.1135000352818466e-14, 1.1135000352818466e-14, 1.1135000352818466e-14, 1.1135000352818466e-14, 1.1135000352818466e-14, 1.1135000352818466e-14, 1.1135000352818466e-14, 1.1135000352818466e-14, 1.1135000352818466e-14, 1.1135000352818466e-14, 1.1135000352818466e-14, 1.1135000352818466e-14, 1.1135000352818466e-14, 1.1135000352818466e-14, 1.1135000352818466e-14, 1.1135000352818466e-14, 1.1135000352818466e-14, 1.1135000352818466e-14, 1.1135000352818466e-14, 1.1135000352818466e-14, 1.1135000352818466e-14, 1.1135000352818466e-14, 1.1135000352818466e-14, 1.1135000352818466e-14, 1.1135000352818466e-14, 1.1135000352818466e-14, 1.1135000352818466e-14, 1.1135000352818466e-14, 1.1135000352818466e-14, 1.1135000352818466e-14, 1.1135000352818466e-14, 1.1135000352818466e-14, 1.1135000352818466e-14, 1.1135000352818466e-14, 1.1135000352818466e-14, 1.1135000352818466e-14, 1.1135000352818466e-14, 1.1135000352818466e-14, 1.1135000352818466e-14, 1.1135000352818466e-14], 'selection_frequencies': [1.0, 0.0, 0.0, 0.0, 0.0, 0.0, 0.0, 0.0, 0.0, 0.0, 0.0, 0.0, 0.0, 0.0, 0.0, 0.0, 0.0, 0.0, 0.0, 0.0, 0.0, 0.0, 0.0, 0.0, 0.0, 0.0, 0.0, 0.0, 0.0, 0.0, 0.0, 0.0, 0.0, 0.0, 0.0, 0.0, 0.0, 0.0, 0.0, 0.0, 0.0, 0.0, 0.0, 0.0, 0.0, 0.0, 0.0, 0.0, 0.0, 0.0, 0.0, 0.0, 0.0, 0.0, 0.0, 0.0, 0.0, 0.0, 0.0, 0.0, 0.0, 0.0, 0.0, 0.0, 0.0, 0.0, 0.0, 0.0, 0.0, 0.0, 0.0, 0.0], 'spike_mask': [True, False, False, False, False, False, False, False, False, False, False, False, False, False, False, False, False, False, False, False, False, False, False, False, False, False, False, False, False, False, False, False, False, False, False, False, False, False, False, False, False, False, False, False, False, False, False, False, False, False, False, False, False, False, False, False, False, False, False, False, False, False, False, False, False, False, False, False, False, False, False, False], 'bulk_mask': [False, True, True, True, True, True, True, True, True, True, True, True, True, True, True, True, True, True, True, True, True, True, True, True, True, True, True, True, True, True, True, True, True, True, True, True, True, True, True, True, True, True, True, True, True, True, True, True, True, True, True, True, True, True, True, True, True, True, True, True, True, True, True, True, True, True, True, True, True, True, True, True]}","{'n_rows': 320, 'n_spike_components': 1, 'mean_signalness': 0.141632402692679, 'median_signalness': 0.06077866024901872, 'high_signal_fraction': 0.1, 'total_spike_energy': 8221.706031321672, 'total_bulk_energy': 34296.75194924405}","{'policy': 'excess_energy', 'total_budget': 64, 'requested_spike_share': 0.19336792588008808, 'resolved_spike_share': 0.1875, 'bulk_candidate_count': 288, 'spike_candidate_count': 32, 'bulk_selected_count': 52, 'spike_selected_count': 12, 'exact_budget': True}"
student_t|snr=0.5|seed=71,completed,student_t,0.5,0.5000000000000001,71,320,24,0.15,ok,63.94886190559511,1,0.9960171568627451,0.9823135940085589,0.9166666666666666,0.171875,1.1458333333333335,64,64,True,0.171875,"{'status': 'ok', 'empirical_bulk_edge': 63.94886190559511, 'n_components': 72, 'n_spikes': 1, 'spike_indices': [0], 'min_selection_frequency': 0.8, 'frequency_source': 'view_resampling', 'reason': 'stable components exceed the empirical null edge', 'singular_values': [102.41332810750993, 57.63796537330324, 53.93223430259373, 50.63347450008632, 50.28452506917839, 44.99009951541279, 43.382404226406564, 41.881160734046624, 41.450875576783865, 39.95233704208065, 36.705674240851046, 35.79844958539329, 34.35098581682472, 32.89064132447392, 32.33676543449937, 29.680073335936036, 28.79282460391408, 28.14337355284853, 27.633195412472883, 26.748435229937094, 23.857536980789778, 23.463171997390944, 22.216252999089868, 19.398984585882086, 1.0224074854996182e-14, 1.0224074854996182e-14, 1.0224074854996182e-14, 1.0224074854996182e-14, 1.0224074854996182e-14, 1.0224074854996182e-14, 1.0224074854996182e-14, 1.0224074854996182e-14, 1.0224074854996182e-14, 1.0224074854996182e-14, 1.0224074854996182e-14, 1.0224074854996182e-14, 1.0224074854996182e-14, 1.0224074854996182e-14, 1.0224074854996182e-14, 1.0224074854996182e-14, 1.0224074854996182e-14, 1.0224074854996182e-14, 1.0224074854996182e-14, 1.0224074854996182e-14, 1.0224074854996182e-14, 1.0224074854996182e-14, 1.0224074854996182e-14, 1.0224074854996182e-14, 1.0224074854996182e-14, 1.0224074854996182e-14, 1.0224074854996182e-14, 1.0224074854996182e-14, 1.0224074854996182e-14, 1.0224074854996182e-14, 1.0224074854996182e-14, 1.0224074854996182e-14, 1.0224074854996182e-14, 1.0224074854996182e-14, 1.0224074854996182e-14, 1.0224074854996182e-14, 1.0224074854996182e-14, 1.0224074854996182e-14, 1.0224074854996182e-14, 1.0224074854996182e-14, 1.0224074854996182e-14, 1.0224074854996182e-14, 1.0224074854996182e-14, 1.0224074854996182e-14, 1.0224074854996182e-14, 1.0224074854996182e-14, 1.0224074854996182e-14, 1.0224074854996182e-14], 'selection_frequencies': [1.0, 0.0, 0.0, 0.0, 0.0, 0.0, 0.0, 0.0, 0.0, 0.0, 0.0, 0.0, 0.0, 0.0, 0.0, 0.0, 0.0, 0.0, 0.0, 0.0, 0.0, 0.0, 0.0, 0.0, 0.0, 0.0, 0.0, 0.0, 0.0, 0.0, 0.0, 0.0, 0.0, 0.0, 0.0, 0.0, 0.0, 0.0, 0.0, 0.0, 0.0, 0.0, 0.0, 0.0, 0.0, 0.0, 0.0, 0.0, 0.0, 0.0, 0.0, 0.0, 0.0, 0.0, 0.0, 0.0, 0.0, 0.0, 0.0, 0.0, 0.0, 0.0, 0.0, 0.0, 0.0, 0.0, 0.0, 0.0, 0.0, 0.0, 0.0, 0.0], 'spike_mask': [True, False, False, False, False, False, False, False, False, False, False, False, False, False, False, False, False, False, False, False, False, False, False, False, False, False, False, False, False, False, False, False, False, False, False, False, False, False, False, False, False, False, False, False, False, False, False, False, False, False, False, False, False, False, False, False, False, False, False, False, False, False, False, False, False, False, False, False, False, False, False, False], 'bulk_mask': [False, True, True, True, True, True, True, True, True, True, True, True, True, True, True, True, True, True, True, True, True, True, True, True, True, True, True, True, True, True, True, True, True, True, True, True, True, True, True, True, True, True, True, True, True, True, True, True, True, True, True, True, True, True, True, True, True, True, True, True, True, True, True, True, True, True, True, True, True, True, True, True]}","{'n_rows': 320, 'n_spike_components': 1, 'mean_signalness': 0.12644648222047844, 'median_signalness': 0.0466094245464438, 'high_signal_fraction': 0.08125, 'total_spike_energy': 6399.032835035618, 'total_bulk_energy': 32204.56783745628}","{'policy': 'excess_energy', 'total_budget': 64, 'requested_spike_share': 0.16576259010977262, 'resolved_spike_share': 0.171875, 'bulk_candidate_count': 294, 'spike_candidate_count': 26, 'bulk_selected_count': 53, 'spike_selected_count': 11, 'exact_budget': True}"
student_t|snr=0.5|seed=101,completed,student_t,0.5,0.4999999999999999,101,320,24,0.15,ok,67.91836520053167,1,0.9970894607843137,0.9851662605575073,0.9166666666666666,0.21875,1.4583333333333335,64,64,True,0.140625,"{'status': 'ok', 'empirical_bulk_edge': 67.91836520053167, 'n_components': 72, 'n_spikes': 1, 'spike_indices': [0], 'min_selection_frequency': 0.8, 'frequency_source': 'view_resampling', 'reason': 'stable components exceed the empirical null edge', 'singular_values': [101.4924409147479, 63.44355654908999, 54.904892352761436, 51.49883507664112, 49.70454369875045, 48.66264537771858, 47.25738928459269, 46.22468115715335, 42.9868780096134, 41.498765351136505, 40.913765925686754, 39.77260410432411, 39.222380360329616, 36.565869310589626, 34.04061404810094, 33.62450062856113, 31.620613634745, 30.06965408765383, 29.00543316426823, 25.453961230991517, 23.90651023553686, 23.407005692710744, 21.62857863914518, 19.968939147050655, 1.0130295983309783e-14, 1.0130295983309783e-14, 1.0130295983309783e-14, 1.0130295983309783e-14, 1.0130295983309783e-14, 1.0130295983309783e-14, 1.0130295983309783e-14, 1.0130295983309783e-14, 1.0130295983309783e-14, 1.0130295983309783e-14, 1.0130295983309783e-14, 1.0130295983309783e-14, 1.0130295983309783e-14, 1.0130295983309783e-14, 1.0130295983309783e-14, 1.0130295983309783e-14, 1.0130295983309783e-14, 1.0130295983309783e-14, 1.0130295983309783e-14, 1.0130295983309783e-14, 1.0130295983309783e-14, 1.0130295983309783e-14, 1.0130295983309783e-14, 1.0130295983309783e-14, 1.0130295983309783e-14, 1.0130295983309783e-14, 1.0130295983309783e-14, 1.0130295983309783e-14, 1.0130295983309783e-14, 1.0130295983309783e-14, 1.0130295983309783e-14, 1.0130295983309783e-14, 1.0130295983309783e-14, 1.0130295983309783e-14, 1.0130295983309783e-14, 1.0130295983309783e-14, 1.0130295983309783e-14, 1.0130295983309783e-14, 1.0130295983309783e-14, 1.0130295983309783e-14, 1.0130295983309783e-14, 1.0130295983309783e-14, 1.0130295983309783e-14, 1.0130295983309783e-14, 1.0130295983309783e-14, 1.0130295983309783e-14, 1.0130295983309783e-14, 1.0130295983309783e-14], 'selection_frequencies': [1.0, 0.0, 0.0, 0.0, 0.0, 0.0, 0.0, 0.0, 0.0, 0.0, 0.0, 0.0, 0.0, 0.0, 0.0, 0.0, 0.0, 0.0, 0.0, 0.0, 0.0, 0.0, 0.0, 0.0, 0.0, 0.0, 0.0, 0.0, 0.0, 0.0, 0.0, 0.0, 0.0, 0.0, 0.0, 0.0, 0.0, 0.0, 0.0, 0.0, 0.0, 0.0, 0.0, 0.0, 0.0, 0.0, 0.0, 0.0, 0.0, 0.0, 0.0, 0.0, 0.0, 0.0, 0.0, 0.0, 0.0, 0.0, 0.0, 0.0, 0.0, 0.0, 0.0, 0.0, 0.0, 0.0, 0.0, 0.0, 0.0, 0.0, 0.0, 0.0], 'spike_mask': [True, False, False, False, False, False, False, False, False, False, False, False, False, False, False, False, False, False, False, False, False, False, False, False, False, False, False, False, False, False, False, False, False, False, False, False, False, False, False, False, False, False, False, False, False, False, False, False, False, False, False, False, False, False, False, False, False, False, False, False, False, False, False, False, False, False, False, False, False, False, False, False], 'bulk_mask': [False, True, True, True, True, True, True, True, True, True, True, True, True, True, True, True, True, True, True, True, True, True, True, True, True, True, True, True, True, True, True, True, True, True, True, True, True, True, True, True, True, True, True, True, True, True, True, True, True, True, True, True, True, True, True, True, True, True, True, True, True, True, True, True, True, True, True, True, True, True, True, True]}","{'n_rows': 320, 'n_spike_components': 1, 'mean_signalness': 0.10828806887429265, 'median_signalness': 0.03798075126595278, 'high_signal_fraction': 0.05, 'total_spike_energy': 5687.811231320798, 'total_bulk_energy': 36270.21233938956}","{'policy': 'excess_energy', 'total_budget': 64, 'requested_spike_share': 0.13555956041960204, 'resolved_spike_share': 0.140625, 'bulk_candidate_count': 304, 'spike_candidate_count': 16, 'bulk_selected_count': 55, 'spike_selected_count': 9, 'exact_budget': True}"
student_t|snr=1|seed=11,completed,student_t,1.0,0.9999999999999993,11,320,24,0.15,ok,68.64463370662624,1,0.9998468137254902,0.9991666666666665,0.9791666666666666,0.234375,1.5625,64,64,True,0.203125,"{'status': 'ok', 'empirical_bulk_edge': 68.64463370662624, 'n_components': 72, 'n_spikes': 1, 'spike_indices': [0], 'min_selection_frequency': 0.8, 'frequency_source': 'view_resampling', 'reason': 'stable components exceed the empirical null edge', 'singular_values': [113.25055816655343, 56.830005428116586, 54.40601355659086, 51.39048414463893, 49.30474129644711, 46.992786461635774, 45.08176979384648, 42.745860663082304, 41.44126088275635, 39.48725311610417, 36.299416066661976, 36.0533670437028, 33.728622572823554, 32.51624006880231, 31.222925059034797, 30.7152461543556, 29.548734389128544, 28.53292059897442, 24.538874721153423, 23.20249933677785, 23.06764302772762, 19.649882870539543, 18.395791497802055, 14.705170114685256, 1.1308120799240584e-14, 1.1308120799240584e-14, 1.1308120799240584e-14, 1.1308120799240584e-14, 1.1308120799240584e-14, 1.1308120799240584e-14, 1.1308120799240584e-14, 1.1308120799240584e-14, 1.1308120799240584e-14, 1.1308120799240584e-14, 1.1308120799240584e-14, 1.1308120799240584e-14, 1.1308120799240584e-14, 1.1308120799240584e-14, 1.1308120799240584e-14, 1.1308120799240584e-14, 1.1308120799240584e-14, 1.1308120799240584e-14, 1.1308120799240584e-14, 1.1308120799240584e-14, 1.1308120799240584e-14, 1.1308120799240584e-14, 1.1308120799240584e-14, 1.1308120799240584e-14, 1.1308120799240584e-14, 1.1308120799240584e-14, 1.1308120799240584e-14, 1.1308120799240584e-14, 1.1308120799240584e-14, 1.1308120799240584e-14, 1.1308120799240584e-14, 1.1308120799240584e-14, 1.1308120799240584e-14, 1.1308120799240584e-14, 1.1308120799240584e-14, 1.1308120799240584e-14, 1.1308120799240584e-14, 1.1308120799240584e-14, 1.1308120799240584e-14, 1.1308120799240584e-14, 1.1308120799240584e-14, 1.1308120799240584e-14, 1.1308120799240584e-14, 1.1308120799240584e-14, 1.1308120799240584e-14, 1.1308120799240584e-14, 1.1308120799240584e-14, 1.1308120799240584e-14], 'selection_frequencies': [1.0, 0.0, 0.0, 0.0, 0.0, 0.0, 0.0, 0.0, 0.0, 0.0, 0.0, 0.0, 0.0, 0.0, 0.0, 0.0, 0.0, 0.0, 0.0, 0.0, 0.0, 0.0, 0.0, 0.0, 0.0, 0.0, 0.0, 0.0, 0.0, 0.0, 0.0, 0.0, 0.0, 0.0, 0.0, 0.0, 0.0, 0.0, 0.0, 0.0, 0.0, 0.0, 0.0, 0.0, 0.0, 0.0, 0.0, 0.0, 0.0, 0.0, 0.0, 0.0, 0.0, 0.0, 0.0, 0.0, 0.0, 0.0, 0.0, 0.0, 0.0, 0.0, 0.0, 0.0, 0.0, 0.0, 0.0, 0.0, 0.0, 0.0, 0.0, 0.0], 'spike_mask': [True, False, False, False, False, False, False, False, False, False, False, False, False, False, False, False, False, False, False, False, False, False, False, False, False, False, False, False, False, False, False, False, False, False, False, False, False, False, False, False, False, False, False, False, False, False, False, False, False, False, False, False, False, False, False, False, False, False, False, False, False, False, False, False, False, False, False, False, False, False, False, False], 'bulk_mask': [False, True, True, True, True, True, True, True, True, True, True, True, True, True, True, True, True, True, True, True, True, True, True, True, True, True, True, True, True, True, True, True, True, True, True, True, True, True, True, True, True, True, True, True, True, True, True, True, True, True, True, True, True, True, True, True, True, True, True, True, True, True, True, True, True, True, True, True, True, True, True, True]}","{'n_rows': 320, 'n_spike_components': 1, 'mean_signalness': 0.13390317694930992, 'median_signalness': 0.06257958322759778, 'high_signal_fraction': 0.096875, 'total_spike_energy': 8113.603188319018, 'total_bulk_energy': 31637.485977198186}","{'policy': 'excess_energy', 'total_budget': 64, 'requested_spike_share': 0.20411021078026986, 'resolved_spike_share': 0.203125, 'bulk_candidate_count': 289, 'spike_candidate_count': 31, 'bulk_selected_count': 51, 'spike_selected_count': 13, 'exact_budget': True}"
student_t|snr=1|seed=29,completed,student_t,1.0,0.9999999999999998,29,320,24,0.15,ok,64.73164385808329,1,0.9907322303921569,0.9698363606593806,0.9166666666666666,0.3125,2.0833333333333335,64,64,True,0.28125,"{'status': 'ok', 'empirical_bulk_edge': 64.73164385808329, 'n_components': 72, 'n_spikes': 1, 'spike_indices': [0], 'min_selection_frequency': 0.8, 'frequency_source': 'view_resampling', 'reason': 'stable components exceed the empirical null edge', 'singular_values': [126.39585739297507, 56.25195295607233, 54.84854104305492, 52.82972630702949, 47.49915798946865, 45.106210834263045, 43.01980863480288, 42.00600138192193, 40.40607479546865, 38.3790476297631, 37.61438243951188, 36.273166656467936, 34.523453573321895, 33.75216924496004, 30.595761596618075, 29.201848064975177, 28.176084282362464, 26.99809784036086, 24.492682694155476, 22.608371821640784, 21.583042726145848, 20.63396570426366, 17.68278926132905, 13.722898203924315, 1.2629135239417819e-14, 1.2629135239417819e-14, 1.2629135239417819e-14, 1.2629135239417819e-14, 1.2629135239417819e-14, 1.2629135239417819e-14, 1.2629135239417819e-14, 1.2629135239417819e-14, 1.2629135239417819e-14, 1.2629135239417819e-14, 1.2629135239417819e-14, 1.2629135239417819e-14, 1.2629135239417819e-14, 1.2629135239417819e-14, 1.2629135239417819e-14, 1.2629135239417819e-14, 1.2629135239417819e-14, 1.2629135239417819e-14, 1.2629135239417819e-14, 1.2629135239417819e-14, 1.2629135239417819e-14, 1.2629135239417819e-14, 1.2629135239417819e-14, 1.2629135239417819e-14, 1.2629135239417819e-14, 1.2629135239417819e-14, 1.2629135239417819e-14, 1.2629135239417819e-14, 1.2629135239417819e-14, 1.2629135239417819e-14, 1.2629135239417819e-14, 1.2629135239417819e-14, 1.2629135239417819e-14, 1.2629135239417819e-14, 1.2629135239417819e-14, 1.2629135239417819e-14, 1.2629135239417819e-14, 1.2629135239417819e-14, 1.2629135239417819e-14, 1.2629135239417819e-14, 1.2629135239417819e-14, 1.2629135239417819e-14, 1.2629135239417819e-14, 1.2629135239417819e-14, 1.2629135239417819e-14, 1.2629135239417819e-14, 1.2629135239417819e-14, 1.2629135239417819e-14], 'selection_frequencies': [1.0, 0.0, 0.0, 0.0, 0.0, 0.0, 0.0, 0.0, 0.0, 0.0, 0.0, 0.0, 0.0, 0.0, 0.0, 0.0, 0.0, 0.0, 0.0, 0.0, 0.0, 0.0, 0.0, 0.0, 0.0, 0.0, 0.0, 0.0, 0.0, 0.0, 0.0, 0.0, 0.0, 0.0, 0.0, 0.0, 0.0, 0.0, 0.0, 0.0, 0.0, 0.0, 0.0, 0.0, 0.0, 0.0, 0.0, 0.0, 0.0, 0.0, 0.0, 0.0, 0.0, 0.0, 0.0, 0.0, 0.0, 0.0, 0.0, 0.0, 0.0, 0.0, 0.0, 0.0, 0.0, 0.0, 0.0, 0.0, 0.0, 0.0, 0.0, 0.0], 'spike_mask': [True, False, False, False, False, False, False, False, False, False, False, False, False, False, False, False, False, False, False, False, False, False, False, False, False, False, False, False, False, False, False, False, False, False, False, False, False, False, False, False, False, False, False, False, False, False, False, False, False, False, False, False, False, False, False, False, False, False, False, False, False, False, False, False, False, False, False, False, False, False, False, False], 'bulk_mask': [False, True, True, True, True, True, True, True, True, True, True, True, True, True, True, True, True, True, True, True, True, True, True, True, True, True, True, True, True, True, True, True, True, True, True, True, True, True, True, True, True, True, True, True, True, True, True, True, True, True, True, True, True, True, True, True, True, True, True, True, True, True, True, True, True, True, True, True, True, True, True, True]}","{'n_rows': 320, 'n_spike_components': 1, 'mean_signalness': 0.17235713776617062, 'median_signalness': 0.08473148476858638, 'high_signal_fraction': 0.128125, 'total_spike_energy': 11785.727049535566, 'total_bulk_energy': 30852.092136247047}","{'policy': 'excess_energy', 'total_budget': 64, 'requested_spike_share': 0.2764148653612533, 'resolved_spike_share': 0.28125, 'bulk_candidate_count': 279, 'spike_candidate_count': 41, 'bulk_selected_count': 46, 'spike_selected_count': 18, 'exact_budget': True}"
student_t|snr=1|seed=47,completed,student_t,1.0,1.0000000000000004,47,320,24,0.15,ok,64.74422733727268,1,0.9989276960784313,0.9944772241647242,0.9583333333333334,0.28125,1.875,64,64,True,0.28125,"{'status': 'ok', 'empirical_bulk_edge': 64.74422733727268, 'n_components': 72, 'n_spikes': 1, 'spike_indices': [0], 'min_selection_frequency': 0.8, 'frequency_source': 'view_resampling', 'reason': 'stable components exceed the empirical null edge', 'singular_values': [127.47529246391088, 55.502618417374045, 52.07715745102554, 49.4679674719563, 48.464935868161376, 47.62498579996429, 45.207666796338906, 43.392609816522274, 41.118420110742846, 38.948389947203275, 37.23864538016032, 35.17994111250727, 34.835413719009594, 33.00534850540531, 32.34457058682662, 31.85235535450889, 27.21540806338657, 25.894795961589416, 25.571310902036313, 22.423173853246183, 21.308641118138695, 18.0586630185345, 17.100447919340937, 13.277888990545026, 1.2736164291984805e-14, 1.2736164291984805e-14, 1.2736164291984805e-14, 1.2736164291984805e-14, 1.2736164291984805e-14, 1.2736164291984805e-14, 1.2736164291984805e-14, 1.2736164291984805e-14, 1.2736164291984805e-14, 1.2736164291984805e-14, 1.2736164291984805e-14, 1.2736164291984805e-14, 1.2736164291984805e-14, 1.2736164291984805e-14, 1.2736164291984805e-14, 1.2736164291984805e-14, 1.2736164291984805e-14, 1.2736164291984805e-14, 1.2736164291984805e-14, 1.2736164291984805e-14, 1.2736164291984805e-14, 1.2736164291984805e-14, 1.2736164291984805e-14, 1.2736164291984805e-14, 1.2736164291984805e-14, 1.2736164291984805e-14, 1.2736164291984805e-14, 1.2736164291984805e-14, 1.2736164291984805e-14, 1.2736164291984805e-14, 1.2736164291984805e-14, 1.2736164291984805e-14, 1.2736164291984805e-14, 1.2736164291984805e-14, 1.2736164291984805e-14, 1.2736164291984805e-14, 1.2736164291984805e-14, 1.2736164291984805e-14, 1.2736164291984805e-14, 1.2736164291984805e-14, 1.2736164291984805e-14, 1.2736164291984805e-14, 1.2736164291984805e-14, 1.2736164291984805e-14, 1.2736164291984805e-14, 1.2736164291984805e-14, 1.2736164291984805e-14, 1.2736164291984805e-14], 'selection_frequencies': [1.0, 0.0, 0.0, 0.0, 0.0, 0.0, 0.0, 0.0, 0.0, 0.0, 0.0, 0.0, 0.0, 0.0, 0.0, 0.0, 0.0, 0.0, 0.0, 0.0, 0.0, 0.0, 0.0, 0.0, 0.0, 0.0, 0.0, 0.0, 0.0, 0.0, 0.0, 0.0, 0.0, 0.0, 0.0, 0.0, 0.0, 0.0, 0.0, 0.0, 0.0, 0.0, 0.0, 0.0, 0.0, 0.0, 0.0, 0.0, 0.0, 0.0, 0.0, 0.0, 0.0, 0.0, 0.0, 0.0, 0.0, 0.0, 0.0, 0.0, 0.0, 0.0, 0.0, 0.0, 0.0, 0.0, 0.0, 0.0, 0.0, 0.0, 0.0, 0.0], 'spike_mask': [True, False, False, False, False, False, False, False, False, False, False, False, False, False, False, False, False, False, False, False, False, False, False, False, False, False, False, False, False, False, False, False, False, False, False, False, False, False, False, False, False, False, False, False, False, False, False, False, False, False, False, False, False, False, False, False, False, False, False, False, False, False, False, False, False, False, False, False, False, False, False, False], 'bulk_mask': [False, True, True, True, True, True, True, True, True, True, True, True, True, True, True, True, True, True, True, True, True, True, True, True, True, True, True, True, True, True, True, True, True, True, True, True, True, True, True, True, True, True, True, True, True, True, True, True, True, True, True, True, True, True, True, True, True, True, True, True, True, True, True, True, True, True, True, True, True, True, True, True]}","{'n_rows': 320, 'n_spike_components': 1, 'mean_signalness': 0.17989575971110439, 'median_signalness': 0.0891177325222473, 'high_signal_fraction': 0.1375, 'total_spike_energy': 12058.135215259166, 'total_bulk_energy': 30795.751887761733}","{'policy': 'excess_energy', 'total_budget': 64, 'requested_spike_share': 0.28137786395598996, 'resolved_spike_share': 0.28125, 'bulk_candidate_count': 276, 'spike_candidate_count': 44, 'bulk_selected_count': 46, 'spike_selected_count': 18, 'exact_budget': True}"
student_t|snr=1|seed=71,completed,student_t,1.0,1.0,71,320,24,0.15,ok,63.70363595518177,1,0.9990042892156863,0.9953993055555557,0.9791666666666666,0.28125,1.875,64,64,True,0.265625,"{'status': 'ok', 'empirical_bulk_edge': 63.70363595518177, 'n_components': 72, 'n_spikes': 1, 'spike_indices': [0], 'min_selection_frequency': 0.8, 'frequency_source': 'view_resampling', 'reason': 'stable components exceed the empirical null edge', 'singular_values': [119.10847543491583, 56.2110201449176, 50.10037803407629, 49.22118772579753, 48.293762894877055, 43.887589795340425, 42.863347708725655, 40.50764934634085, 40.01431937942706, 36.99571916313922, 34.34289887559497, 32.38289803769028, 31.390202797480395, 29.647829766920328, 28.95505768991954, 26.672389991779408, 25.72330789304523, 24.651683514760204, 24.121657435270173, 23.69784135123968, 21.708337922775833, 19.80698321755075, 18.561797856592086, 16.027636988360282, 1.1900057476004193e-14, 1.1900057476004193e-14, 1.1900057476004193e-14, 1.1900057476004193e-14, 1.1900057476004193e-14, 1.1900057476004193e-14, 1.1900057476004193e-14, 1.1900057476004193e-14, 1.1900057476004193e-14, 1.1900057476004193e-14, 1.1900057476004193e-14, 1.1900057476004193e-14, 1.1900057476004193e-14, 1.1900057476004193e-14, 1.1900057476004193e-14, 1.1900057476004193e-14, 1.1900057476004193e-14, 1.1900057476004193e-14, 1.1900057476004193e-14, 1.1900057476004193e-14, 1.1900057476004193e-14, 1.1900057476004193e-14, 1.1900057476004193e-14, 1.1900057476004193e-14, 1.1900057476004193e-14, 1.1900057476004193e-14, 1.1900057476004193e-14, 1.1900057476004193e-14, 1.1900057476004193e-14, 1.1900057476004193e-14, 1.1900057476004193e-14, 1.1900057476004193e-14, 1.1900057476004193e-14, 1.1900057476004193e-14, 1.1900057476004193e-14, 1.1900057476004193e-14, 1.1900057476004193e-14, 1.1900057476004193e-14, 1.1900057476004193e-14, 1.1900057476004193e-14, 1.1900057476004193e-14, 1.1900057476004193e-14, 1.1900057476004193e-14, 1.1900057476004193e-14, 1.1900057476004193e-14, 1.1900057476004193e-14, 1.1900057476004193e-14, 1.1900057476004193e-14], 'selection_frequencies': [1.0, 0.0, 0.0, 0.0, 0.0, 0.0, 0.0, 0.0, 0.0, 0.0, 0.0, 0.0, 0.0, 0.0, 0.0, 0.0, 0.0, 0.0, 0.0, 0.0, 0.0, 0.0, 0.0, 0.0, 0.0, 0.0, 0.0, 0.0, 0.0, 0.0, 0.0, 0.0, 0.0, 0.0, 0.0, 0.0, 0.0, 0.0, 0.0, 0.0, 0.0, 0.0, 0.0, 0.0, 0.0, 0.0, 0.0, 0.0, 0.0, 0.0, 0.0, 0.0, 0.0, 0.0, 0.0, 0.0, 0.0, 0.0, 0.0, 0.0, 0.0, 0.0, 0.0, 0.0, 0.0, 0.0, 0.0, 0.0, 0.0, 0.0, 0.0, 0.0], 'spike_mask': [True, False, False, False, False, False, False, False, False, False, False, False, False, False, False, False, False, False, False, False, False, False, False, False, False, False, False, False, False, False, False, False, False, False, False, False, False, False, False, False, False, False, False, False, False, False, False, False, False, False, False, False, False, False, False, False, False, False, False, False, False, False, False, False, False, False, False, False, False, False, False, False], 'bulk_mask': [False, True, True, True, True, True, True, True, True, True, True, True, True, True, True, True, True, True, True, True, True, True, True, True, True, True, True, True, True, True, True, True, True, True, True, True, True, True, True, True, True, True, True, True, True, True, True, True, True, True, True, True, True, True, True, True, True, True, True, True, True, True, True, True, True, True, True, True, True, True, True, True]}","{'n_rows': 320, 'n_spike_components': 1, 'mean_signalness': 0.17170058637192437, 'median_signalness': 0.08187229634528631, 'high_signal_fraction': 0.125, 'total_spike_energy': 10128.675686519615, 'total_bulk_energy': 28318.892584389345}","{'policy': 'excess_energy', 'total_budget': 64, 'requested_spike_share': 0.2634412562883306, 'resolved_spike_share': 0.265625, 'bulk_candidate_count': 280, 'spike_candidate_count': 40, 'bulk_selected_count': 47, 'spike_selected_count': 17, 'exact_budget': True}"
student_t|snr=1|seed=101,completed,student_t,1.0,1.0,101,320,24,0.15,ok,67.35907575011403,1,0.9996170343137255,0.99778167822916,0.9791666666666666,0.265625,1.7708333333333335,64,64,True,0.234375,"{'status': 'ok', 'empirical_bulk_edge': 67.35907575011403, 'n_components': 72, 'n_spikes': 1, 'spike_indices': [0], 'min_selection_frequency': 0.8, 'frequency_source': 'view_resampling', 'reason': 'stable components exceed the empirical null edge', 'singular_values': [118.45079500906486, 61.4521187758183, 52.87076476533979, 49.77226205661862, 47.558628378073955, 46.721846437612875, 44.75187866244603, 43.870583039651684, 41.591821000663835, 39.233928435515615, 38.64304474925514, 37.92235440263371, 37.292877871193, 34.3201382233863, 32.104420060213684, 30.63658039889925, 28.66278931012694, 26.974190639687002, 26.257061891641317, 22.791120755438318, 21.368991602628252, 19.29732105208873, 18.413005403178563, 16.514855509438604, 1.1833658521049435e-14, 1.1833658521049435e-14, 1.1833658521049435e-14, 1.1833658521049435e-14, 1.1833658521049435e-14, 1.1833658521049435e-14, 1.1833658521049435e-14, 1.1833658521049435e-14, 1.1833658521049435e-14, 1.1833658521049435e-14, 1.1833658521049435e-14, 1.1833658521049435e-14, 1.1833658521049435e-14, 1.1833658521049435e-14, 1.1833658521049435e-14, 1.1833658521049435e-14, 1.1833658521049435e-14, 1.1833658521049435e-14, 1.1833658521049435e-14, 1.1833658521049435e-14, 1.1833658521049435e-14, 1.1833658521049435e-14, 1.1833658521049435e-14, 1.1833658521049435e-14, 1.1833658521049435e-14, 1.1833658521049435e-14, 1.1833658521049435e-14, 1.1833658521049435e-14, 1.1833658521049435e-14, 1.1833658521049435e-14, 1.1833658521049435e-14, 1.1833658521049435e-14, 1.1833658521049435e-14, 1.1833658521049435e-14, 1.1833658521049435e-14, 1.1833658521049435e-14, 1.1833658521049435e-14, 1.1833658521049435e-14, 1.1833658521049435e-14, 1.1833658521049435e-14, 1.1833658521049435e-14, 1.1833658521049435e-14, 1.1833658521049435e-14, 1.1833658521049435e-14, 1.1833658521049435e-14, 1.1833658521049435e-14, 1.1833658521049435e-14, 1.1833658521049435e-14], 'selection_frequencies': [1.0, 0.0, 0.0, 0.0, 0.0, 0.0, 0.0, 0.0, 0.0, 0.0, 0.0, 0.0, 0.0, 0.0, 0.0, 0.0, 0.0, 0.0, 0.0, 0.0, 0.0, 0.0, 0.0, 0.0, 0.0, 0.0, 0.0, 0.0, 0.0, 0.0, 0.0, 0.0, 0.0, 0.0, 0.0, 0.0, 0.0, 0.0, 0.0, 0.0, 0.0, 0.0, 0.0, 0.0, 0.0, 0.0, 0.0, 0.0, 0.0, 0.0, 0.0, 0.0, 0.0, 0.0, 0.0, 0.0, 0.0, 0.0, 0.0, 0.0, 0.0, 0.0, 0.0, 0.0, 0.0, 0.0, 0.0, 0.0, 0.0, 0.0, 0.0, 0.0], 'spike_mask': [True, False, False, False, False, False, False, False, False, False, False, False, False, False, False, False, False, False, False, False, False, False, False, False, False, False, False, False, False, False, False, False, False, False, False, False, False, False, False, False, False, False, False, False, False, False, False, False, False, False, False, False, False, False, False, False, False, False, False, False, False, False, False, False, False, False, False, False, False, False, False, False], 'bulk_mask': [False, True, True, True, True, True, True, True, True, True, True, True, True, True, True, True, True, True, True, True, True, True, True, True, True, True, True, True, True, True, True, True, True, True, True, True, True, True, True, True, True, True, True, True, True, True, True, True, True, True, True, True, True, True, True, True, True, True, True, True, True, True, True, True, True, True, True, True, True, True, True, True]}","{'n_rows': 320, 'n_spike_components': 1, 'mean_signalness': 0.1534452880286946, 'median_signalness': 0.07351855169543162, 'high_signal_fraction': 0.115625, 'total_spike_energy': 9493.345752369905, 'total_bulk_energy': 32358.3971245871}","{'policy': 'excess_energy', 'total_budget': 64, 'requested_spike_share': 0.22683274577787801, 'resolved_spike_share': 0.234375, 'bulk_candidate_count': 283, 'spike_candidate_count': 37, 'bulk_selected_count': 49, 'spike_selected_count': 15, 'exact_budget': True}"
student_t|snr=2|seed=11,completed,student_t,2.0,1.9999999999999991,11,320,24,0.15,ok,68.6647990750747,1,1.0,1.0,1.0,0.328125,2.1875,64,64,True,0.296875,"{'status': 'ok', 'empirical_bulk_edge': 68.6647990750747, 'n_components': 72, 'n_spikes': 1, 'spike_indices': [0], 'min_selection_frequency': 0.8, 'frequency_source': 'view_resampling', 'reason': 'stable components exceed the empirical null edge', 'singular_values': [128.13624468713428, 56.97237716041529, 52.80140246298639, 49.165274197026626, 46.075384233765014, 45.10137442520102, 42.50841454857065, 41.16032882838034, 38.15731086595453, 37.602138939006856, 33.6060651971077, 33.59596355853333, 31.98737661848439, 29.5184102837958, 28.730621348854093, 27.393692035274857, 26.091351056400924, 24.20560261657206, 19.845270468818125, 18.8646717494533, 18.458542345493118, 15.486655600937093, 14.33422880881351, 11.21052700825359, 1.2801374131640878e-14, 1.2801374131640878e-14, 1.2801374131640878e-14, 1.2801374131640878e-14, 1.2801374131640878e-14, 1.2801374131640878e-14, 1.2801374131640878e-14, 1.2801374131640878e-14, 1.2801374131640878e-14, 1.2801374131640878e-14, 1.2801374131640878e-14, 1.2801374131640878e-14, 1.2801374131640878e-14, 1.2801374131640878e-14, 1.2801374131640878e-14, 1.2801374131640878e-14, 1.2801374131640878e-14, 1.2801374131640878e-14, 1.2801374131640878e-14, 1.2801374131640878e-14, 1.2801374131640878e-14, 1.2801374131640878e-14, 1.2801374131640878e-14, 1.2801374131640878e-14, 1.2801374131640878e-14, 1.2801374131640878e-14, 1.2801374131640878e-14, 1.2801374131640878e-14, 1.2801374131640878e-14, 1.2801374131640878e-14, 1.2801374131640878e-14, 1.2801374131640878e-14, 1.2801374131640878e-14, 1.2801374131640878e-14, 1.2801374131640878e-14, 1.2801374131640878e-14, 1.2801374131640878e-14, 1.2801374131640878e-14, 1.2801374131640878e-14, 1.2801374131640878e-14, 1.2801374131640878e-14, 1.2801374131640878e-14, 1.2801374131640878e-14, 1.2801374131640878e-14, 1.2801374131640878e-14, 1.2801374131640878e-14, 1.2801374131640878e-14, 1.2801374131640878e-14], 'selection_frequencies': [1.0, 0.0, 0.0, 0.0, 0.0, 0.0, 0.0, 0.0, 0.0, 0.0, 0.0, 0.0, 0.0, 0.0, 0.0, 0.0, 0.0, 0.0, 0.0, 0.0, 0.0, 0.0, 0.0, 0.0, 0.0, 0.0, 0.0, 0.0, 0.0, 0.0, 0.0, 0.0, 0.0, 0.0, 0.0, 0.0, 0.0, 0.0, 0.0, 0.0, 0.0, 0.0, 0.0, 0.0, 0.0, 0.0, 0.0, 0.0, 0.0, 0.0, 0.0, 0.0, 0.0, 0.0, 0.0, 0.0, 0.0, 0.0, 0.0, 0.0, 0.0, 0.0, 0.0, 0.0, 0.0, 0.0, 0.0, 0.0, 0.0, 0.0, 0.0, 0.0], 'spike_mask': [True, False, False, False, False, False, False, False, False, False, False, False, False, False, False, False, False, False, False, False, False, False, False, False, False, False, False, False, False, False, False, False, False, False, False, False, False, False, False, False, False, False, False, False, False, False, False, False, False, False, False, False, False, False, False, False, False, False, False, False, False, False, False, False, False, False, False, False, False, False, False, False], 'bulk_mask': [False, True, True, True, True, True, True, True, True, True, True, True, True, True, True, True, True, True, True, True, True, True, True, True, True, True, True, True, True, True, True, True, True, True, True, True, True, True, True, True, True, True, True, True, True, True, True, True, True, True, True, True, True, True, True, True, True, True, True, True, True, True, True, True, True, True, True, True, True, True, True, True]}","{'n_rows': 320, 'n_spike_components': 1, 'mean_signalness': 0.17671278885609892, 'median_signalness': 0.09106085691400931, 'high_signal_fraction': 0.13125, 'total_spike_energy': 11704.04257050076, 'total_bulk_energy': 27635.707134802004}","{'policy': 'excess_energy', 'total_budget': 64, 'requested_spike_share': 0.29751187178811983, 'resolved_spike_share': 0.296875, 'bulk_candidate_count': 278, 'spike_candidate_count': 42, 'bulk_selected_count': 45, 'spike_selected_count': 19, 'exact_budget': True}"
student_t|snr=2|seed=29,completed,student_t,2.0,2.0000000000000004,29,320,24,0.15,ok,64.7343427922083,1,0.9959405637254902,0.9824362539847535,0.9375,0.40625,2.7083333333333335,64,64,True,0.390625,"{'status': 'ok', 'empirical_bulk_edge': 64.7343427922083, 'n_components': 72, 'n_spikes': 1, 'spike_indices': [0], 'min_selection_frequency': 0.8, 'frequency_source': 'view_resampling', 'reason': 'stable components exceed the empirical null edge', 'singular_values': [143.8860148864487, 54.420205546410926, 53.244045540249815, 50.54251974388538, 44.88502661865424, 43.0658493981057, 40.06766076829464, 39.42409823017715, 36.87700019886044, 35.83961793437478, 35.20871237123819, 34.059640253942675, 30.971049751083612, 29.63278430468637, 26.83857602594656, 25.0451087343804, 24.7205596157518, 23.14033127325128, 20.564596122918875, 17.97154526955208, 17.464723589177943, 16.433475985702064, 13.739166361189586, 10.393353084779784, 1.4377044037636913e-14, 1.4377044037636913e-14, 1.4377044037636913e-14, 1.4377044037636913e-14, 1.4377044037636913e-14, 1.4377044037636913e-14, 1.4377044037636913e-14, 1.4377044037636913e-14, 1.4377044037636913e-14, 1.4377044037636913e-14, 1.4377044037636913e-14, 1.4377044037636913e-14, 1.4377044037636913e-14, 1.4377044037636913e-14, 1.4377044037636913e-14, 1.4377044037636913e-14, 1.4377044037636913e-14, 1.4377044037636913e-14, 1.4377044037636913e-14, 1.4377044037636913e-14, 1.4377044037636913e-14, 1.4377044037636913e-14, 1.4377044037636913e-14, 1.4377044037636913e-14, 1.4377044037636913e-14, 1.4377044037636913e-14, 1.4377044037636913e-14, 1.4377044037636913e-14, 1.4377044037636913e-14, 1.4377044037636913e-14, 1.4377044037636913e-14, 1.4377044037636913e-14, 1.4377044037636913e-14, 1.4377044037636913e-14, 1.4377044037636913e-14, 1.4377044037636913e-14, 1.4377044037636913e-14, 1.4377044037636913e-14, 1.4377044037636913e-14, 1.4377044037636913e-14, 1.4377044037636913e-14, 1.4377044037636913e-14, 1.4377044037636913e-14, 1.4377044037636913e-14, 1.4377044037636913e-14, 1.4377044037636913e-14, 1.4377044037636913e-14, 1.4377044037636913e-14], 'selection_frequencies': [1.0, 0.0, 0.0, 0.0, 0.0, 0.0, 0.0, 0.0, 0.0, 0.0, 0.0, 0.0, 0.0, 0.0, 0.0, 0.0, 0.0, 0.0, 0.0, 0.0, 0.0, 0.0, 0.0, 0.0, 0.0, 0.0, 0.0, 0.0, 0.0, 0.0, 0.0, 0.0, 0.0, 0.0, 0.0, 0.0, 0.0, 0.0, 0.0, 0.0, 0.0, 0.0, 0.0, 0.0, 0.0, 0.0, 0.0, 0.0, 0.0, 0.0, 0.0, 0.0, 0.0, 0.0, 0.0, 0.0, 0.0, 0.0, 0.0, 0.0, 0.0, 0.0, 0.0, 0.0, 0.0, 0.0, 0.0, 0.0, 0.0, 0.0, 0.0, 0.0], 'spike_mask': [True, False, False, False, False, False, False, False, False, False, False, False, False, False, False, False, False, False, False, False, False, False, False, False, False, False, False, False, False, False, False, False, False, False, False, False, False, False, False, False, False, False, False, False, False, False, False, False, False, False, False, False, False, False, False, False, False, False, False, False, False, False, False, False, False, False, False, False, False, False, False, False], 'bulk_mask': [False, True, True, True, True, True, True, True, True, True, True, True, True, True, True, True, True, True, True, True, True, True, True, True, True, True, True, True, True, True, True, True, True, True, True, True, True, True, True, True, True, True, True, True, True, True, True, True, True, True, True, True, True, True, True, True, True, True, True, True, True, True, True, True, True, True, True, True, True, True, True, True]}","{'n_rows': 320, 'n_spike_components': 1, 'mean_signalness': 0.2209383809534428, 'median_signalness': 0.13192857464646163, 'high_signal_fraction': 0.140625, 'total_spike_energy': 16512.650143164185, 'total_bulk_energy': 26373.34399616762}","{'policy': 'excess_energy', 'total_budget': 64, 'requested_spike_share': 0.38503596511057736, 'resolved_spike_share': 0.390625, 'bulk_candidate_count': 275, 'spike_candidate_count': 45, 'bulk_selected_count': 39, 'spike_selected_count': 25, 'exact_budget': True}"
student_t|snr=2|seed=47,completed,student_t,2.0,2.0000000000000004,47,320,24,0.15,ok,64.36386125641646,1,0.9993106617647058,0.996341328783621,0.9583333333333334,0.390625,2.604166666666667,64,64,True,0.375,"{'status': 'ok', 'empirical_bulk_edge': 64.36386125641646, 'n_components': 72, 'n_spikes': 1, 'spike_indices': [0], 'min_selection_frequency': 0.8, 'frequency_source': 'view_resampling', 'reason': 'stable components exceed the empirical null edge', 'singular_values': [142.954652436968, 54.47968182117746, 49.95200306036937, 49.065729202651845, 46.961218529578616, 44.37813733452571, 43.31742258405112, 41.25815501583913, 39.64951434162527, 36.4162664267123, 34.87636709516447, 33.04446378321738, 31.797875628295643, 30.111817343539634, 28.616166277981574, 27.98800617576198, 24.106229359659398, 21.260390156467007, 20.874033154066773, 17.922164159652915, 17.359378195431738, 14.155881459696975, 12.95572301898804, 10.025657935582945, 1.4283877029343754e-14, 1.4283877029343754e-14, 1.4283877029343754e-14, 1.4283877029343754e-14, 1.4283877029343754e-14, 1.4283877029343754e-14, 1.4283877029343754e-14, 1.4283877029343754e-14, 1.4283877029343754e-14, 1.4283877029343754e-14, 1.4283877029343754e-14, 1.4283877029343754e-14, 1.4283877029343754e-14, 1.4283877029343754e-14, 1.4283877029343754e-14, 1.4283877029343754e-14, 1.4283877029343754e-14, 1.4283877029343754e-14, 1.4283877029343754e-14, 1.4283877029343754e-14, 1.4283877029343754e-14, 1.4283877029343754e-14, 1.4283877029343754e-14, 1.4283877029343754e-14, 1.4283877029343754e-14, 1.4283877029343754e-14, 1.4283877029343754e-14, 1.4283877029343754e-14, 1.4283877029343754e-14, 1.4283877029343754e-14, 1.4283877029343754e-14, 1.4283877029343754e-14, 1.4283877029343754e-14, 1.4283877029343754e-14, 1.4283877029343754e-14, 1.4283877029343754e-14, 1.4283877029343754e-14, 1.4283877029343754e-14, 1.4283877029343754e-14, 1.4283877029343754e-14, 1.4283877029343754e-14, 1.4283877029343754e-14, 1.4283877029343754e-14, 1.4283877029343754e-14, 1.4283877029343754e-14, 1.4283877029343754e-14, 1.4283877029343754e-14, 1.4283877029343754e-14], 'selection_frequencies': [1.0, 0.0, 0.0, 0.0, 0.0, 0.0, 0.0, 0.0, 0.0, 0.0, 0.0, 0.0, 0.0, 0.0, 0.0, 0.0, 0.0, 0.0, 0.0, 0.0, 0.0, 0.0, 0.0, 0.0, 0.0, 0.0, 0.0, 0.0, 0.0, 0.0, 0.0, 0.0, 0.0, 0.0, 0.0, 0.0, 0.0, 0.0, 0.0, 0.0, 0.0, 0.0, 0.0, 0.0, 0.0, 0.0, 0.0, 0.0, 0.0, 0.0, 0.0, 0.0, 0.0, 0.0, 0.0, 0.0, 0.0, 0.0, 0.0, 0.0, 0.0, 0.0, 0.0, 0.0, 0.0, 0.0, 0.0, 0.0, 0.0, 0.0, 0.0, 0.0], 'spike_mask': [True, False, False, False, False, False, False, False, False, False, False, False, False, False, False, False, False, False, False, False, False, False, False, False, False, False, False, False, False, False, False, False, False, False, False, False, False, False, False, False, False, False, False, False, False, False, False, False, False, False, False, False, False, False, False, False, False, False, False, False, False, False, False, False, False, False, False, False, False, False, False, False], 'bulk_mask': [False, True, True, True, True, True, True, True, True, True, True, True, True, True, True, True, True, True, True, True, True, True, True, True, True, True, True, True, True, True, True, True, True, True, True, True, True, True, True, True, True, True, True, True, True, True, True, True, True, True, True, True, True, True, True, True, True, True, True, True, True, True, True, True, True, True, True, True, True, True, True, True]}","{'n_rows': 320, 'n_spike_components': 1, 'mean_signalness': 0.22058788647655989, 'median_signalness': 0.13813357353933475, 'high_signal_fraction': 0.140625, 'total_spike_energy': 16293.326017539088, 'total_bulk_energy': 26910.804892828302}","{'policy': 'excess_energy', 'total_budget': 64, 'requested_spike_share': 0.37712426275491384, 'resolved_spike_share': 0.375, 'bulk_candidate_count': 275, 'spike_candidate_count': 45, 'bulk_selected_count': 40, 'spike_selected_count': 24, 'exact_budget': True}"
student_t|snr=2|seed=71,completed,student_t,2.0,2.0000000000000004,71,320,24,0.15,ok,63.483496321403514,1,1.0,1.0,1.0,0.359375,2.3958333333333335,64,64,True,0.359375,"{'status': 'ok', 'empirical_bulk_edge': 63.483496321403514, 'n_components': 72, 'n_spikes': 1, 'spike_indices': [0], 'min_selection_frequency': 0.8, 'frequency_source': 'view_resampling', 'reason': 'stable components exceed the empirical null edge', 'singular_values': [134.06992434856767, 54.618118600013766, 49.02934931593507, 46.918593398636716, 46.055982420293255, 42.012390554714976, 41.031297047300136, 39.078268201830795, 38.518838868374566, 33.20335369195517, 32.04951427356966, 28.58000751356938, 27.34885918528389, 25.351036415823028, 25.061947873231816, 23.296365765460937, 21.399293193148914, 20.97035319394701, 20.19814645620049, 18.801721670963857, 17.750436299695636, 15.760769152382993, 14.628008031923882, 12.424081066616674, 1.3396047740159528e-14, 1.3396047740159528e-14, 1.3396047740159528e-14, 1.3396047740159528e-14, 1.3396047740159528e-14, 1.3396047740159528e-14, 1.3396047740159528e-14, 1.3396047740159528e-14, 1.3396047740159528e-14, 1.3396047740159528e-14, 1.3396047740159528e-14, 1.3396047740159528e-14, 1.3396047740159528e-14, 1.3396047740159528e-14, 1.3396047740159528e-14, 1.3396047740159528e-14, 1.3396047740159528e-14, 1.3396047740159528e-14, 1.3396047740159528e-14, 1.3396047740159528e-14, 1.3396047740159528e-14, 1.3396047740159528e-14, 1.3396047740159528e-14, 1.3396047740159528e-14, 1.3396047740159528e-14, 1.3396047740159528e-14, 1.3396047740159528e-14, 1.3396047740159528e-14, 1.3396047740159528e-14, 1.3396047740159528e-14, 1.3396047740159528e-14, 1.3396047740159528e-14, 1.3396047740159528e-14, 1.3396047740159528e-14, 1.3396047740159528e-14, 1.3396047740159528e-14, 1.3396047740159528e-14, 1.3396047740159528e-14, 1.3396047740159528e-14, 1.3396047740159528e-14, 1.3396047740159528e-14, 1.3396047740159528e-14, 1.3396047740159528e-14, 1.3396047740159528e-14, 1.3396047740159528e-14, 1.3396047740159528e-14, 1.3396047740159528e-14, 1.3396047740159528e-14], 'selection_frequencies': [1.0, 0.0, 0.0, 0.0, 0.0, 0.0, 0.0, 0.0, 0.0, 0.0, 0.0, 0.0, 0.0, 0.0, 0.0, 0.0, 0.0, 0.0, 0.0, 0.0, 0.0, 0.0, 0.0, 0.0, 0.0, 0.0, 0.0, 0.0, 0.0, 0.0, 0.0, 0.0, 0.0, 0.0, 0.0, 0.0, 0.0, 0.0, 0.0, 0.0, 0.0, 0.0, 0.0, 0.0, 0.0, 0.0, 0.0, 0.0, 0.0, 0.0, 0.0, 0.0, 0.0, 0.0, 0.0, 0.0, 0.0, 0.0, 0.0, 0.0, 0.0, 0.0, 0.0, 0.0, 0.0, 0.0, 0.0, 0.0, 0.0, 0.0, 0.0, 0.0], 'spike_mask': [True, False, False, False, False, False, False, False, False, False, False, False, False, False, False, False, False, False, False, False, False, False, False, False, False, False, False, False, False, False, False, False, False, False, False, False, False, False, False, False, False, False, False, False, False, False, False, False, False, False, False, False, False, False, False, False, False, False, False, False, False, False, False, False, False, False, False, False, False, False, False, False], 'bulk_mask': [False, True, True, True, True, True, True, True, True, True, True, True, True, True, True, True, True, True, True, True, True, True, True, True, True, True, True, True, True, True, True, True, True, True, True, True, True, True, True, True, True, True, True, True, True, True, True, True, True, True, True, True, True, True, True, True, True, True, True, True, True, True, True, True, True, True, True, True, True, True, True, True]}","{'n_rows': 320, 'n_spike_components': 1, 'mean_signalness': 0.2163953391096694, 'median_signalness': 0.12952159614372533, 'high_signal_fraction': 0.140625, 'total_spike_energy': 13944.590309641, 'total_bulk_energy': 24267.82367683384}","{'policy': 'excess_energy', 'total_budget': 64, 'requested_spike_share': 0.3649230408363272, 'resolved_spike_share': 0.359375, 'bulk_candidate_count': 275, 'spike_candidate_count': 45, 'bulk_selected_count': 41, 'spike_selected_count': 23, 'exact_budget': True}"
student_t|snr=2|seed=101,completed,student_t,2.0,1.9999999999999996,101,320,24,0.15,ok,66.73556344276639,1,0.9994638480392157,0.9969813581011087,0.9791666666666666,0.34375,2.291666666666667,64,64,True,0.34375,"{'status': 'ok', 'empirical_bulk_edge': 66.73556344276639, 'n_components': 72, 'n_spikes': 1, 'spike_indices': [0], 'min_selection_frequency': 0.8, 'frequency_source': 'view_resampling', 'reason': 'stable components exceed the empirical null edge', 'singular_values': [136.29147503071968, 59.821200340358374, 50.112493730507325, 47.648568625160976, 45.3444590464114, 43.30700834438661, 41.88963125444128, 40.366978968633745, 39.63703503353599, 37.01118729288606, 36.137732687279225, 34.5442618739187, 34.15879828400105, 30.454150898426928, 29.48680174687286, 26.605666269267434, 24.82977692378153, 23.06859478304938, 22.706471082506738, 19.715144202702643, 17.883439625826927, 15.192020971302622, 14.295011189897176, 12.85421851529059, 1.3617672865975461e-14, 1.3617672865975461e-14, 1.3617672865975461e-14, 1.3617672865975461e-14, 1.3617672865975461e-14, 1.3617672865975461e-14, 1.3617672865975461e-14, 1.3617672865975461e-14, 1.3617672865975461e-14, 1.3617672865975461e-14, 1.3617672865975461e-14, 1.3617672865975461e-14, 1.3617672865975461e-14, 1.3617672865975461e-14, 1.3617672865975461e-14, 1.3617672865975461e-14, 1.3617672865975461e-14, 1.3617672865975461e-14, 1.3617672865975461e-14, 1.3617672865975461e-14, 1.3617672865975461e-14, 1.3617672865975461e-14, 1.3617672865975461e-14, 1.3617672865975461e-14, 1.3617672865975461e-14, 1.3617672865975461e-14, 1.3617672865975461e-14, 1.3617672865975461e-14, 1.3617672865975461e-14, 1.3617672865975461e-14, 1.3617672865975461e-14, 1.3617672865975461e-14, 1.3617672865975461e-14, 1.3617672865975461e-14, 1.3617672865975461e-14, 1.3617672865975461e-14, 1.3617672865975461e-14, 1.3617672865975461e-14, 1.3617672865975461e-14, 1.3617672865975461e-14, 1.3617672865975461e-14, 1.3617672865975461e-14, 1.3617672865975461e-14, 1.3617672865975461e-14, 1.3617672865975461e-14, 1.3617672865975461e-14, 1.3617672865975461e-14, 1.3617672865975461e-14], 'selection_frequencies': [1.0, 0.0, 0.0, 0.0, 0.0, 0.0, 0.0, 0.0, 0.0, 0.0, 0.0, 0.0, 0.0, 0.0, 0.0, 0.0, 0.0, 0.0, 0.0, 0.0, 0.0, 0.0, 0.0, 0.0, 0.0, 0.0, 0.0, 0.0, 0.0, 0.0, 0.0, 0.0, 0.0, 0.0, 0.0, 0.0, 0.0, 0.0, 0.0, 0.0, 0.0, 0.0, 0.0, 0.0, 0.0, 0.0, 0.0, 0.0, 0.0, 0.0, 0.0, 0.0, 0.0, 0.0, 0.0, 0.0, 0.0, 0.0, 0.0, 0.0, 0.0, 0.0, 0.0, 0.0, 0.0, 0.0, 0.0, 0.0, 0.0, 0.0, 0.0, 0.0], 'spike_mask': [True, False, False, False, False, False, False, False, False, False, False, False, False, False, False, False, False, False, False, False, False, False, False, False, False, False, False, False, False, False, False, False, False, False, False, False, False, False, False, False, False, False, False, False, False, False, False, False, False, False, False, False, False, False, False, False, False, False, False, False, False, False, False, False, False, False, False, False, False, False, False, False], 'bulk_mask': [False, True, True, True, True, True, True, True, True, True, True, True, True, True, True, True, True, True, True, True, True, True, True, True, True, True, True, True, True, True, True, True, True, True, True, True, True, True, True, True, True, True, True, True, True, True, True, True, True, True, True, True, True, True, True, True, True, True, True, True, True, True, True, True, True, True, True, True, True, True, True, True]}","{'n_rows': 320, 'n_spike_components': 1, 'mean_signalness': 0.2017264059035245, 'median_signalness': 0.12201648876233945, 'high_signal_fraction': 0.134375, 'total_spike_energy': 14121.73073802578, 'total_bulk_energy': 27760.99313093454}","{'policy': 'excess_energy', 'total_budget': 64, 'requested_spike_share': 0.3371731691140443, 'resolved_spike_share': 0.34375, 'bulk_candidate_count': 277, 'spike_candidate_count': 43, 'bulk_selected_count': 42, 'spike_selected_count': 22, 'exact_budget': True}"
