run_key,status,scenario,row_arm,seed,budget_multiplier,requested_model_evaluations,model_evaluations,coalition_policy,shap_mse,shap_relative_l2_error,full_kernel_loss,full_kernel_excess_loss,efficiency_residual,condition_number,explanation_drift_vs_full_rows,downstream_rmse,row_gram_relative_error,row_budget_exact,runtime_seconds
synthetic_interaction|not_applicable|seed=11|budget=2|kernel_weight,completed,synthetic_interaction,not_applicable,11,2.0,20,20,kernel_weight,0.05678858024691367,0.19012247286389833,0.8682469135802482,0.0567885802469148,3.552713678800501e-15,3.2385806044270136e+18,0.0,,,True,0.00258889999895473
synthetic_interaction|not_applicable|seed=11|budget=2|leverage,completed,synthetic_interaction,not_applicable,11,2.0,20,20,leverage,0.42097056527393717,0.5176411746905327,1.2324288986072751,0.4209705652739417,1.4210854715202004e-14,7.0914149586449944e+16,0.0,,,True,0.0029567999990831595
synthetic_interaction|not_applicable|seed=11|budget=4|kernel_weight,completed,synthetic_interaction,not_applicable,11,4.0,40,40,kernel_weight,0.015220846405093122,0.09842883629331711,0.8266791797384261,0.015220846405092692,8.881784197001252e-16,3.666271416587111e+16,0.0,,,True,0.002571200002421392
synthetic_interaction|not_applicable|seed=11|budget=4|leverage,completed,synthetic_interaction,not_applicable,11,4.0,40,40,leverage,0.02923107445330498,0.1364034448067972,0.8406894077866387,0.029231074453305306,1.7763568394002505e-15,2.1384188899810422e+17,0.0,,,True,0.0030825000030745286
synthetic_interaction|not_applicable|seed=11|budget=8|kernel_weight,completed,synthetic_interaction,not_applicable,11,8.0,80,80,kernel_weight,0.0019296642053279387,0.035046432747993246,0.8133879975386626,0.0019296642053292512,3.552713678800501e-15,2.514873962750362e+16,0.0,,,True,0.002780200000415789
synthetic_interaction|not_applicable|seed=11|budget=8|leverage,completed,synthetic_interaction,not_applicable,11,8.0,80,80,leverage,0.001571360350229591,0.03162575076635427,0.8130296936835624,0.0015713603502289786,1.7763568394002505e-15,7.218067901954202e+16,0.0,,,True,0.0028683000018645544
synthetic_interaction|not_applicable|seed=11|budget=16|kernel_weight,completed,synthetic_interaction,not_applicable,11,16.0,160,160,kernel_weight,0.0006570905131431803,0.020451047024814144,0.8121154238464758,0.0006570905131424443,1.7763568394002505e-15,4.597162251312651e+16,0.0,,,True,0.002870100001018727
synthetic_interaction|not_applicable|seed=11|budget=16|leverage,completed,synthetic_interaction,not_applicable,11,16.0,160,160,leverage,0.0013835965125758823,0.02967615823873093,0.8128419298459092,0.001383596512575802,0.0,2.9073164009142724e+16,0.0,,,True,0.003083799998421455
synthetic_threshold|not_applicable|seed=11|budget=2|kernel_weight,completed,synthetic_threshold,not_applicable,11,2.0,20,20,kernel_weight,0.02279541956550605,0.39457906823781774,0.06180573868278074,0.022795419565506042,2.220446049250313e-16,3.2385806044270136e+18,0.0,,,True,0.0023881999986770097
synthetic_threshold|not_applicable|seed=11|budget=2|leverage,completed,synthetic_threshold,not_applicable,11,2.0,20,20,leverage,0.14758872634280082,1.0040072302062641,0.18659904546007589,0.14758872634280118,1.0658141036401503e-14,7.0914149586449944e+16,0.0,,,True,0.0024530999980925117
synthetic_threshold|not_applicable|seed=11|budget=4|kernel_weight,completed,synthetic_threshold,not_applicable,11,4.0,40,40,kernel_weight,0.005858341539558056,0.20003113147311596,0.04486866065683275,0.005858341539558054,2.220446049250313e-16,3.666271416587111e+16,0.0,,,True,0.002381399997830158
synthetic_threshold|not_applicable|seed=11|budget=4|leverage,completed,synthetic_threshold,not_applicable,11,4.0,40,40,leverage,0.011382658958123142,0.2788252561420975,0.05039297807539786,0.011382658958123161,6.661338147750939e-16,2.1384188899810422e+17,0.0,,,True,0.002676899999642046
synthetic_threshold|not_applicable|seed=11|budget=8|kernel_weight,completed,synthetic_threshold,not_applicable,11,8.0,80,80,kernel_weight,0.004598782320303951,0.17722772979888304,0.04360910143757866,0.00459878232030396,6.661338147750939e-16,2.514873962750362e+16,0.0,,,True,0.0025138999990304
synthetic_threshold|not_applicable|seed=11|budget=8|leverage,completed,synthetic_threshold,not_applicable,11,8.0,80,80,leverage,0.0012830555108887774,0.09361231192413254,0.04029337462816346,0.00128305551088876,6.661338147750939e-16,7.218067901954202e+16,0.0,,,True,0.0027158999982930254
synthetic_threshold|not_applicable|seed=11|budget=16|kernel_weight,completed,synthetic_threshold,not_applicable,11,16.0,160,160,kernel_weight,0.0035709816851988855,0.15617231903511122,0.04258130080247359,0.0035709816851988915,4.440892098500626e-16,4.597162251312651e+16,0.0,,,True,0.002209199999924749
synthetic_threshold|not_applicable|seed=11|budget=16|leverage,completed,synthetic_threshold,not_applicable,11,16.0,160,160,leverage,0.001059660932904816,0.08507338424354886,0.040069980050179504,0.001059660932904806,2.220446049250313e-16,2.9073164009142724e+16,0.0,,,True,0.0020683000002463814
diabetes_hist_gradient_boosting|D0_full_rows|seed=11|budget=2|kernel_weight,completed,diabetes_hist_gradient_boosting,D0_full_rows,11,2.0,20,20,kernel_weight,32.03157875153463,0.25721049807187746,56.20145995250459,32.03157875153468,5.684341886080802e-14,3.2385806044270136e+18,0.0,60.56766481861785,0.0,True,0.005924499997490784
diabetes_hist_gradient_boosting|D0_full_rows|seed=11|budget=2|leverage,completed,diabetes_hist_gradient_boosting,D0_full_rows,11,2.0,20,20,leverage,13.358648521077715,0.16610426347287832,37.52852972204769,13.358648521077779,7.105427357601002e-14,7.0914149586449944e+16,0.0,60.56766481861785,0.0,True,0.0068199999986973125
diabetes_hist_gradient_boosting|D0_full_rows|seed=11|budget=4|kernel_weight,completed,diabetes_hist_gradient_boosting,D0_full_rows,11,4.0,40,40,kernel_weight,1.3566347004991255,0.05293354486438041,25.526515901469043,1.3566347004991286,0.0,3.666271416587111e+16,0.0,60.56766481861785,0.0,True,0.007084000000759261
diabetes_hist_gradient_boosting|D0_full_rows|seed=11|budget=4|leverage,completed,diabetes_hist_gradient_boosting,D0_full_rows,11,4.0,40,40,leverage,2.0597807859916966,0.06522438900552244,26.229661986961617,2.059780785991702,0.0,2.1384188899810422e+17,0.0,60.56766481861785,0.0,True,0.008219699997425778
diabetes_hist_gradient_boosting|D0_full_rows|seed=11|budget=8|kernel_weight,completed,diabetes_hist_gradient_boosting,D0_full_rows,11,8.0,80,80,kernel_weight,0.6157163360031384,0.03566069938019215,24.785597536973107,0.6157163360031923,5.684341886080802e-14,2.514873962750362e+16,0.0,60.56766481861785,0.0,True,0.008279199999378761
diabetes_hist_gradient_boosting|D0_full_rows|seed=11|budget=8|leverage,completed,diabetes_hist_gradient_boosting,D0_full_rows,11,8.0,80,80,leverage,0.49283114772886405,0.03190425385646792,24.66271234869879,0.49283114772887515,0.0,7.218067901954202e+16,0.0,60.56766481861785,0.0,True,0.008055400001467206
diabetes_hist_gradient_boosting|D0_full_rows|seed=11|budget=16|kernel_weight,completed,diabetes_hist_gradient_boosting,D0_full_rows,11,16.0,160,160,kernel_weight,0.054547431729362585,0.010614185464004573,24.224428632699265,0.05454743172935039,1.4210854715202004e-14,4.597162251312651e+16,0.0,60.56766481861785,0.0,True,0.007426100000884617
diabetes_hist_gradient_boosting|D0_full_rows|seed=11|budget=16|leverage,completed,diabetes_hist_gradient_boosting,D0_full_rows,11,16.0,160,160,leverage,0.05591369013626135,0.010746290978952458,24.225794891106172,0.0559136901362578,2.842170943040401e-14,2.9073164009142724e+16,0.0,60.56766481861785,0.0,True,0.007426100000884617
diabetes_hist_gradient_boosting|D1_uniform_rows|seed=11|budget=2|kernel_weight,completed,diabetes_hist_gradient_boosting,D1_uniform_rows,11,2.0,20,20,kernel_weight,41.46808067094819,0.3195876529668239,55.53478757599689,41.46808067094821,1.4210854715202004e-14,3.2385806044270136e+18,0.39419302373335957,70.08546103216248,0.19156764920385394,True,0.007214000001113163
diabetes_hist_gradient_boosting|D1_uniform_rows|seed=11|budget=2|leverage,completed,diabetes_hist_gradient_boosting,D1_uniform_rows,11,2.0,20,20,leverage,0.13744649224836814,0.018399238768993825,14.204153397296963,0.13744649224829075,5.684341886080802e-14,7.0914149586449944e+16,0.39419302373335957,70.08546103216248,0.19156764920385394,True,0.006907299997692462
diabetes_hist_gradient_boosting|D1_uniform_rows|seed=11|budget=4|kernel_weight,completed,diabetes_hist_gradient_boosting,D1_uniform_rows,11,4.0,40,40,kernel_weight,5.141400949777944e-28,1.125314102935204e-15,14.06670690504866,0.0,1.4210854715202004e-14,3.666271416587111e+16,0.39419302373335957,70.08546103216248,0.19156764920385394,True,0.007117400000424823
diabetes_hist_gradient_boosting|D1_uniform_rows|seed=11|budget=4|leverage,completed,diabetes_hist_gradient_boosting,D1_uniform_rows,11,4.0,40,40,leverage,9.724682809112023e-28,1.5476428561085049e-15,14.06670690504875,7.815970093361102e-14,2.842170943040401e-14,2.1384188899810422e+17,0.39419302373335957,70.08546103216248,0.19156764920385394,True,0.007487299997592345
diabetes_hist_gradient_boosting|D1_uniform_rows|seed=11|budget=8|kernel_weight,completed,diabetes_hist_gradient_boosting,D1_uniform_rows,11,8.0,80,80,kernel_weight,3.3538421385471315e-28,9.088753679278258e-16,14.06670690504883,1.580957587066223e-13,8.526512829121202e-14,2.514873962750362e+16,0.39419302373335957,70.08546103216248,0.19156764920385394,True,0.007969400001456961
diabetes_hist_gradient_boosting|D1_uniform_rows|seed=11|budget=8|leverage,completed,diabetes_hist_gradient_boosting,D1_uniform_rows,11,8.0,80,80,leverage,7.131697013650557e-28,1.3253465960914933e-15,14.066706905048786,1.1368683772161603e-13,4.263256414560601e-14,7.218067901954202e+16,0.39419302373335957,70.08546103216248,0.19156764920385394,True,0.008084799999778625
diabetes_hist_gradient_boosting|D1_uniform_rows|seed=11|budget=16|kernel_weight,completed,diabetes_hist_gradient_boosting,D1_uniform_rows,11,16.0,160,160,kernel_weight,1.2247065553556208e-28,5.492234174997141e-16,14.066706905048612,0.0,4.263256414560601e-14,4.597162251312651e+16,0.39419302373335957,70.08546103216248,0.19156764920385394,True,0.008540099999663653
diabetes_hist_gradient_boosting|D1_uniform_rows|seed=11|budget=16|leverage,completed,diabetes_hist_gradient_boosting,D1_uniform_rows,11,16.0,160,160,leverage,1.8337071741862419e-28,6.720444780715281e-16,14.066706905048669,0.0,1.4210854715202004e-14,2.9073164009142724e+16,0.39419302373335957,70.08546103216248,0.19156764920385394,True,0.010861500002647517
diabetes_hist_gradient_boosting|D2_robust_leverage_ipw|seed=11|budget=2|kernel_weight,completed,diabetes_hist_gradient_boosting,D2_robust_leverage_ipw,11,2.0,20,20,kernel_weight,11.33448494444554,0.12755589727572994,15.209386997474146,11.334484944445556,2.842170943040401e-14,3.2385806044270136e+18,0.5912321427067397,65.54306919626498,0.16490879545766726,True,0.00937300000077812
diabetes_hist_gradient_boosting|D2_robust_leverage_ipw|seed=11|budget=2|leverage,completed,diabetes_hist_gradient_boosting,D2_robust_leverage_ipw,11,2.0,20,20,leverage,72.09708213130448,0.321705504135615,75.97198418433305,72.09708213130446,1.4210854715202004e-14,7.0914149586449944e+16,0.5912321427067397,65.54306919626498,0.16490879545766726,True,0.008388999998715008
diabetes_hist_gradient_boosting|D2_robust_leverage_ipw|seed=11|budget=4|kernel_weight,completed,diabetes_hist_gradient_boosting,D2_robust_leverage_ipw,11,4.0,40,40,kernel_weight,1.1899375109580047e-27,1.306958280708644e-15,3.874902053028583,0.0,1.4210854715202004e-14,3.666271416587111e+16,0.5912321427067397,65.54306919626498,0.16490879545766726,True,0.007944799999677343
diabetes_hist_gradient_boosting|D2_robust_leverage_ipw|seed=11|budget=4|leverage,completed,diabetes_hist_gradient_boosting,D2_robust_leverage_ipw,11,4.0,40,40,leverage,2.5082818557633597e-27,1.8975263499208403e-15,3.874902053028606,1.5987211554602254e-14,1.4210854715202004e-14,2.1384188899810422e+17,0.5912321427067397,65.54306919626498,0.16490879545766726,True,0.007966100001794985
diabetes_hist_gradient_boosting|D2_robust_leverage_ipw|seed=11|budget=8|kernel_weight,completed,diabetes_hist_gradient_boosting,D2_robust_leverage_ipw,11,8.0,80,80,kernel_weight,1.3183640663279854e-27,1.3756796905974712e-15,3.874902053028685,9.50350909079134e-14,9.947598300641403e-14,2.514873962750362e+16,0.5912321427067397,65.54306919626498,0.16490879545766726,True,0.007874599999922793
diabetes_hist_gradient_boosting|D2_robust_leverage_ipw|seed=11|budget=8|leverage,completed,diabetes_hist_gradient_boosting,D2_robust_leverage_ipw,11,8.0,80,80,leverage,5.979762876801575e-28,9.264919035997435e-16,3.8749020530286,9.769962616701378e-15,1.4210854715202004e-14,7.218067901954202e+16,0.5912321427067397,65.54306919626498,0.16490879545766726,True,0.009079299998120405
diabetes_hist_gradient_boosting|D2_robust_leverage_ipw|seed=11|budget=16|kernel_weight,completed,diabetes_hist_gradient_boosting,D2_robust_leverage_ipw,11,16.0,160,160,kernel_weight,5.452803792113939e-28,8.84727613773872e-16,3.874902053028519,0.0,7.105427357601002e-14,4.597162251312651e+16,0.5912321427067397,65.54306919626498,0.16490879545766726,True,0.008606600000348408
diabetes_hist_gradient_boosting|D2_robust_leverage_ipw|seed=11|budget=16|leverage,completed,diabetes_hist_gradient_boosting,D2_robust_leverage_ipw,11,16.0,160,160,leverage,3.272392250083062e-28,6.853814166675601e-16,3.874902053028627,3.68594044175552e-14,4.263256414560601e-14,2.9073164009142724e+16,0.5912321427067397,65.54306919626498,0.16490879545766726,True,0.008613800000603078
synthetic_interaction|not_applicable|seed=29|budget=2|kernel_weight,completed,synthetic_interaction,not_applicable,29,2.0,20,20,kernel_weight,0.3062500000000066,0.44151046042612463,1.117708333333338,0.3062500000000046,5.329070518200751e-15,4.47248507230433e+16,0.0,,,True,0.0026637000009941403
synthetic_interaction|not_applicable|seed=29|budget=2|leverage,completed,synthetic_interaction,not_applicable,29,2.0,20,20,leverage,0.7070095486111112,0.6708348071180694,1.518467881944443,0.7070095486111097,3.552713678800501e-15,2.7695480091902668e+16,0.0,,,True,0.0025496000016573817
synthetic_interaction|not_applicable|seed=29|budget=4|kernel_weight,completed,synthetic_interaction,not_applicable,29,4.0,40,40,kernel_weight,0.005564052039911717,0.0595111770952822,0.8170223853732437,0.005564052039910283,3.552713678800501e-15,2.747663450425896e+16,0.0,,,True,0.0026706999997259118
synthetic_interaction|not_applicable|seed=29|budget=4|leverage,completed,synthetic_interaction,not_applicable,29,4.0,40,40,leverage,0.01855929675214198,0.108688527939615,0.8300176300854766,0.018559296752143184,3.552713678800501e-15,3.0191439594620456e+16,0.0,,,True,0.0027312999991409015
synthetic_interaction|not_applicable|seed=29|budget=8|kernel_weight,completed,synthetic_interaction,not_applicable,29,8.0,80,80,kernel_weight,0.00281414854626243,0.042323001314082974,0.8142724818795969,0.002814148546263495,3.552713678800501e-15,5.056113462131263e+16,0.0,,,True,0.002551600002334453
synthetic_interaction|not_applicable|seed=29|budget=8|leverage,completed,synthetic_interaction,not_applicable,29,8.0,80,80,leverage,0.0076445753322112895,0.0697556887461038,0.8191029086655428,0.007644575332209413,5.329070518200751e-15,3.2910508792076452e+16,0.0,,,True,0.0030673000001115724
synthetic_interaction|not_applicable|seed=29|budget=16|kernel_weight,completed,synthetic_interaction,not_applicable,29,16.0,160,160,kernel_weight,0.002026800811469461,0.03591769709244109,0.8134851341448013,0.002026800811467888,4.440892098500626e-15,1.6855488046967964e+16,0.0,,,True,0.00284299999839277
synthetic_interaction|not_applicable|seed=29|budget=16|leverage,completed,synthetic_interaction,not_applicable,29,16.0,160,160,leverage,0.0008055884393181579,0.022644334489306556,0.8122639217726513,0.0008055884393178836,0.0,2.761091310262767e+16,0.0,,,True,0.0033218999997188803
synthetic_threshold|not_applicable|seed=29|budget=2|kernel_weight,completed,synthetic_threshold,not_applicable,29,2.0,20,20,kernel_weight,0.13761509275783207,0.9694898831524142,0.1766254118751069,0.1376150927578322,5.551115123125783e-15,4.47248507230433e+16,0.0,,,True,0.0023665000007895287
synthetic_threshold|not_applicable|seed=29|budget=2|leverage,completed,synthetic_threshold,not_applicable,29,2.0,20,20,leverage,0.019221211926151394,0.36232694435038204,0.05823153104342613,0.01922121192615143,8.881784197001252e-16,2.7695480091902668e+16,0.0,,,True,0.002684600000065984
synthetic_threshold|not_applicable|seed=29|budget=4|kernel_weight,completed,synthetic_threshold,not_applicable,29,4.0,40,40,kernel_weight,0.007988875491906028,0.23358936937735283,0.046999194609180714,0.007988875491906015,2.220446049250313e-16,2.747663450425896e+16,0.0,,,True,0.003333799999381881
synthetic_threshold|not_applicable|seed=29|budget=4|leverage,completed,synthetic_threshold,not_applicable,29,4.0,40,40,leverage,0.007235569234919312,0.22230365317331213,0.04624588835219401,0.00723556923491931,2.220446049250313e-16,3.0191439594620456e+16,0.0,,,True,0.003872199999022996
synthetic_threshold|not_applicable|seed=29|budget=8|kernel_weight,completed,synthetic_threshold,not_applicable,29,8.0,80,80,kernel_weight,0.002271515376771839,0.12455698533402441,0.04128183449404654,0.0022715153767718446,2.220446049250313e-16,5.056113462131263e+16,0.0,,,True,0.0030960999974922743
synthetic_threshold|not_applicable|seed=29|budget=8|leverage,completed,synthetic_threshold,not_applicable,29,8.0,80,80,leverage,0.0031374204875411664,0.14638501176878285,0.042147739604815895,0.003137420487541197,6.661338147750939e-16,3.2910508792076452e+16,0.0,,,True,0.003304099998786114
synthetic_threshold|not_applicable|seed=29|budget=16|kernel_weight,completed,synthetic_threshold,not_applicable,29,16.0,160,160,kernel_weight,0.0007851352073413448,0.07322889387906005,0.039795454324616036,0.0007851352073413378,2.220446049250313e-16,1.6855488046967964e+16,0.0,,,True,0.003240999998524785
synthetic_threshold|not_applicable|seed=29|budget=16|leverage,completed,synthetic_threshold,not_applicable,29,16.0,160,160,leverage,0.0012855008526370235,0.0937014760818918,0.04029581996991172,0.0012855008526370185,2.220446049250313e-16,2.761091310262767e+16,0.0,,,True,0.0034763999974529725
diabetes_hist_gradient_boosting|D0_full_rows|seed=29|budget=2|kernel_weight,completed,diabetes_hist_gradient_boosting,D0_full_rows,29,2.0,20,20,kernel_weight,34.50623347341134,0.291846526069279,81.61978140863306,34.506233473411314,2.842170943040401e-14,4.47248507230433e+16,0.0,60.849147907349426,0.0,True,0.011421500003052643
diabetes_hist_gradient_boosting|D0_full_rows|seed=29|budget=2|leverage,completed,diabetes_hist_gradient_boosting,D0_full_rows,29,2.0,20,20,leverage,4.529494842867698,0.10573788874876434,51.64304277808949,4.5294948428677415,8.526512829121202e-14,2.7695480091902668e+16,0.0,60.849147907349426,0.0,True,0.011142200000904268
diabetes_hist_gradient_boosting|D0_full_rows|seed=29|budget=4|kernel_weight,completed,diabetes_hist_gradient_boosting,D0_full_rows,29,4.0,40,40,kernel_weight,2.635427825952214,0.08065500332790371,49.748975761173895,2.6354278259521493,5.684341886080802e-14,2.747663450425896e+16,0.0,60.849147907349426,0.0,True,0.013130200000887271
diabetes_hist_gradient_boosting|D0_full_rows|seed=29|budget=4|leverage,completed,diabetes_hist_gradient_boosting,D0_full_rows,29,4.0,40,40,leverage,1.3173617497084915,0.05702407832823373,48.430909684930185,1.3173617497084393,2.842170943040401e-14,3.0191439594620456e+16,0.0,60.849147907349426,0.0,True,0.01067499999771826
diabetes_hist_gradient_boosting|D0_full_rows|seed=29|budget=8|kernel_weight,completed,diabetes_hist_gradient_boosting,D0_full_rows,29,8.0,80,80,kernel_weight,0.7232121739834284,0.04225115776345766,47.836760109205144,0.7232121739833985,0.0,5.056113462131263e+16,0.0,60.849147907349426,0.0,True,0.009697800000139978
diabetes_hist_gradient_boosting|D0_full_rows|seed=29|budget=8|leverage,completed,diabetes_hist_gradient_boosting,D0_full_rows,29,8.0,80,80,leverage,0.8221687859123143,0.045049112778808256,47.935716721134014,0.8221687859122682,5.684341886080802e-14,3.2910508792076452e+16,0.0,60.849147907349426,0.0,True,0.011026899999706075
diabetes_hist_gradient_boosting|D0_full_rows|seed=29|budget=16|kernel_weight,completed,diabetes_hist_gradient_boosting,D0_full_rows,29,16.0,160,160,kernel_weight,0.13145130522575557,0.01801308926801562,47.244999240447505,0.13145130522575954,2.842170943040401e-14,1.6855488046967964e+16,0.0,60.849147907349426,0.0,True,0.010722500002884772
diabetes_hist_gradient_boosting|D0_full_rows|seed=29|budget=16|leverage,completed,diabetes_hist_gradient_boosting,D0_full_rows,29,16.0,160,160,leverage,0.2638265209626512,0.025519077754823153,47.3773744561844,0.26382652096265247,2.842170943040401e-14,2.761091310262767e+16,0.0,60.849147907349426,0.0,True,0.011275299999397248
diabetes_hist_gradient_boosting|D1_uniform_rows|seed=29|budget=2|kernel_weight,completed,diabetes_hist_gradient_boosting,D1_uniform_rows,29,2.0,20,20,kernel_weight,2.1807842788085934e-26,7.943670827926514e-15,23.258669459478917,8.526512829121202e-14,2.842170943040401e-14,4.47248507230433e+16,0.7643302700197845,61.233650308063794,0.2137990531161912,True,0.01111490000039339
diabetes_hist_gradient_boosting|D1_uniform_rows|seed=29|budget=2|leverage,completed,diabetes_hist_gradient_boosting,D1_uniform_rows,29,2.0,20,20,leverage,69.44219926440314,0.44825652385938164,92.70086872388168,69.44219926440286,1.1368683772161603e-13,2.7695480091902668e+16,0.7643302700197845,61.233650308063794,0.2137990531161912,True,0.01095530000020517
diabetes_hist_gradient_boosting|D1_uniform_rows|seed=29|budget=4|kernel_weight,completed,diabetes_hist_gradient_boosting,D1_uniform_rows,29,4.0,40,40,kernel_weight,2.326548024723069e-28,8.204854736261526e-16,23.25866945947899,1.5987211554602254e-13,5.684341886080802e-14,2.747663450425896e+16,0.7643302700197845,61.233650308063794,0.2137990531161912,True,0.010302899998350767
diabetes_hist_gradient_boosting|D1_uniform_rows|seed=29|budget=4|leverage,completed,diabetes_hist_gradient_boosting,D1_uniform_rows,29,4.0,40,40,leverage,2.194394101575919e-27,2.5198355530229654e-15,23.258669459478856,2.4868995751603507e-14,0.0,3.0191439594620456e+16,0.7643302700197845,61.233650308063794,0.2137990531161912,True,0.010375800000474555
diabetes_hist_gradient_boosting|D1_uniform_rows|seed=29|budget=8|kernel_weight,completed,diabetes_hist_gradient_boosting,D1_uniform_rows,29,8.0,80,80,kernel_weight,1.9952264445302442e-28,7.598204563762165e-16,23.25866945947883,0.0,0.0,5.056113462131263e+16,0.7643302700197845,61.233650308063794,0.2137990531161912,True,0.01019559999986086
diabetes_hist_gradient_boosting|D1_uniform_rows|seed=29|budget=8|leverage,completed,diabetes_hist_gradient_boosting,D1_uniform_rows,29,8.0,80,80,leverage,8.48222688338893e-29,4.954157713072415e-16,23.25866945947896,1.2789769243681803e-13,4.263256414560601e-14,3.2910508792076452e+16,0.7643302700197845,61.233650308063794,0.2137990531161912,True,0.010117899997567292
diabetes_hist_gradient_boosting|D1_uniform_rows|seed=29|budget=16|kernel_weight,completed,diabetes_hist_gradient_boosting,D1_uniform_rows,29,16.0,160,160,kernel_weight,5.747048909761376e-28,1.28954746538465e-15,23.258669459478902,7.105427357601002e-14,2.842170943040401e-14,1.6855488046967964e+16,0.7643302700197845,61.233650308063794,0.2137990531161912,True,0.011304699997708667
diabetes_hist_gradient_boosting|D1_uniform_rows|seed=29|budget=16|leverage,completed,diabetes_hist_gradient_boosting,D1_uniform_rows,29,16.0,160,160,leverage,7.362044397975093e-29,4.615450543700325e-16,23.25866945947881,0.0,2.842170943040401e-14,2.761091310262767e+16,0.7643302700197845,61.233650308063794,0.2137990531161912,True,0.010689999999158317
diabetes_hist_gradient_boosting|D2_robust_leverage_ipw|seed=29|budget=2|kernel_weight,completed,diabetes_hist_gradient_boosting,D2_robust_leverage_ipw,29,2.0,20,20,kernel_weight,0.1963170941816009,0.039111089292605955,6.8743450594527875,0.1963170941816088,2.1316282072803006e-14,4.47248507230433e+16,0.7895619797642156,58.802332692749225,0.19511368982343244,True,0.019337000001542037
diabetes_hist_gradient_boosting|D2_robust_leverage_ipw|seed=29|budget=2|leverage,completed,diabetes_hist_gradient_boosting,D2_robust_leverage_ipw,29,2.0,20,20,leverage,4.201050190968905,0.18092550282470327,10.879078156240071,4.201050190968893,4.973799150320701e-14,2.7695480091902668e+16,0.7895619797642156,58.802332692749225,0.19511368982343244,True,0.01247720000174013
diabetes_hist_gradient_boosting|D2_robust_leverage_ipw|seed=29|budget=4|kernel_weight,completed,diabetes_hist_gradient_boosting,D2_robust_leverage_ipw,29,4.0,40,40,kernel_weight,0.011331511000533897,0.009396470736100702,6.689359476271717,0.011331511000538086,0.0,2.747663450425896e+16,0.7895619797642156,58.802332692749225,0.19511368982343244,True,0.019250599998485995
diabetes_hist_gradient_boosting|D2_robust_leverage_ipw|seed=29|budget=4|leverage,completed,diabetes_hist_gradient_boosting,D2_robust_leverage_ipw,29,4.0,40,40,leverage,0.005462027649207869,0.006523757367212402,6.6834899929203875,0.005462027649208778,0.0,3.0191439594620456e+16,0.7895619797642156,58.802332692749225,0.19511368982343244,True,0.011391600000933977
diabetes_hist_gradient_boosting|D2_robust_leverage_ipw|seed=29|budget=8|kernel_weight,completed,diabetes_hist_gradient_boosting,D2_robust_leverage_ipw,29,8.0,80,80,kernel_weight,0.0014566505567817837,0.003368980853188016,6.679484615827969,0.0014566505567898957,1.4210854715202004e-14,5.056113462131263e+16,0.7895619797642156,58.802332692749225,0.19511368982343244,True,0.012111500000173692
diabetes_hist_gradient_boosting|D2_robust_leverage_ipw|seed=29|budget=8|leverage,completed,diabetes_hist_gradient_boosting,D2_robust_leverage_ipw,29,8.0,80,80,leverage,0.005059848157316327,0.00627898716429136,6.6830878134285,0.005059848157321412,1.4210854715202004e-14,3.2910508792076452e+16,0.7895619797642156,58.802332692749225,0.19511368982343244,True,0.011931299999559997
diabetes_hist_gradient_boosting|D2_robust_leverage_ipw|seed=29|budget=16|kernel_weight,completed,diabetes_hist_gradient_boosting,D2_robust_leverage_ipw,29,16.0,160,160,kernel_weight,0.0010418595164848152,0.0028492163948509366,6.679069824787664,0.0010418595164853883,7.105427357601002e-15,1.6855488046967964e+16,0.7895619797642156,58.802332692749225,0.19511368982343244,True,0.011931900000490714
diabetes_hist_gradient_boosting|D2_robust_leverage_ipw|seed=29|budget=16|leverage,completed,diabetes_hist_gradient_boosting,D2_robust_leverage_ipw,29,16.0,160,160,leverage,0.0012053502129002547,0.0030646259709021565,6.67923331548408,0.001205350212901024,7.105427357601002e-15,2.761091310262767e+16,0.7895619797642156,58.802332692749225,0.19511368982343244,True,0.008871199999703094
synthetic_interaction|not_applicable|seed=47|budget=2|kernel_weight,completed,synthetic_interaction,not_applicable,47,2.0,20,20,kernel_weight,0.4593750000000118,0.5407376720726365,1.2708333333333384,0.459375000000005,1.9539925233402755e-14,2.4811296088448604e+16,0.0,,,True,0.0024068000020633917
synthetic_interaction|not_applicable|seed=47|budget=2|leverage,completed,synthetic_interaction,not_applicable,47,2.0,20,20,leverage,0.08089313271604956,0.2269126856898228,0.8923514660493839,0.08089313271605048,3.552713678800501e-15,1.1454187502362891e+17,0.0,,,True,0.00247260000105598
synthetic_interaction|not_applicable|seed=47|budget=4|kernel_weight,completed,synthetic_interaction,not_applicable,47,4.0,40,40,kernel_weight,0.012540883636172315,0.08934433442609664,0.8239992169695054,0.012540883636172007,0.0,2.585276790303004e+16,0.0,,,True,0.002468300001055468
synthetic_interaction|not_applicable|seed=47|budget=4|leverage,completed,synthetic_interaction,not_applicable,47,4.0,40,40,leverage,0.011289661300164852,0.08477023854320337,0.8227479946334988,0.011289661300165399,1.7763568394002505e-15,1.0182230507371324e+16,0.0,,,True,0.0026139000001421664
synthetic_interaction|not_applicable|seed=47|budget=8|kernel_weight,completed,synthetic_interaction,not_applicable,47,8.0,80,80,kernel_weight,0.0014644147006081139,0.0305305753568985,0.8129227480339409,0.0014644147006075414,1.7763568394002505e-15,2.5957148353165028e+16,0.0,,,True,0.0025229999992006924
synthetic_interaction|not_applicable|seed=47|budget=8|leverage,completed,synthetic_interaction,not_applicable,47,8.0,80,80,leverage,0.00786693547741592,0.07076291956726997,0.8193252688107486,0.007866935477415238,1.7763568394002505e-15,1.173633476766396e+16,0.0,,,True,0.002738400002272101
synthetic_interaction|not_applicable|seed=47|budget=16|kernel_weight,completed,synthetic_interaction,not_applicable,47,16.0,160,160,kernel_weight,0.000932059332958005,0.0243570522953745,0.8123903926662912,0.0009320593329578131,0.0,9264067938274624.0,0.0,,,True,0.0028128999983891845
synthetic_interaction|not_applicable|seed=47|budget=16|leverage,completed,synthetic_interaction,not_applicable,47,16.0,160,160,leverage,0.0011811631425201782,0.027419396522999063,0.8126394964758533,0.0011811631425199254,0.0,2.98511717106773e+16,0.0,,,True,0.0030225000009522773
synthetic_threshold|not_applicable|seed=47|budget=2|kernel_weight,completed,synthetic_threshold,not_applicable,47,2.0,20,20,kernel_weight,0.3772486836515707,1.6051813840615325,0.4162590027688476,0.3772486836515729,6.994405055138486e-14,2.4811296088448604e+16,0.0,,,True,0.0023110000001906883
synthetic_threshold|not_applicable|seed=47|budget=2|leverage,completed,synthetic_threshold,not_applicable,47,2.0,20,20,leverage,0.03209730790079301,0.46821416894865103,0.07110762701806769,0.032097307900792994,6.661338147750939e-16,1.1454187502362891e+17,0.0,,,True,0.002479899998434121
synthetic_threshold|not_applicable|seed=47|budget=4|kernel_weight,completed,synthetic_threshold,not_applicable,47,4.0,40,40,kernel_weight,0.008196349110915466,0.23660312260303218,0.04720666822819018,0.008196349110915484,4.440892098500626e-16,2.585276790303004e+16,0.0,,,True,0.0024064999997790437
synthetic_threshold|not_applicable|seed=47|budget=4|leverage,completed,synthetic_threshold,not_applicable,47,4.0,40,40,leverage,0.006865780726557811,0.21654851629900157,0.04587609984383248,0.006865780726557781,1.1102230246251565e-15,1.0182230507371324e+16,0.0,,,True,0.0026695999986259267
synthetic_threshold|not_applicable|seed=47|budget=8|kernel_weight,completed,synthetic_threshold,not_applicable,47,8.0,80,80,kernel_weight,0.00431923408440055,0.17175667286183646,0.04332955320167525,0.004319234084400554,2.220446049250313e-16,2.5957148353165028e+16,0.0,,,True,0.002643800002260832
synthetic_threshold|not_applicable|seed=47|budget=8|leverage,completed,synthetic_threshold,not_applicable,47,8.0,80,80,leverage,0.0019054204425501878,0.11407898751258397,0.04091573955982489,0.0019054204425501889,2.220446049250313e-16,1.173633476766396e+16,0.0,,,True,0.0028186999988975003
synthetic_threshold|not_applicable|seed=47|budget=16|kernel_weight,completed,synthetic_threshold,not_applicable,47,16.0,160,160,kernel_weight,0.0014094468713916075,0.09811481805882274,0.040419765988666305,0.0014094468713916064,2.220446049250313e-16,9264067938274624.0,0.0,,,True,0.0028730999983963557
synthetic_threshold|not_applicable|seed=47|budget=16|leverage,completed,synthetic_threshold,not_applicable,47,16.0,160,160,leverage,0.0009322571686048621,0.07979544732058282,0.03994257628587955,0.0009322571686048511,2.220446049250313e-16,2.98511717106773e+16,0.0,,,True,0.003422000001592096
diabetes_hist_gradient_boosting|D0_full_rows|seed=47|budget=2|kernel_weight,completed,diabetes_hist_gradient_boosting,D0_full_rows,47,2.0,20,20,kernel_weight,188.7743151735861,0.6824139403219497,255.7751350601917,188.7743151735869,3.836930773104541e-13,2.4811296088448604e+16,0.0,58.419726368837246,0.0,True,0.009175399998639477
diabetes_hist_gradient_boosting|D0_full_rows|seed=47|budget=2|leverage,completed,diabetes_hist_gradient_boosting,D0_full_rows,47,2.0,20,20,leverage,79.45063910504932,0.4427159163097469,146.45145899165402,79.4506391050492,5.684341886080802e-14,1.1454187502362891e+17,0.0,58.419726368837246,0.0,True,0.008135500000207685
diabetes_hist_gradient_boosting|D0_full_rows|seed=47|budget=4|kernel_weight,completed,diabetes_hist_gradient_boosting,D0_full_rows,47,4.0,40,40,kernel_weight,5.204516999792402,0.11330958632223617,72.20533688639708,5.204516999792261,4.263256414560601e-14,2.585276790303004e+16,0.0,58.419726368837246,0.0,True,0.007491899999877205
diabetes_hist_gradient_boosting|D0_full_rows|seed=47|budget=4|leverage,completed,diabetes_hist_gradient_boosting,D0_full_rows,47,4.0,40,40,leverage,14.058076144758186,0.18622560074664135,81.058896031363,14.05807614475819,0.0,1.0182230507371324e+16,0.0,58.419726368837246,0.0,True,0.0071176000019477215
diabetes_hist_gradient_boosting|D0_full_rows|seed=47|budget=8|kernel_weight,completed,diabetes_hist_gradient_boosting,D0_full_rows,47,8.0,80,80,kernel_weight,3.3896383325728685,0.09144355877284059,70.39045821917766,3.3896383325728436,1.4210854715202004e-14,2.5957148353165028e+16,0.0,58.419726368837246,0.0,True,0.007209400002466282
diabetes_hist_gradient_boosting|D0_full_rows|seed=47|budget=8|leverage,completed,diabetes_hist_gradient_boosting,D0_full_rows,47,8.0,80,80,leverage,4.713287261333024,0.10782969904050542,71.71410714793792,4.713287261333107,5.684341886080802e-14,1.173633476766396e+16,0.0,58.419726368837246,0.0,True,0.007367800000793068
diabetes_hist_gradient_boosting|D0_full_rows|seed=47|budget=16|kernel_weight,completed,diabetes_hist_gradient_boosting,D0_full_rows,47,16.0,160,160,kernel_weight,0.36653733736843863,0.03007014682297745,67.36735722397334,0.366537337368527,5.684341886080802e-14,9264067938274624.0,0.0,58.419726368837246,0.0,True,0.009691800001746742
diabetes_hist_gradient_boosting|D0_full_rows|seed=47|budget=16|leverage,completed,diabetes_hist_gradient_boosting,D0_full_rows,47,16.0,160,160,leverage,0.987398612229736,0.0493540383855033,67.98821849883456,0.9873986122297396,1.4210854715202004e-14,2.98511717106773e+16,0.0,58.419726368837246,0.0,True,0.010168099997827085
diabetes_hist_gradient_boosting|D1_uniform_rows|seed=47|budget=2|kernel_weight,completed,diabetes_hist_gradient_boosting,D1_uniform_rows,47,2.0,20,20,kernel_weight,5.632013268257522e-27,3.8493278872376436e-15,16.078898544352974,0.0,3.694822225952521e-13,2.4811296088448604e+16,1.1529543975394083,66.58636886096654,0.21330331515295237,True,0.009330799999588635
diabetes_hist_gradient_boosting|D1_uniform_rows|seed=47|budget=2|leverage,completed,diabetes_hist_gradient_boosting,D1_uniform_rows,47,2.0,20,20,leverage,14.04509621354498,0.19222746145355857,30.123994757898835,14.04509621354503,2.842170943040401e-14,1.1454187502362891e+17,1.1529543975394083,66.58636886096654,0.21330331515295237,True,0.011120499999378808
diabetes_hist_gradient_boosting|D1_uniform_rows|seed=47|budget=4|kernel_weight,completed,diabetes_hist_gradient_boosting,D1_uniform_rows,47,4.0,40,40,kernel_weight,6.8254217671985e-28,1.3400401721564208e-15,16.078898544353837,3.197442310920451e-14,2.842170943040401e-14,2.585276790303004e+16,1.1529543975394083,66.58636886096654,0.21330331515295237,True,0.010777699997561285
diabetes_hist_gradient_boosting|D1_uniform_rows|seed=47|budget=4|leverage,completed,diabetes_hist_gradient_boosting,D1_uniform_rows,47,4.0,40,40,leverage,1.5755524429526658e-28,6.438274706814989e-16,16.078898544353933,1.2789769243681803e-13,7.105427357601002e-14,1.0182230507371324e+16,1.1529543975394083,66.58636886096654,0.21330331515295237,True,0.011162799997691764
diabetes_hist_gradient_boosting|D1_uniform_rows|seed=47|budget=8|kernel_weight,completed,diabetes_hist_gradient_boosting,D1_uniform_rows,47,8.0,80,80,kernel_weight,6.628403756119552e-29,4.175971718539361e-16,16.078898544353876,7.105427357601002e-14,4.263256414560601e-14,2.5957148353165028e+16,1.1529543975394083,66.58636886096654,0.21330331515295237,True,0.009799800001928816
diabetes_hist_gradient_boosting|D1_uniform_rows|seed=47|budget=8|leverage,completed,diabetes_hist_gradient_boosting,D1_uniform_rows,47,8.0,80,80,leverage,1.2258306821455607e-27,1.795842788821062e-15,16.07889854435371,0.0,2.842170943040401e-14,1.173633476766396e+16,1.1529543975394083,66.58636886096654,0.21330331515295237,True,0.010290999998687766
diabetes_hist_gradient_boosting|D1_uniform_rows|seed=47|budget=16|kernel_weight,completed,diabetes_hist_gradient_boosting,D1_uniform_rows,47,16.0,160,160,kernel_weight,4.319348721969759e-27,3.371026802074059e-15,16.078898544353823,1.7763568394002505e-14,2.842170943040401e-14,9264067938274624.0,1.1529543975394083,66.58636886096654,0.21330331515295237,True,0.010590300000330899
diabetes_hist_gradient_boosting|D1_uniform_rows|seed=47|budget=16|leverage,completed,diabetes_hist_gradient_boosting,D1_uniform_rows,47,16.0,160,160,leverage,1.989704418193697e-28,7.235146904079877e-16,16.07889854435372,0.0,2.842170943040401e-14,2.98511717106773e+16,1.1529543975394083,66.58636886096654,0.21330331515295237,True,0.011540800001967
diabetes_hist_gradient_boosting|D2_robust_leverage_ipw|seed=47|budget=2|kernel_weight,completed,diabetes_hist_gradient_boosting,D2_robust_leverage_ipw,47,2.0,20,20,kernel_weight,2.2310090804917524e-26,7.882242293401551e-15,32.55581215813896,1.2363443602225743e-12,3.836930773104541e-13,2.4811296088448604e+16,0.9556841057793775,57.78557254702806,0.14743528238153342,True,0.01059240000176942
diabetes_hist_gradient_boosting|D2_robust_leverage_ipw|seed=47|budget=2|leverage,completed,diabetes_hist_gradient_boosting,D2_robust_leverage_ipw,47,2.0,20,20,leverage,9.921260968378693,0.16621972074250174,42.477073126516174,9.921260968378448,6.394884621840902e-14,1.1454187502362891e+17,0.9556841057793775,57.78557254702806,0.14743528238153342,True,0.011094500001490815
diabetes_hist_gradient_boosting|D2_robust_leverage_ipw|seed=47|budget=4|kernel_weight,completed,diabetes_hist_gradient_boosting,D2_robust_leverage_ipw,47,4.0,40,40,kernel_weight,1.3101401913910564e-27,1.910108320988444e-15,32.555812158137805,7.815970093361102e-14,2.842170943040401e-14,2.585276790303004e+16,0.9556841057793775,57.78557254702806,0.14743528238153342,True,0.010442299997521332
diabetes_hist_gradient_boosting|D2_robust_leverage_ipw|seed=47|budget=4|leverage,completed,diabetes_hist_gradient_boosting,D2_robust_leverage_ipw,47,4.0,40,40,leverage,1.3257596373144324e-27,1.92146070812544e-15,32.55581215813788,1.5631940186722204e-13,5.684341886080802e-14,1.0182230507371324e+16,0.9556841057793775,57.78557254702806,0.14743528238153342,True,0.01054689999727998
diabetes_hist_gradient_boosting|D2_robust_leverage_ipw|seed=47|budget=8|kernel_weight,completed,diabetes_hist_gradient_boosting,D2_robust_leverage_ipw,47,8.0,80,80,kernel_weight,1.0513938144785645e-27,1.711125330755022e-15,32.55581215813781,8.526512829121202e-14,3.552713678800501e-14,2.5957148353165028e+16,0.9556841057793775,57.78557254702806,0.14743528238153342,True,0.008952200001658639
diabetes_hist_gradient_boosting|D2_robust_leverage_ipw|seed=47|budget=8|leverage,completed,diabetes_hist_gradient_boosting,D2_robust_leverage_ipw,47,8.0,80,80,leverage,1.6447749873858096e-28,6.767875455283779e-16,32.555812158137556,0.0,4.263256414560601e-14,1.173633476766396e+16,0.9556841057793775,57.78557254702806,0.14743528238153342,True,0.010796900001878385
diabetes_hist_gradient_boosting|D2_robust_leverage_ipw|seed=47|budget=16|kernel_weight,completed,diabetes_hist_gradient_boosting,D2_robust_leverage_ipw,47,16.0,160,160,kernel_weight,4.1374965617936845e-27,3.394438421614109e-15,32.555812158137726,0.0,1.4210854715202004e-14,9264067938274624.0,0.9556841057793775,57.78557254702806,0.14743528238153342,True,0.010219900002994109
diabetes_hist_gradient_boosting|D2_robust_leverage_ipw|seed=47|budget=16|leverage,completed,diabetes_hist_gradient_boosting,D2_robust_leverage_ipw,47,16.0,160,160,leverage,7.302485399630907e-28,1.4260490389419095e-15,32.55581215813766,0.0,0.0,2.98511717106773e+16,0.9556841057793775,57.78557254702806,0.14743528238153342,True,0.010842600000614766
synthetic_interaction|not_applicable|seed=71|budget=2|kernel_weight,completed,synthetic_interaction,not_applicable,71,2.0,20,20,kernel_weight,0.30624999999998503,0.4415104604261091,1.1177083333333182,0.3062499999999848,0.0,2.13450304996866e+16,0.0,,,True,0.002477299996826332
synthetic_interaction|not_applicable|seed=71|budget=2|leverage,completed,synthetic_interaction,not_applicable,71,2.0,20,20,leverage,0.19858295030436982,0.3555280969030053,1.010041283637704,0.19858295030437056,1.7763568394002505e-15,6.965059215886104e+16,0.0,,,True,0.0026904000005743
synthetic_interaction|not_applicable|seed=71|budget=4|kernel_weight,completed,synthetic_interaction,not_applicable,71,4.0,40,40,kernel_weight,0.02516214870678233,0.12655427236344235,0.836620482040116,0.025162148706782572,8.881784197001252e-16,2.1244238429831868e+16,0.0,,,True,0.0025574999999662396
synthetic_interaction|not_applicable|seed=71|budget=4|leverage,completed,synthetic_interaction,not_applicable,71,4.0,40,40,leverage,0.02608225611406445,0.12884736053979745,0.837540589447398,0.02608225611406456,0.0,5.17788243351308e+16,0.0,,,True,0.0030439999973168597
synthetic_interaction|not_applicable|seed=71|budget=8|kernel_weight,completed,synthetic_interaction,not_applicable,71,8.0,80,80,kernel_weight,0.0047262336521430815,0.054847968046499565,0.8161845669854769,0.00472623365214353,1.7763568394002505e-15,1.6711775262843152e+16,0.0,,,True,0.0027221000018471386
synthetic_interaction|not_applicable|seed=71|budget=8|leverage,completed,synthetic_interaction,not_applicable,71,8.0,80,80,leverage,0.00244027946929352,0.03941147889676081,0.8138986128026278,0.002440279469294371,2.6645352591003757e-15,2.853020221644381e+17,0.0,,,True,0.0029046000017842744
synthetic_interaction|not_applicable|seed=71|budget=16|kernel_weight,completed,synthetic_interaction,not_applicable,71,16.0,160,160,kernel_weight,0.0008655449324896921,0.02347187360441777,0.8123238782658215,0.0008655449324881381,3.552713678800501e-15,1.4170010583314102e+16,0.0,,,True,0.0031025999996927567
synthetic_interaction|not_applicable|seed=71|budget=16|leverage,completed,synthetic_interaction,not_applicable,71,16.0,160,160,leverage,0.0010914684375401818,0.02635776245053418,0.8125498017708732,0.001091468437539822,0.0,2.0248128184786404e+16,0.0,,,True,0.0032513999976799823
synthetic_threshold|not_applicable|seed=71|budget=2|kernel_weight,completed,synthetic_threshold,not_applicable,71,2.0,20,20,kernel_weight,0.0512971618087051,0.5919116888623057,0.09030748092597975,0.05129716180870505,1.5543122344752192e-15,2.13450304996866e+16,0.0,,,True,0.0024351000029128045
synthetic_threshold|not_applicable|seed=71|budget=2|leverage,completed,synthetic_threshold,not_applicable,71,2.0,20,20,leverage,0.022457572691576538,0.3916441599810274,0.06146789180885118,0.02245757269157648,1.1102230246251565e-15,6.965059215886104e+16,0.0,,,True,0.002663400002347771
synthetic_threshold|not_applicable|seed=71|budget=4|kernel_weight,completed,synthetic_threshold,not_applicable,71,4.0,40,40,kernel_weight,0.006796078872107009,0.21544650489930192,0.045806397989381714,0.006796078872107016,2.220446049250313e-16,2.1244238429831868e+16,0.0,,,True,0.002675600000657141
synthetic_threshold|not_applicable|seed=71|budget=4|leverage,completed,synthetic_threshold,not_applicable,71,4.0,40,40,leverage,0.014403455848966457,0.3136487786508432,0.05341377496624114,0.014403455848966441,4.440892098500626e-16,5.17788243351308e+16,0.0,,,True,0.0029687999995076098
synthetic_threshold|not_applicable|seed=71|budget=8|kernel_weight,completed,synthetic_threshold,not_applicable,71,8.0,80,80,kernel_weight,0.005426960107807638,0.19252563411186616,0.04443727922508233,0.005426960107807632,4.440892098500626e-16,1.6711775262843152e+16,0.0,,,True,0.002641600000060862
synthetic_threshold|not_applicable|seed=71|budget=8|leverage,completed,synthetic_threshold,not_applicable,71,8.0,80,80,leverage,0.003247043522529557,0.1489204372846463,0.04225736263980426,0.0032470435225295594,0.0,2.853020221644381e+17,0.0,,,True,0.002908700000261888
synthetic_threshold|not_applicable|seed=71|budget=16|kernel_weight,completed,synthetic_threshold,not_applicable,71,16.0,160,160,kernel_weight,0.0022721177721850053,0.12457350020852136,0.041282436889459734,0.0022721177721850352,8.881784197001252e-16,1.4170010583314102e+16,0.0,,,True,0.00297359999967739
synthetic_threshold|not_applicable|seed=71|budget=16|leverage,completed,synthetic_threshold,not_applicable,71,16.0,160,160,leverage,0.0021143705718175525,0.12017131143299484,0.04112468968909225,0.002114370571817549,2.220446049250313e-16,2.0248128184786404e+16,0.0,,,True,0.0031052000013005454
diabetes_hist_gradient_boosting|D0_full_rows|seed=71|budget=2|kernel_weight,completed,diabetes_hist_gradient_boosting,D0_full_rows,71,2.0,20,20,kernel_weight,3.6732558403182636,0.1509459016440128,26.99758817008709,3.673255840318241,5.684341886080802e-14,2.13450304996866e+16,0.0,56.63321337127041,0.0,True,0.006906900001922622
diabetes_hist_gradient_boosting|D0_full_rows|seed=71|budget=2|leverage,completed,diabetes_hist_gradient_boosting,D0_full_rows,71,2.0,20,20,leverage,18.14178667365088,0.33545615512795285,41.46611900341971,18.141786673650863,2.842170943040401e-14,6.965059215886104e+16,0.0,56.63321337127041,0.0,True,0.006841000002168585
diabetes_hist_gradient_boosting|D0_full_rows|seed=71|budget=4|kernel_weight,completed,diabetes_hist_gradient_boosting,D0_full_rows,71,4.0,40,40,kernel_weight,0.3407225722154712,0.04597229553055892,23.6650549019843,0.3407225722154479,4.263256414560601e-14,2.1244238429831868e+16,0.0,56.63321337127041,0.0,True,0.006689199999527773
diabetes_hist_gradient_boosting|D0_full_rows|seed=71|budget=4|leverage,completed,diabetes_hist_gradient_boosting,D0_full_rows,71,4.0,40,40,leverage,2.1614432044470897,0.11578909276210259,25.485775534215932,2.1614432044470817,2.842170943040401e-14,5.17788243351308e+16,0.0,56.63321337127041,0.0,True,0.007108399997378001
diabetes_hist_gradient_boosting|D0_full_rows|seed=71|budget=8|kernel_weight,completed,diabetes_hist_gradient_boosting,D0_full_rows,71,8.0,80,80,kernel_weight,0.5838407851156119,0.060178720828752086,23.90817311488449,0.5838407851156404,2.842170943040401e-14,1.6711775262843152e+16,0.0,56.63321337127041,0.0,True,0.0071992000011960045
diabetes_hist_gradient_boosting|D0_full_rows|seed=71|budget=8|leverage,completed,diabetes_hist_gradient_boosting,D0_full_rows,71,8.0,80,80,leverage,0.9566193687164113,0.07703096206374556,24.280951698485282,0.9566193687164315,4.263256414560601e-14,2.853020221644381e+17,0.0,56.63321337127041,0.0,True,0.007212900000013178
diabetes_hist_gradient_boosting|D0_full_rows|seed=71|budget=16|kernel_weight,completed,diabetes_hist_gradient_boosting,D0_full_rows,71,16.0,160,160,kernel_weight,0.26327847859626147,0.040411355390251945,23.587610808365117,0.2632784785962663,0.0,1.4170010583314102e+16,0.0,56.63321337127041,0.0,True,0.007251300001371419
diabetes_hist_gradient_boosting|D0_full_rows|seed=71|budget=16|leverage,completed,diabetes_hist_gradient_boosting,D0_full_rows,71,16.0,160,160,leverage,0.15785563054174018,0.0312914563052786,23.48218796031059,0.15785563054173934,1.4210854715202004e-14,2.0248128184786404e+16,0.0,56.63321337127041,0.0,True,0.007565300002170261
diabetes_hist_gradient_boosting|D1_uniform_rows|seed=71|budget=2|kernel_weight,completed,diabetes_hist_gradient_boosting,D1_uniform_rows,71,2.0,20,20,kernel_weight,2.4911931564040096e-27,3.751341520147834e-15,0.7968251820419585,0.0,5.684341886080802e-14,2.13450304996866e+16,0.8111790665797822,57.625630143345575,0.1914559678695117,True,0.010192800000368152
diabetes_hist_gradient_boosting|D1_uniform_rows|seed=71|budget=2|leverage,completed,diabetes_hist_gradient_boosting,D1_uniform_rows,71,2.0,20,20,leverage,2.9817980273537614,0.12978425675586083,3.7786232093957404,2.9817980273537623,1.4210854715202004e-14,6.965059215886104e+16,0.8111790665797822,57.625630143345575,0.1914559678695117,True,0.009681999999884283
diabetes_hist_gradient_boosting|D1_uniform_rows|seed=71|budget=4|kernel_weight,completed,diabetes_hist_gradient_boosting,D1_uniform_rows,71,4.0,40,40,kernel_weight,3.78702538312662e-28,1.462621694423243e-15,0.7968251820419536,0.0,5.684341886080802e-14,2.1244238429831868e+16,0.8111790665797822,57.625630143345575,0.1914559678695117,True,0.009011699999973644
diabetes_hist_gradient_boosting|D1_uniform_rows|seed=71|budget=4|leverage,completed,diabetes_hist_gradient_boosting,D1_uniform_rows,71,4.0,40,40,leverage,8.879615564394014e-29,7.082392392034432e-16,0.7968251820419708,0.0,1.4210854715202004e-14,5.17788243351308e+16,0.8111790665797822,57.625630143345575,0.1914559678695117,True,0.007514199998695403
diabetes_hist_gradient_boosting|D1_uniform_rows|seed=71|budget=8|kernel_weight,completed,diabetes_hist_gradient_boosting,D1_uniform_rows,71,8.0,80,80,kernel_weight,6.254187864205334e-28,1.8796126709807897e-15,0.7968251820419804,2.55351295663786e-15,0.0,1.6711775262843152e+16,0.8111790665797822,57.625630143345575,0.1914559678695117,True,0.007245699998748023
diabetes_hist_gradient_boosting|D1_uniform_rows|seed=71|budget=8|leverage,completed,diabetes_hist_gradient_boosting,D1_uniform_rows,71,8.0,80,80,leverage,1.0137848708221527e-28,7.567558827396538e-16,0.7968251820419889,1.1102230246251565e-14,1.4210854715202004e-14,2.853020221644381e+17,0.8111790665797822,57.625630143345575,0.1914559678695117,True,0.007383700001810212
diabetes_hist_gradient_boosting|D1_uniform_rows|seed=71|budget=16|kernel_weight,completed,diabetes_hist_gradient_boosting,D1_uniform_rows,71,16.0,160,160,kernel_weight,3.0431295495032056e-28,1.3111220564066892e-15,0.7968251820419807,2.886579864025407e-15,0.0,1.4170010583314102e+16,0.8111790665797822,57.625630143345575,0.1914559678695117,True,0.007943399999930989
diabetes_hist_gradient_boosting|D1_uniform_rows|seed=71|budget=16|leverage,completed,diabetes_hist_gradient_boosting,D1_uniform_rows,71,16.0,160,160,leverage,1.9430630171725047e-28,1.0476744330222742e-15,0.7968251820419772,0.0,1.4210854715202004e-14,2.0248128184786404e+16,0.8111790665797822,57.625630143345575,0.1914559678695117,True,0.007962299998325761
diabetes_hist_gradient_boosting|D2_robust_leverage_ipw|seed=71|budget=2|kernel_weight,completed,diabetes_hist_gradient_boosting,D2_robust_leverage_ipw,71,2.0,20,20,kernel_weight,2.3450724509299215e-26,7.019542587059619e-15,62.86740747430575,0.0,9.947598300641403e-14,2.13450304996866e+16,1.1763165154961626,56.48584862452536,0.22884563981105369,True,0.007699300000240328
diabetes_hist_gradient_boosting|D2_robust_leverage_ipw|seed=71|budget=2|leverage,completed,diabetes_hist_gradient_boosting,D2_robust_leverage_ipw,71,2.0,20,20,leverage,42.13934134651614,0.2975600016191705,105.00674882082207,42.13934134651606,2.842170943040401e-14,6.965059215886104e+16,1.1763165154961626,56.48584862452536,0.22884563981105369,True,0.00713250000262633
diabetes_hist_gradient_boosting|D2_robust_leverage_ipw|seed=71|budget=4|kernel_weight,completed,diabetes_hist_gradient_boosting,D2_robust_leverage_ipw,71,4.0,40,40,kernel_weight,5.658696488376623e-28,1.0904076284152918e-15,62.86740747430592,0.0,2.842170943040401e-14,2.1244238429831868e+16,1.1763165154961626,56.48584862452536,0.22884563981105369,True,0.007148700002289843
diabetes_hist_gradient_boosting|D2_robust_leverage_ipw|seed=71|budget=4|leverage,completed,diabetes_hist_gradient_boosting,D2_robust_leverage_ipw,71,4.0,40,40,leverage,3.4348975965585907e-28,8.495473272272678e-16,62.867407474305864,0.0,5.684341886080802e-14,5.17788243351308e+16,1.1763165154961626,56.48584862452536,0.22884563981105369,True,0.007140599998820107
diabetes_hist_gradient_boosting|D2_robust_leverage_ipw|seed=71|budget=8|kernel_weight,completed,diabetes_hist_gradient_boosting,D2_robust_leverage_ipw,71,8.0,80,80,kernel_weight,7.758644218074956e-28,1.2768021327448784e-15,62.867407474306134,1.2789769243681803e-13,4.263256414560601e-14,1.6711775262843152e+16,1.1763165154961626,56.48584862452536,0.22884563981105369,True,0.007077900001604576
diabetes_hist_gradient_boosting|D2_robust_leverage_ipw|seed=71|budget=8|leverage,completed,diabetes_hist_gradient_boosting,D2_robust_leverage_ipw,71,8.0,80,80,leverage,5.984496042232901e-28,1.1213584831788539e-15,62.86740747430628,2.7711166694643907e-13,1.4210854715202004e-13,2.853020221644381e+17,1.1763165154961626,56.48584862452536,0.22884563981105369,True,0.007346700000198325
diabetes_hist_gradient_boosting|D2_robust_leverage_ipw|seed=71|budget=16|kernel_weight,completed,diabetes_hist_gradient_boosting,D2_robust_leverage_ipw,71,16.0,160,160,kernel_weight,5.4519952096860876e-27,3.3846082882771525e-15,62.86740747430586,0.0,5.684341886080802e-14,1.4170010583314102e+16,1.1763165154961626,56.48584862452536,0.22884563981105369,True,0.00869080000120448
diabetes_hist_gradient_boosting|D2_robust_leverage_ipw|seed=71|budget=16|leverage,completed,diabetes_hist_gradient_boosting,D2_robust_leverage_ipw,71,16.0,160,160,leverage,3.91768047055385e-28,9.072880414162408e-16,62.86740747430606,5.684341886080802e-14,5.684341886080802e-14,2.0248128184786404e+16,1.1763165154961626,56.48584862452536,0.22884563981105369,True,0.010154999999940628
synthetic_interaction|not_applicable|seed=101|budget=2|kernel_weight,completed,synthetic_interaction,not_applicable,101,2.0,20,20,kernel_weight,0.12726388888888956,0.2846135313660074,0.9387222222222178,0.1272638888888844,1.4210854715202004e-14,8.68932715588767e+16,0.0,,,True,0.002610299998195842
synthetic_interaction|not_applicable|seed=101|budget=2|leverage,completed,synthetic_interaction,not_applicable,101,2.0,20,20,leverage,0.6930555555555549,0.6641818039438767,1.5045138888888916,0.6930555555555582,1.0658141036401503e-14,3.3230815329083194e+17,0.0,,,True,0.002689900000405032
synthetic_interaction|not_applicable|seed=101|budget=4|kernel_weight,completed,synthetic_interaction,not_applicable,101,4.0,40,40,kernel_weight,0.011541148715053063,0.08570920512285707,0.8229994820483866,0.011541148715053184,1.7763568394002505e-15,1.2287489289305242e+17,0.0,,,True,0.0028187999996589497
synthetic_interaction|not_applicable|seed=101|budget=4|leverage,completed,synthetic_interaction,not_applicable,101,4.0,40,40,leverage,0.4085824356332132,0.5099678472568793,1.2200407689665458,0.4085824356332124,2.6645352591003757e-15,4.846448610600924e+16,0.0,,,True,0.002962200000183657
synthetic_interaction|not_applicable|seed=101|budget=8|kernel_weight,completed,synthetic_interaction,not_applicable,101,8.0,80,80,kernel_weight,0.004414421654164449,0.05300780923031473,0.8158727549874977,0.00441442165416428,0.0,1.834394088902112e+16,0.0,,,True,0.0029524999990826473
synthetic_interaction|not_applicable|seed=101|budget=8|leverage,completed,synthetic_interaction,not_applicable,101,8.0,80,80,leverage,0.002571515459028087,0.04045735800637445,0.8140298487923621,0.0025715154590286726,1.7763568394002505e-15,7.333620247114864e+16,0.0,,,True,0.0030928000014682766
synthetic_interaction|not_applicable|seed=101|budget=16|kernel_weight,completed,synthetic_interaction,not_applicable,101,16.0,160,160,kernel_weight,0.0014856461380988327,0.030751098755016505,0.8129439794714322,0.0014856461380987618,0.0,5.7511249985596184e+16,0.0,,,True,0.0031388999996124767
synthetic_interaction|not_applicable|seed=101|budget=16|leverage,completed,synthetic_interaction,not_applicable,101,16.0,160,160,leverage,0.001049096711272702,0.02584108303691453,0.812507430044606,0.0010490967112726235,0.0,7.0662550231858744e+16,0.0,,,True,0.0035079999979643617
synthetic_threshold|not_applicable|seed=101|budget=2|kernel_weight,completed,synthetic_threshold,not_applicable,101,2.0,20,20,kernel_weight,0.023213672835404257,0.3981825078492798,0.062223991952679,0.0232136728354043,1.5543122344752192e-15,8.68932715588767e+16,0.0,,,True,0.002635999997437466
synthetic_threshold|not_applicable|seed=101|budget=2|leverage,completed,synthetic_threshold,not_applicable,101,2.0,20,20,leverage,0.09011337486438911,0.7845215456908754,0.12912369398166385,0.09011337486438914,1.5543122344752192e-15,3.3230815329083194e+17,0.0,,,True,0.0028769999989890493
synthetic_threshold|not_applicable|seed=101|budget=4|kernel_weight,completed,synthetic_threshold,not_applicable,101,4.0,40,40,kernel_weight,0.015263601278806637,0.3228782228988199,0.054273920396081296,0.015263601278806598,1.1102230246251565e-15,1.2287489289305242e+17,0.0,,,True,0.0028139999994891696
synthetic_threshold|not_applicable|seed=101|budget=4|leverage,completed,synthetic_threshold,not_applicable,101,4.0,40,40,leverage,0.017214549814018466,0.3428925763824561,0.05622486893129319,0.017214549814018494,6.661338147750939e-16,4.846448610600924e+16,0.0,,,True,0.0028340999997453764
synthetic_threshold|not_applicable|seed=101|budget=8|kernel_weight,completed,synthetic_threshold,not_applicable,101,8.0,80,80,kernel_weight,0.005156229977471198,0.18766202035911617,0.0441665490947459,0.0051562299774711995,0.0,1.834394088902112e+16,0.0,,,True,0.0029223999990790617
synthetic_threshold|not_applicable|seed=101|budget=8|leverage,completed,synthetic_threshold,not_applicable,101,8.0,80,80,leverage,0.0017223940580021867,0.10846172497212736,0.04073271317527688,0.0017223940580021815,2.220446049250313e-16,7.333620247114864e+16,0.0,,,True,0.003258500000811182
synthetic_threshold|not_applicable|seed=101|budget=16|kernel_weight,completed,synthetic_threshold,not_applicable,101,16.0,160,160,kernel_weight,0.0017923162256816491,0.1106413754457832,0.04080263534295635,0.0017923162256816491,0.0,5.7511249985596184e+16,0.0,,,True,0.0033041999995475635
synthetic_threshold|not_applicable|seed=101|budget=16|leverage,completed,synthetic_threshold,not_applicable,101,16.0,160,160,leverage,0.001915930609394726,0.11439318072803228,0.04092624972666939,0.0019159306093946907,8.881784197001252e-16,7.0662550231858744e+16,0.0,,,True,0.0035139999999955762
diabetes_hist_gradient_boosting|D0_full_rows|seed=101|budget=2|kernel_weight,completed,diabetes_hist_gradient_boosting,D0_full_rows,101,2.0,20,20,kernel_weight,16.254058515897288,0.1850556568023859,101.2485064838983,16.254058515897057,1.5631940186722204e-13,8.68932715588767e+16,0.0,56.20751760904005,0.0,True,0.009795400001166854
diabetes_hist_gradient_boosting|D0_full_rows|seed=101|budget=2|leverage,completed,diabetes_hist_gradient_boosting,D0_full_rows,101,2.0,20,20,leverage,9.299289615302209,0.1399736677054088,94.2937375833034,9.299289615302158,5.684341886080802e-14,3.3230815329083194e+17,0.0,56.20751760904005,0.0,True,0.010579499998129904
diabetes_hist_gradient_boosting|D0_full_rows|seed=101|budget=4|kernel_weight,completed,diabetes_hist_gradient_boosting,D0_full_rows,101,4.0,40,40,kernel_weight,1.8509711823063957,0.06244839549340708,86.84541915030744,1.8509711823061963,1.2789769243681803e-13,1.2287489289305242e+17,0.0,56.20751760904005,0.0,True,0.010397599999123486
diabetes_hist_gradient_boosting|D0_full_rows|seed=101|budget=4|leverage,completed,diabetes_hist_gradient_boosting,D0_full_rows,101,4.0,40,40,leverage,51.794930629854925,0.33034298106963145,136.7893785978561,51.794930629854875,2.842170943040401e-14,4.846448610600924e+16,0.0,56.20751760904005,0.0,True,0.010415099997771904
diabetes_hist_gradient_boosting|D0_full_rows|seed=101|budget=8|kernel_weight,completed,diabetes_hist_gradient_boosting,D0_full_rows,101,8.0,80,80,kernel_weight,0.7283360106885002,0.039173046426735934,85.72278397868976,0.7283360106885226,1.4210854715202004e-14,1.834394088902112e+16,0.0,56.20751760904005,0.0,True,0.011304200001177378
diabetes_hist_gradient_boosting|D0_full_rows|seed=101|budget=8|leverage,completed,diabetes_hist_gradient_boosting,D0_full_rows,101,8.0,80,80,leverage,0.8123369435840628,0.041370384571627714,85.80678491158537,0.8123369435841283,1.4210854715202004e-14,7.333620247114864e+16,0.0,56.20751760904005,0.0,True,0.012039600002026418
diabetes_hist_gradient_boosting|D0_full_rows|seed=101|budget=16|kernel_weight,completed,diabetes_hist_gradient_boosting,D0_full_rows,101,16.0,160,160,kernel_weight,0.36970525805989823,0.027909320911590874,85.36415322606116,0.3697052580599234,0.0,5.7511249985596184e+16,0.0,56.20751760904005,0.0,True,0.013017400000535417
diabetes_hist_gradient_boosting|D0_full_rows|seed=101|budget=16|leverage,completed,diabetes_hist_gradient_boosting,D0_full_rows,101,16.0,160,160,leverage,0.28987221766999133,0.024712959206815956,85.28432018567125,0.28987221767000904,1.4210854715202004e-14,7.0662550231858744e+16,0.0,56.20751760904005,0.0,True,0.013385000002017478
diabetes_hist_gradient_boosting|D1_uniform_rows|seed=101|budget=2|kernel_weight,completed,diabetes_hist_gradient_boosting,D1_uniform_rows,101,2.0,20,20,kernel_weight,9.179300221367964,0.12502283382751267,30.937159032114092,9.179300221368127,1.9895196601282805e-13,8.68932715588767e+16,0.7506063944391765,62.65183180860904,0.23342382427287395,True,0.012173099999927217
diabetes_hist_gradient_boosting|D1_uniform_rows|seed=101|budget=2|leverage,completed,diabetes_hist_gradient_boosting,D1_uniform_rows,101,2.0,20,20,leverage,6.099435118735658,0.10191294682562976,27.857293929481624,6.099435118735659,2.842170943040401e-14,3.3230815329083194e+17,0.7506063944391765,62.65183180860904,0.23342382427287395,True,0.011494200000015553
diabetes_hist_gradient_boosting|D1_uniform_rows|seed=101|budget=4|kernel_weight,completed,diabetes_hist_gradient_boosting,D1_uniform_rows,101,4.0,40,40,kernel_weight,2.2506201625955468e-28,6.190641490680557e-16,21.75785881074603,6.394884621840902e-14,8.526512829121202e-14,1.2287489289305242e+17,0.7506063944391765,62.65183180860904,0.23342382427287395,True,0.013319500001671258
diabetes_hist_gradient_boosting|D1_uniform_rows|seed=101|budget=4|leverage,completed,diabetes_hist_gradient_boosting,D1_uniform_rows,101,4.0,40,40,leverage,129.0773130928127,0.46882364780022023,150.8351719035586,129.07731309281263,2.842170943040401e-14,4.846448610600924e+16,0.7506063944391765,62.65183180860904,0.23342382427287395,True,0.013461100003041793
diabetes_hist_gradient_boosting|D1_uniform_rows|seed=101|budget=8|kernel_weight,completed,diabetes_hist_gradient_boosting,D1_uniform_rows,101,8.0,80,80,kernel_weight,2.5259326185176797e-28,6.558362716389034e-16,21.757858810745958,0.0,2.842170943040401e-14,1.834394088902112e+16,0.7506063944391765,62.65183180860904,0.23342382427287395,True,0.012567999998282176
diabetes_hist_gradient_boosting|D1_uniform_rows|seed=101|budget=8|leverage,completed,diabetes_hist_gradient_boosting,D1_uniform_rows,101,8.0,80,80,leverage,1.0782229738651312e-26,4.2848817585422316e-15,21.75785881074591,0.0,2.842170943040401e-14,7.333620247114864e+16,0.7506063944391765,62.65183180860904,0.23342382427287395,True,0.009242799998901319
diabetes_hist_gradient_boosting|D1_uniform_rows|seed=101|budget=16|kernel_weight,completed,diabetes_hist_gradient_boosting,D1_uniform_rows,101,16.0,160,160,kernel_weight,3.1097685744717506e-27,2.3011693809377915e-15,21.757858810745933,0.0,1.4210854715202004e-14,5.7511249985596184e+16,0.7506063944391765,62.65183180860904,0.23342382427287395,True,0.01006020000204444
diabetes_hist_gradient_boosting|D1_uniform_rows|seed=101|budget=16|leverage,completed,diabetes_hist_gradient_boosting,D1_uniform_rows,101,16.0,160,160,leverage,1.0737185780963191e-27,1.352165295701159e-15,21.75785881074595,0.0,1.4210854715202004e-14,7.0662550231858744e+16,0.7506063944391765,62.65183180860904,0.23342382427287395,True,0.009752599999046652
diabetes_hist_gradient_boosting|D2_robust_leverage_ipw|seed=101|budget=2|kernel_weight,completed,diabetes_hist_gradient_boosting,D2_robust_leverage_ipw,101,2.0,20,20,kernel_weight,0.6129715065827798,0.028698027728319534,13.77141185110408,0.612971506582964,2.7000623958883807e-13,8.68932715588767e+16,0.9363220668292582,62.83122256520693,0.21068758826457276,True,0.009294999999838183
diabetes_hist_gradient_boosting|D2_robust_leverage_ipw|seed=101|budget=2|leverage,completed,diabetes_hist_gradient_boosting,D2_robust_leverage_ipw,101,2.0,20,20,leverage,89.51327569726853,0.3467972399339828,102.67171604178961,89.5132756972685,4.263256414560601e-14,3.3230815329083194e+17,0.9363220668292582,62.83122256520693,0.21068758826457276,True,0.009953299999324372
diabetes_hist_gradient_boosting|D2_robust_leverage_ipw|seed=101|budget=4|kernel_weight,completed,diabetes_hist_gradient_boosting,D2_robust_leverage_ipw,101,4.0,40,40,kernel_weight,1.1570309178538089e-27,1.2468218065993669e-15,13.158440344521152,3.552713678800501e-14,4.263256414560601e-14,1.2287489289305242e+17,0.9363220668292582,62.83122256520693,0.21068758826457276,True,0.00847069999872474
diabetes_hist_gradient_boosting|D2_robust_leverage_ipw|seed=101|budget=4|leverage,completed,diabetes_hist_gradient_boosting,D2_robust_leverage_ipw,101,4.0,40,40,leverage,203.39899021021353,0.5227647597286796,216.55743055473465,203.39899021021353,2.842170943040401e-14,4.846448610600924e+16,0.9363220668292582,62.83122256520693,0.21068758826457276,True,0.0084513000001607
diabetes_hist_gradient_boosting|D2_robust_leverage_ipw|seed=101|budget=8|kernel_weight,completed,diabetes_hist_gradient_boosting,D2_robust_leverage_ipw,101,8.0,80,80,kernel_weight,4.936777826534601e-28,8.144298797703925e-16,13.158440344521132,1.5987211554602254e-14,2.842170943040401e-14,1.834394088902112e+16,0.9363220668292582,62.83122256520693,0.21068758826457276,True,0.007333300000027521
diabetes_hist_gradient_boosting|D2_robust_leverage_ipw|seed=101|budget=8|leverage,completed,diabetes_hist_gradient_boosting,D2_robust_leverage_ipw,101,8.0,80,80,leverage,1.3722658226460893e-26,4.2938911489946944e-15,13.1584403445211,0.0,2.842170943040401e-14,7.333620247114864e+16,0.9363220668292582,62.83122256520693,0.21068758826457276,True,0.007643400000233669
diabetes_hist_gradient_boosting|D2_robust_leverage_ipw|seed=101|budget=16|kernel_weight,completed,diabetes_hist_gradient_boosting,D2_robust_leverage_ipw,101,16.0,160,160,kernel_weight,3.3104042523582356e-27,2.1089798136954945e-15,13.158440344521122,5.329070518200751e-15,0.0,5.7511249985596184e+16,0.9363220668292582,62.83122256520693,0.21068758826457276,True,0.007345800000621239
diabetes_hist_gradient_boosting|D2_robust_leverage_ipw|seed=101|budget=16|leverage,completed,diabetes_hist_gradient_boosting,D2_robust_leverage_ipw,101,16.0,160,160,leverage,9.961427362339835e-28,1.1568916686371304e-15,13.15844034452109,0.0,4.263256414560601e-14,7.0662550231858744e+16,0.9363220668292582,62.83122256520693,0.21068758826457276,True,0.0076958000026934315
synthetic_interaction|not_applicable|seed=127|budget=2|kernel_weight,completed,synthetic_interaction,not_applicable,127,2.0,20,20,kernel_weight,0.20416666666666977,0.3604917813817557,1.015625000000001,0.20416666666666772,5.329070518200751e-15,2.6959484368504932e+16,0.0,,,True,0.002331600000616163
synthetic_interaction|not_applicable|seed=127|budget=2|leverage,completed,synthetic_interaction,not_applicable,127,2.0,20,20,leverage,0.1531249999999979,0.31219504053210206,0.9645833333333308,0.1531249999999974,1.7763568394002505e-15,8.291240468813585e+17,0.0,,,True,0.0024329000007128343
synthetic_interaction|not_applicable|seed=127|budget=4|kernel_weight,completed,synthetic_interaction,not_applicable,127,4.0,40,40,kernel_weight,0.017612974131668326,0.10588130793530526,0.829071307465003,0.017612974131669623,4.440892098500626e-15,4.036836430047242e+16,0.0,,,True,0.002616699999634875
synthetic_interaction|not_applicable|seed=127|budget=4|leverage,completed,synthetic_interaction,not_applicable,127,4.0,40,40,leverage,0.02806423740417095,0.13365326470076003,0.8395225707375047,0.0280642374041713,1.7763568394002505e-15,2.2368550588021236e+16,0.0,,,True,0.0025567000011506025
synthetic_interaction|not_applicable|seed=127|budget=8|kernel_weight,completed,synthetic_interaction,not_applicable,127,8.0,80,80,kernel_weight,0.009579098262675523,0.07808457717555857,0.8210374315960098,0.009579098262676444,3.552713678800501e-15,1.7014491647929274e+16,0.0,,,True,0.0025601000015740283
synthetic_interaction|not_applicable|seed=127|budget=8|leverage,completed,synthetic_interaction,not_applicable,127,8.0,80,80,leverage,0.003461936820444888,0.046942100373066856,0.8149202701537775,0.003461936820444156,1.7763568394002505e-15,6.111319050572855e+16,0.0,,,True,0.0028052999987266958
synthetic_interaction|not_applicable|seed=127|budget=16|kernel_weight,completed,synthetic_interaction,not_applicable,127,16.0,160,160,kernel_weight,0.0015060819985387428,0.03096187533293992,0.8129644153318729,0.0015060819985395213,2.6645352591003757e-15,5.81982488942311e+16,0.0,,,True,0.002812800001265714
synthetic_interaction|not_applicable|seed=127|budget=16|leverage,completed,synthetic_interaction,not_applicable,127,16.0,160,160,leverage,0.002105428287938828,0.036607761694489024,0.8135637616212721,0.002105428287938693,0.0,3.026656681000646e+18,0.0,,,True,0.0030809000018052757
synthetic_threshold|not_applicable|seed=127|budget=2|kernel_weight,completed,synthetic_threshold,not_applicable,127,2.0,20,20,kernel_weight,0.08776781144902628,0.7742440604849743,0.1267781305663011,0.0877678114490264,3.774758283725532e-15,2.6959484368504932e+16,0.0,,,True,0.002380099998845253
synthetic_threshold|not_applicable|seed=127|budget=2|leverage,completed,synthetic_threshold,not_applicable,127,2.0,20,20,leverage,0.025794705758929615,0.41973534040493515,0.06480502487620432,0.02579470575892962,0.0,8.291240468813585e+17,0.0,,,True,0.0025873999984469265
synthetic_threshold|not_applicable|seed=127|budget=4|kernel_weight,completed,synthetic_threshold,not_applicable,127,4.0,40,40,kernel_weight,0.00807438939188281,0.23483622621588965,0.04708470850915748,0.008074389391882784,1.1102230246251565e-15,4.036836430047242e+16,0.0,,,True,0.0028619000004255213
synthetic_threshold|not_applicable|seed=127|budget=4|leverage,completed,synthetic_threshold,not_applicable,127,4.0,40,40,leverage,0.02346503192620008,0.4003324759813191,0.06247535104347482,0.02346503192620012,1.3322676295501878e-15,2.2368550588021236e+16,0.0,,,True,0.002973899998323759
synthetic_threshold|not_applicable|seed=127|budget=8|kernel_weight,completed,synthetic_threshold,not_applicable,127,8.0,80,80,kernel_weight,0.003544510900301489,0.15559240938591692,0.042554830017576165,0.003544510900301466,8.881784197001252e-16,1.7014491647929274e+16,0.0,,,True,0.0028201000022818334
synthetic_threshold|not_applicable|seed=127|budget=8|leverage,completed,synthetic_threshold,not_applicable,127,8.0,80,80,leverage,0.0010966005744814243,0.0865435054630108,0.04010691969175612,0.001096600574481424,2.220446049250313e-16,6.111319050572855e+16,0.0,,,True,0.003095799998845905
synthetic_threshold|not_applicable|seed=127|budget=16|kernel_weight,completed,synthetic_threshold,not_applicable,127,16.0,160,160,kernel_weight,0.0008450567285462256,0.0759719335849543,0.0398553758458209,0.0008450567285461993,6.661338147750939e-16,5.81982488942311e+16,0.0,,,True,0.00301930000205175
synthetic_threshold|not_applicable|seed=127|budget=16|leverage,completed,synthetic_threshold,not_applicable,127,16.0,160,160,leverage,0.0008017388647616379,0.07399914745885464,0.03981205798203631,0.0008017388647616128,6.661338147750939e-16,3.026656681000646e+18,0.0,,,True,0.003163400000630645
diabetes_hist_gradient_boosting|D0_full_rows|seed=127|budget=2|kernel_weight,completed,diabetes_hist_gradient_boosting,D0_full_rows,127,2.0,20,20,kernel_weight,13.137539517597256,0.18317169832954297,114.55188783517218,13.137539517597546,8.526512829121202e-14,2.6959484368504932e+16,0.0,61.24028445657139,0.0,True,0.00895440000022063
diabetes_hist_gradient_boosting|D0_full_rows|seed=127|budget=2|leverage,completed,diabetes_hist_gradient_boosting,D0_full_rows,127,2.0,20,20,leverage,3.2103673273357094,0.09054796990715747,104.6247156449104,3.21036732733576,0.0,8.291240468813585e+17,0.0,61.24028445657139,0.0,True,0.00800379999782308
diabetes_hist_gradient_boosting|D0_full_rows|seed=127|budget=4|kernel_weight,completed,diabetes_hist_gradient_boosting,D0_full_rows,127,4.0,40,40,kernel_weight,0.7953084062357574,0.0450680887485832,102.20965672381062,0.7953084062359892,5.684341886080802e-14,4.036836430047242e+16,0.0,61.24028445657139,0.0,True,0.00873910000154865
diabetes_hist_gradient_boosting|D0_full_rows|seed=127|budget=4|leverage,completed,diabetes_hist_gradient_boosting,D0_full_rows,127,4.0,40,40,leverage,1.634247324667219,0.06460412455433387,103.04859564224199,1.6342473246673563,2.842170943040401e-14,2.2368550588021236e+16,0.0,61.24028445657139,0.0,True,0.00987399999939953
diabetes_hist_gradient_boosting|D0_full_rows|seed=127|budget=8|kernel_weight,completed,diabetes_hist_gradient_boosting,D0_full_rows,127,8.0,80,80,kernel_weight,0.7458297843189944,0.043643665222538076,102.16017810189348,0.7458297843188433,2.842170943040401e-14,1.7014491647929274e+16,0.0,61.24028445657139,0.0,True,0.00980859999981476
diabetes_hist_gradient_boosting|D0_full_rows|seed=127|budget=8|leverage,completed,diabetes_hist_gradient_boosting,D0_full_rows,127,8.0,80,80,leverage,1.0852261114521795,0.05264552630857053,102.49957442902675,1.0852261114521156,2.842170943040401e-14,6.111319050572855e+16,0.0,61.24028445657139,0.0,True,0.010066599999845494
diabetes_hist_gradient_boosting|D0_full_rows|seed=127|budget=16|kernel_weight,completed,diabetes_hist_gradient_boosting,D0_full_rows,127,16.0,160,160,kernel_weight,0.18924975076135528,0.021984622491113406,101.60359806833588,0.18924975076124895,2.842170943040401e-14,5.81982488942311e+16,0.0,61.24028445657139,0.0,True,0.010606100000586594
diabetes_hist_gradient_boosting|D0_full_rows|seed=127|budget=16|leverage,completed,diabetes_hist_gradient_boosting,D0_full_rows,127,16.0,160,160,leverage,0.37762231205433855,0.0310549030597959,101.79197062962892,0.3776223120542852,0.0,3.026656681000646e+18,0.0,61.24028445657139,0.0,True,0.01318149999860907
diabetes_hist_gradient_boosting|D1_uniform_rows|seed=127|budget=2|kernel_weight,completed,diabetes_hist_gradient_boosting,D1_uniform_rows,127,2.0,20,20,kernel_weight,1.0277674303671952e-26,3.5813106075773645e-15,49.77515788829321,6.039613253960852e-13,1.7053025658242404e-13,2.6959484368504932e+16,0.663417183213132,61.37490993379608,0.1833607023814226,True,0.01148269999976037
diabetes_hist_gradient_boosting|D1_uniform_rows|seed=127|budget=2|leverage,completed,diabetes_hist_gradient_boosting,D1_uniform_rows,127,2.0,20,20,leverage,2.504870032348279e-27,1.7680199536936275e-15,49.77515788829261,7.105427357601002e-15,2.842170943040401e-14,8.291240468813585e+17,0.663417183213132,61.37490993379608,0.1833607023814226,True,0.011343300000589807
diabetes_hist_gradient_boosting|D1_uniform_rows|seed=127|budget=4|kernel_weight,completed,diabetes_hist_gradient_boosting,D1_uniform_rows,127,4.0,40,40,kernel_weight,1.7226355587311233e-27,1.4661934244601665e-15,49.775157888293066,4.618527782440651e-13,1.4210854715202004e-13,4.036836430047242e+16,0.663417183213132,61.37490993379608,0.1833607023814226,True,0.010454999999637948
diabetes_hist_gradient_boosting|D1_uniform_rows|seed=127|budget=4|leverage,completed,diabetes_hist_gradient_boosting,D1_uniform_rows,127,4.0,40,40,leverage,1.5169006346494837e-27,1.3758564689712973e-15,49.77515788829281,2.0605739337042905e-13,5.684341886080802e-14,2.2368550588021236e+16,0.663417183213132,61.37490993379608,0.1833607023814226,True,0.010634899997967295
diabetes_hist_gradient_boosting|D1_uniform_rows|seed=127|budget=8|kernel_weight,completed,diabetes_hist_gradient_boosting,D1_uniform_rows,127,8.0,80,80,kernel_weight,4.696088968780683e-28,7.65530893612636e-16,49.77515788829247,0.0,8.526512829121202e-14,1.7014491647929274e+16,0.663417183213132,61.37490993379608,0.1833607023814226,True,0.010372000000643311
diabetes_hist_gradient_boosting|D1_uniform_rows|seed=127|budget=8|leverage,completed,diabetes_hist_gradient_boosting,D1_uniform_rows,127,8.0,80,80,leverage,8.444755990390931e-28,1.0265689309573963e-15,49.77515788829262,1.4210854715202004e-14,0.0,6.111319050572855e+16,0.663417183213132,61.37490993379608,0.1833607023814226,True,0.011899599998287158
diabetes_hist_gradient_boosting|D1_uniform_rows|seed=127|budget=16|kernel_weight,completed,diabetes_hist_gradient_boosting,D1_uniform_rows,127,16.0,160,160,kernel_weight,4.708710743264219e-28,7.665589698101138e-16,49.77515788829267,6.394884621840902e-14,2.842170943040401e-14,5.81982488942311e+16,0.663417183213132,61.37490993379608,0.1833607023814226,True,0.01113690000056522
diabetes_hist_gradient_boosting|D1_uniform_rows|seed=127|budget=16|leverage,completed,diabetes_hist_gradient_boosting,D1_uniform_rows,127,16.0,160,160,leverage,2.7050040440028493e-28,5.810031981327232e-16,49.77515788829269,8.526512829121202e-14,2.842170943040401e-14,3.026656681000646e+18,0.663417183213132,61.37490993379608,0.1833607023814226,True,0.011087999999290332
diabetes_hist_gradient_boosting|D2_robust_leverage_ipw|seed=127|budget=2|kernel_weight,completed,diabetes_hist_gradient_boosting,D2_robust_leverage_ipw,127,2.0,20,20,kernel_weight,7.115485922048266e-27,3.233526255319512e-15,50.202465303520675,0.0,5.684341886080802e-14,2.6959484368504932e+16,1.077235024403811,70.45191472455178,0.19261061837854296,True,0.010109000002557877
diabetes_hist_gradient_boosting|D2_robust_leverage_ipw|seed=127|budget=2|leverage,completed,diabetes_hist_gradient_boosting,D2_robust_leverage_ipw,127,2.0,20,20,leverage,2.7195782492268077e-26,6.3215690974377e-15,50.2024653035207,1.4210854715202004e-14,1.4210854715202004e-13,8.291240468813585e+17,1.077235024403811,70.45191472455178,0.19261061837854296,True,0.009828999998717336
diabetes_hist_gradient_boosting|D2_robust_leverage_ipw|seed=127|budget=4|kernel_weight,completed,diabetes_hist_gradient_boosting,D2_robust_leverage_ipw,127,4.0,40,40,kernel_weight,8.270023299884477e-28,1.1023702298378027e-15,50.20246530352068,0.0,5.684341886080802e-14,4.036836430047242e+16,1.077235024403811,70.45191472455178,0.19261061837854296,True,0.009569499998178799
diabetes_hist_gradient_boosting|D2_robust_leverage_ipw|seed=127|budget=4|leverage,completed,diabetes_hist_gradient_boosting,D2_robust_leverage_ipw,127,4.0,40,40,leverage,4.101682276696651e-28,7.763456391463558e-16,50.20246530352067,0.0,2.842170943040401e-14,2.2368550588021236e+16,1.077235024403811,70.45191472455178,0.19261061837854296,True,0.011273600001004525
diabetes_hist_gradient_boosting|D2_robust_leverage_ipw|seed=127|budget=8|kernel_weight,completed,diabetes_hist_gradient_boosting,D2_robust_leverage_ipw,127,8.0,80,80,kernel_weight,9.544822522721633e-28,1.1842899355286295e-15,50.20246530352068,0.0,0.0,1.7014491647929274e+16,1.077235024403811,70.45191472455178,0.19261061837854296,True,0.010184399998252047
diabetes_hist_gradient_boosting|D2_robust_leverage_ipw|seed=127|budget=8|leverage,completed,diabetes_hist_gradient_boosting,D2_robust_leverage_ipw,127,8.0,80,80,leverage,1.090797416694354e-27,1.2660363061954404e-15,50.20246530352068,0.0,5.684341886080802e-14,6.111319050572855e+16,1.077235024403811,70.45191472455178,0.19261061837854296,True,0.013151399998605484
diabetes_hist_gradient_boosting|D2_robust_leverage_ipw|seed=127|budget=16|kernel_weight,completed,diabetes_hist_gradient_boosting,D2_robust_leverage_ipw,127,16.0,160,160,kernel_weight,1.3978220810063719e-27,1.433177753089963e-15,50.20246530352067,0.0,0.0,5.81982488942311e+16,1.077235024403811,70.45191472455178,0.19261061837854296,True,0.012382500000967411
diabetes_hist_gradient_boosting|D2_robust_leverage_ipw|seed=127|budget=16|leverage,completed,diabetes_hist_gradient_boosting,D2_robust_leverage_ipw,127,16.0,160,160,leverage,3.7640498092620577e-28,7.437068654665553e-16,50.2024653035207,1.4210854715202004e-14,0.0,3.026656681000646e+18,1.077235024403811,70.45191472455178,0.19261061837854296,True,0.012083699999493547
synthetic_interaction|not_applicable|seed=151|budget=2|kernel_weight,completed,synthetic_interaction,not_applicable,151,2.0,20,20,kernel_weight,0.05104166666666382,0.18024589069087146,0.8624999999999989,0.05104166666666554,5.329070518200751e-15,2.6648321618155504e+16,0.0,,,True,0.0024156999970728066
synthetic_interaction|not_applicable|seed=151|budget=2|leverage,completed,synthetic_interaction,not_applicable,151,2.0,20,20,leverage,0.07952130016653429,0.22498040014805218,0.8909796334998688,0.07952130016653536,3.552713678800501e-15,2.9650836513508044e+16,0.0,,,True,0.002640299997437978
synthetic_interaction|not_applicable|seed=151|budget=4|kernel_weight,completed,synthetic_interaction,not_applicable,151,4.0,40,40,kernel_weight,0.026036534898934517,0.1287343787135613,0.8374948682322683,0.02603653489893487,1.7763568394002505e-15,4.415480744117997e+16,0.0,,,True,0.0024502000014763325
synthetic_interaction|not_applicable|seed=151|budget=4|leverage,completed,synthetic_interaction,not_applicable,151,4.0,40,40,leverage,0.008448547897598647,0.07333207671553237,0.8199068812309314,0.008448547897597969,1.7763568394002505e-15,8.611074083412302e+17,0.0,,,True,0.002641899998707231
synthetic_interaction|not_applicable|seed=151|budget=8|kernel_weight,completed,synthetic_interaction,not_applicable,151,8.0,80,80,kernel_weight,0.0034043635888237264,0.04655013204636994,0.8148626969221566,0.0034043635888232338,1.7763568394002505e-15,1.2033374841429522e+17,0.0,,,True,0.0025197000031766947
synthetic_interaction|not_applicable|seed=151|budget=8|leverage,completed,synthetic_interaction,not_applicable,151,8.0,80,80,leverage,0.0032166233800191455,0.04524838217915595,0.8146749567133524,0.003216623380019046,0.0,7.553981870710318e+16,0.0,,,True,0.002758499998890329
synthetic_interaction|not_applicable|seed=151|budget=16|kernel_weight,completed,synthetic_interaction,not_applicable,151,16.0,160,160,kernel_weight,0.0005450679145009122,0.018626371378186596,0.8120034012478335,0.0005450679145001525,1.7763568394002505e-15,1.689774388376495e+16,0.0,,,True,0.0028461000001698267
synthetic_interaction|not_applicable|seed=151|budget=16|leverage,completed,synthetic_interaction,not_applicable,151,16.0,160,160,leverage,0.001179225301842044,0.027396894875558436,0.8126375586351748,0.0011792253018414467,1.7763568394002505e-15,1.0401889207406676e+16,0.0,,,True,0.003005700000358047
synthetic_threshold|not_applicable|seed=151|budget=2|kernel_weight,completed,synthetic_threshold,not_applicable,151,2.0,20,20,kernel_weight,0.12975326107004767,0.9413895839743982,0.16876358018732224,0.12975326107004753,3.3306690738754696e-15,2.6648321618155504e+16,0.0,,,True,0.002418799998849863
synthetic_threshold|not_applicable|seed=151|budget=2|leverage,completed,synthetic_threshold,not_applicable,151,2.0,20,20,leverage,0.032066675120592816,0.4679906903087686,0.07107699423786756,0.032066675120592865,1.5543122344752192e-15,2.9650836513508044e+16,0.0,,,True,0.0025042000015673693
synthetic_threshold|not_applicable|seed=151|budget=4|kernel_weight,completed,synthetic_threshold,not_applicable,151,4.0,40,40,kernel_weight,0.024938688024112535,0.4127119548246969,0.06394900714138722,0.024938688024112525,2.220446049250313e-16,4.415480744117997e+16,0.0,,,True,0.0024369000020669773
synthetic_threshold|not_applicable|seed=151|budget=4|leverage,completed,synthetic_threshold,not_applicable,151,4.0,40,40,leverage,0.010883764547940376,0.2726464308817224,0.04989408366521508,0.010883764547940385,0.0,8.611074083412302e+17,0.0,,,True,0.0026324999998905696
synthetic_threshold|not_applicable|seed=151|budget=8|kernel_weight,completed,synthetic_threshold,not_applicable,151,8.0,80,80,kernel_weight,0.00549669883266874,0.1937587031669339,0.044507017949943425,0.005496698832668727,6.661338147750939e-16,1.2033374841429522e+17,0.0,,,True,0.0025843000003078487
synthetic_threshold|not_applicable|seed=151|budget=8|leverage,completed,synthetic_threshold,not_applicable,151,8.0,80,80,leverage,0.006233271651276602,0.2063328015499035,0.04524359076855133,0.006233271651276628,6.661338147750939e-16,7.553981870710318e+16,0.0,,,True,0.0027240999988862313
synthetic_threshold|not_applicable|seed=151|budget=16|kernel_weight,completed,synthetic_threshold,not_applicable,151,16.0,160,160,kernel_weight,0.0014143969630459733,0.09828696064345675,0.040424716080320666,0.0014143969630459677,2.220446049250313e-16,1.689774388376495e+16,0.0,,,True,0.0028134999993199017
synthetic_threshold|not_applicable|seed=151|budget=16|leverage,completed,synthetic_threshold,not_applicable,151,16.0,160,160,leverage,0.0010278824485698917,0.08378802875446208,0.0400382015658446,0.0010278824485699042,2.220446049250313e-16,1.0401889207406676e+16,0.0,,,True,0.003022399996552849
diabetes_hist_gradient_boosting|D0_full_rows|seed=151|budget=2|kernel_weight,completed,diabetes_hist_gradient_boosting,D0_full_rows,151,2.0,20,20,kernel_weight,2.247529351083999,0.13465968069816298,30.352954406060874,2.2475293510839975,7.105427357601002e-15,2.6648321618155504e+16,0.0,58.21882720400902,0.0,True,0.006842599999799859
diabetes_hist_gradient_boosting|D0_full_rows|seed=151|budget=2|leverage,completed,diabetes_hist_gradient_boosting,D0_full_rows,151,2.0,20,20,leverage,2.407598332219727,0.13937244254238498,30.513023387196622,2.407598332219745,4.263256414560601e-14,2.9650836513508044e+16,0.0,58.21882720400902,0.0,True,0.0069251999993866775
diabetes_hist_gradient_boosting|D0_full_rows|seed=151|budget=4|kernel_weight,completed,diabetes_hist_gradient_boosting,D0_full_rows,151,4.0,40,40,kernel_weight,1.381247202999839,0.10556515753458794,29.486672257976714,1.3812472029998375,7.105427357601002e-15,4.415480744117997e+16,0.0,58.21882720400902,0.0,True,0.007337399998505134
diabetes_hist_gradient_boosting|D0_full_rows|seed=151|budget=4|leverage,completed,diabetes_hist_gradient_boosting,D0_full_rows,151,4.0,40,40,leverage,2.176020101789715,0.13250014265127416,30.2814451567666,2.1760201017897245,2.1316282072803006e-14,8.611074083412302e+17,0.0,58.21882720400902,0.0,True,0.007556900000054156
diabetes_hist_gradient_boosting|D0_full_rows|seed=151|budget=8|kernel_weight,completed,diabetes_hist_gradient_boosting,D0_full_rows,151,8.0,80,80,kernel_weight,0.8013505395559062,0.08040742627059683,28.906775594532782,0.8013505395559051,0.0,1.2033374841429522e+17,0.0,58.21882720400902,0.0,True,0.007879000000684755
diabetes_hist_gradient_boosting|D0_full_rows|seed=151|budget=8|leverage,completed,diabetes_hist_gradient_boosting,D0_full_rows,151,8.0,80,80,leverage,1.0821119533722179,0.09343745300070516,29.187537008349093,1.082111953372216,0.0,7.553981870710318e+16,0.0,58.21882720400902,0.0,True,0.00974309999946854
diabetes_hist_gradient_boosting|D0_full_rows|seed=151|budget=16|kernel_weight,completed,diabetes_hist_gradient_boosting,D0_full_rows,151,16.0,160,160,kernel_weight,0.3050427667550857,0.049609546844760044,28.410467821731963,0.30504276675508635,0.0,1.689774388376495e+16,0.0,58.21882720400902,0.0,True,0.008640500000183238
diabetes_hist_gradient_boosting|D0_full_rows|seed=151|budget=16|leverage,completed,diabetes_hist_gradient_boosting,D0_full_rows,151,16.0,160,160,leverage,0.11624508922988579,0.03062472530802536,28.22167014420676,0.11624508922988497,0.0,1.0401889207406676e+16,0.0,58.21882720400902,0.0,True,0.009688799997093156
diabetes_hist_gradient_boosting|D1_uniform_rows|seed=151|budget=2|kernel_weight,completed,diabetes_hist_gradient_boosting,D1_uniform_rows,151,2.0,20,20,kernel_weight,0.02040335203618416,0.006648010566906268,12.359285676173247,0.02040335203604471,5.684341886080802e-14,2.6648321618155504e+16,1.6752458528580698,61.043156765673544,0.187322036758069,True,0.009220200001436751
diabetes_hist_gradient_boosting|D1_uniform_rows|seed=151|budget=2|leverage,completed,diabetes_hist_gradient_boosting,D1_uniform_rows,151,2.0,20,20,leverage,28.01466785816283,0.2463392861410934,40.353550182300296,28.014667858163094,1.4210854715202004e-13,2.9650836513508044e+16,1.6752458528580698,61.043156765673544,0.187322036758069,True,0.006909200001246063
diabetes_hist_gradient_boosting|D1_uniform_rows|seed=151|budget=4|kernel_weight,completed,diabetes_hist_gradient_boosting,D1_uniform_rows,151,4.0,40,40,kernel_weight,0.007134394330124222,0.00393114890617838,12.346016718467311,0.007134394330108762,0.0,4.415480744117997e+16,1.6752458528580698,61.043156765673544,0.187322036758069,True,0.006956799999898067
diabetes_hist_gradient_boosting|D1_uniform_rows|seed=151|budget=4|leverage,completed,diabetes_hist_gradient_boosting,D1_uniform_rows,151,4.0,40,40,leverage,0.012902640215384639,0.005286646033993603,12.351784964352408,0.012902640215205707,8.526512829121202e-14,8.611074083412302e+17,1.6752458528580698,61.043156765673544,0.187322036758069,True,0.008034300000872463
diabetes_hist_gradient_boosting|D1_uniform_rows|seed=151|budget=8|kernel_weight,completed,diabetes_hist_gradient_boosting,D1_uniform_rows,151,8.0,80,80,kernel_weight,0.0013694812803448934,0.0017223404040505317,12.340251805417491,0.001369481280288909,2.842170943040401e-14,1.2033374841429522e+17,1.6752458528580698,61.043156765673544,0.187322036758069,True,0.007703499999479391
diabetes_hist_gradient_boosting|D1_uniform_rows|seed=151|budget=8|leverage,completed,diabetes_hist_gradient_boosting,D1_uniform_rows,151,8.0,80,80,leverage,0.002842034962075287,0.0024811650085255735,12.341724359099253,0.002842034962050377,0.0,7.553981870710318e+16,1.6752458528580698,61.043156765673544,0.187322036758069,True,0.010101700001541758
diabetes_hist_gradient_boosting|D1_uniform_rows|seed=151|budget=16|kernel_weight,completed,diabetes_hist_gradient_boosting,D1_uniform_rows,151,16.0,160,160,kernel_weight,0.0004844132815639047,0.001024351388993018,12.339366737418688,0.00048441328148562945,2.842170943040401e-14,1.689774388376495e+16,1.6752458528580698,61.043156765673544,0.187322036758069,True,0.009382299998833332
diabetes_hist_gradient_boosting|D1_uniform_rows|seed=151|budget=16|leverage,completed,diabetes_hist_gradient_boosting,D1_uniform_rows,151,16.0,160,160,leverage,0.0002771423034763757,0.0007748048860500842,12.339159466440668,0.0002771423034655385,0.0,1.0401889207406676e+16,1.6752458528580698,61.043156765673544,0.187322036758069,True,0.009447300002648262
diabetes_hist_gradient_boosting|D2_robust_leverage_ipw|seed=151|budget=2|kernel_weight,completed,diabetes_hist_gradient_boosting,D2_robust_leverage_ipw,151,2.0,20,20,kernel_weight,5.239269005831926e-28,1.2879804844915537e-15,0.31988590985181475,0.0,4.263256414560601e-14,2.6648321618155504e+16,1.188173355912168,59.840342656719976,0.22787123398662754,True,0.008957199999713339
diabetes_hist_gradient_boosting|D2_robust_leverage_ipw|seed=151|budget=2|leverage,completed,diabetes_hist_gradient_boosting,D2_robust_leverage_ipw,151,2.0,20,20,leverage,37.35501661836066,0.3439128481817421,37.6749025282125,37.35501661836068,9.947598300641403e-14,2.9650836513508044e+16,1.188173355912168,59.840342656719976,0.22787123398662754,True,0.010341299999709008
diabetes_hist_gradient_boosting|D2_robust_leverage_ipw|seed=151|budget=4|kernel_weight,completed,diabetes_hist_gradient_boosting,D2_robust_leverage_ipw,151,4.0,40,40,kernel_weight,4.127763990375521e-28,1.1432240783640527e-15,0.31988590985183274,1.0769163338864018e-14,2.842170943040401e-14,4.415480744117997e+16,1.188173355912168,59.840342656719976,0.22787123398662754,True,0.00857249999899068
diabetes_hist_gradient_boosting|D2_robust_leverage_ipw|seed=151|budget=4|leverage,completed,diabetes_hist_gradient_boosting,D2_robust_leverage_ipw,151,4.0,40,40,leverage,3.4122671493400627e-28,1.0394304767074264e-15,0.3198859098518232,1.2212453270876722e-15,1.4210854715202004e-14,8.611074083412302e+17,1.188173355912168,59.840342656719976,0.22787123398662754,True,0.0101037999993423
diabetes_hist_gradient_boosting|D2_robust_leverage_ipw|seed=151|budget=8|kernel_weight,completed,diabetes_hist_gradient_boosting,D2_robust_leverage_ipw,151,8.0,80,80,kernel_weight,1.1900459793324725e-28,6.138408754437215e-16,0.3198859098518195,0.0,1.4210854715202004e-14,1.2033374841429522e+17,1.188173355912168,59.840342656719976,0.22787123398662754,True,0.010820599996804958
diabetes_hist_gradient_boosting|D2_robust_leverage_ipw|seed=151|budget=8|leverage,completed,diabetes_hist_gradient_boosting,D2_robust_leverage_ipw,151,8.0,80,80,leverage,1.5963093455212936e-28,7.109392013531418e-16,0.31988590985183774,1.5765166949677223e-14,5.684341886080802e-14,7.553981870710318e+16,1.188173355912168,59.840342656719976,0.22787123398662754,True,0.01138120000177878
diabetes_hist_gradient_boosting|D2_robust_leverage_ipw|seed=151|budget=16|kernel_weight,completed,diabetes_hist_gradient_boosting,D2_robust_leverage_ipw,151,16.0,160,160,kernel_weight,1.2668761011203415e-27,2.0028157852160825e-15,0.3198859098518233,1.3322676295501878e-15,0.0,1.689774388376495e+16,1.188173355912168,59.840342656719976,0.22787123398662754,True,0.011393799999495968
diabetes_hist_gradient_boosting|D2_robust_leverage_ipw|seed=151|budget=16|leverage,completed,diabetes_hist_gradient_boosting,D2_robust_leverage_ipw,151,16.0,160,160,leverage,1.8747772450643109e-28,7.70457648254067e-16,0.3198859098518287,6.716849298982197e-15,1.4210854715202004e-14,1.0401889207406676e+16,1.188173355912168,59.840342656719976,0.22787123398662754,True,0.012328199998592027
synthetic_interaction|not_applicable|seed=181|budget=2|kernel_weight,completed,synthetic_interaction,not_applicable,181,2.0,20,20,kernel_weight,0.05104166666666639,0.18024589069087602,0.8625000000000012,0.05104166666666776,4.440892098500626e-15,4.5364571656606904e+16,0.0,,,True,0.0026991999984602444
synthetic_interaction|not_applicable|seed=181|budget=2|leverage,completed,synthetic_interaction,not_applicable,181,2.0,20,20,leverage,1.1229166666666335,0.8454281663398857,1.9343749999999285,1.122916666666595,1.1191048088221578e-13,4.954502436255674e+16,0.0,,,True,0.002732000000833068
synthetic_interaction|not_applicable|seed=181|budget=4|kernel_weight,completed,synthetic_interaction,not_applicable,181,4.0,40,40,kernel_weight,0.029502707905816983,0.13703575237641194,0.8409610412391497,0.029502707905816328,1.7763568394002505e-15,2.591423464358692e+16,0.0,,,True,0.002574599999206839
synthetic_interaction|not_applicable|seed=181|budget=4|leverage,completed,synthetic_interaction,not_applicable,181,4.0,40,40,leverage,0.009641326625629571,0.07833779565942936,0.8210996599589626,0.00964132662562922,8.881784197001252e-16,2.9826719111504652e+16,0.0,,,True,0.0030470999990939163
synthetic_interaction|not_applicable|seed=181|budget=8|kernel_weight,completed,synthetic_interaction,not_applicable,181,8.0,80,80,kernel_weight,0.003393976185064954,0.04647906084486716,0.8148523095183983,0.003393976185064873,0.0,1.0835967819240787e+17,0.0,,,True,0.002645799999299925
synthetic_interaction|not_applicable|seed=181|budget=8|leverage,completed,synthetic_interaction,not_applicable,181,8.0,80,80,leverage,0.0030687207918761302,0.044195864840172655,0.8145270541252101,0.0030687207918767,1.7763568394002505e-15,2.913858899311465e+16,0.0,,,True,0.003110899997409433
synthetic_interaction|not_applicable|seed=181|budget=16|kernel_weight,completed,synthetic_interaction,not_applicable,181,16.0,160,160,kernel_weight,0.0036691391478816506,0.04832646628174964,0.8151274724812138,0.0036691391478803626,3.552713678800501e-15,2.2112594770555164e+16,0.0,,,True,0.003565100003470434
synthetic_interaction|not_applicable|seed=181|budget=16|leverage,completed,synthetic_interaction,not_applicable,181,16.0,160,160,leverage,0.0020265128174658956,0.03591514517692793,0.8134848461508007,0.002026512817467352,5.329070518200751e-15,1.0628066152361005e+17,0.0,,,True,0.003833999999187654
synthetic_threshold|not_applicable|seed=181|budget=2|kernel_weight,completed,synthetic_threshold,not_applicable,181,2.0,20,20,kernel_weight,0.16588037799440677,1.0644070834381243,0.20489069711168187,0.16588037799440716,1.2434497875801753e-14,4.5364571656606904e+16,0.0,,,True,0.0029962999979034066
synthetic_threshold|not_applicable|seed=181|budget=2|leverage,completed,synthetic_threshold,not_applicable,181,2.0,20,20,leverage,0.4584470255845156,1.7695173595139648,0.4974573447017894,0.45844702558451467,3.1308289294429414e-14,4.954502436255674e+16,0.0,,,True,0.0030917000003682915
synthetic_threshold|not_applicable|seed=181|budget=4|kernel_weight,completed,synthetic_threshold,not_applicable,181,4.0,40,40,kernel_weight,0.00945470971788278,0.254117367482538,0.048465028835157464,0.009454709717882766,2.220446049250313e-16,2.591423464358692e+16,0.0,,,True,0.002980500001285691
synthetic_threshold|not_applicable|seed=181|budget=4|leverage,completed,synthetic_threshold,not_applicable,181,4.0,40,40,leverage,0.020247347612748906,0.3718727174535448,0.05925766673002361,0.020247347612748913,2.220446049250313e-16,2.9826719111504652e+16,0.0,,,True,0.003235200001654448
synthetic_threshold|not_applicable|seed=181|budget=8|kernel_weight,completed,synthetic_threshold,not_applicable,181,8.0,80,80,kernel_weight,0.000860262851453676,0.07665241328471398,0.039870581968728405,0.0008602628514537067,1.1102230246251565e-15,1.0835967819240787e+17,0.0,,,True,0.0033049999983632006
synthetic_threshold|not_applicable|seed=181|budget=8|leverage,completed,synthetic_threshold,not_applicable,181,8.0,80,80,leverage,0.0025231729955032724,0.13127552440769796,0.04153349211277793,0.0025231729955032325,1.1102230246251565e-15,2.913858899311465e+16,0.0,,,True,0.0034849000003305264
synthetic_threshold|not_applicable|seed=181|budget=16|kernel_weight,completed,synthetic_threshold,not_applicable,181,16.0,160,160,kernel_weight,0.0018653268520064912,0.11287238944750311,0.040875645969281206,0.0018653268520065075,4.440892098500626e-16,2.2112594770555164e+16,0.0,,,True,0.0034577000005810987
synthetic_threshold|not_applicable|seed=181|budget=16|leverage,completed,synthetic_threshold,not_applicable,181,16.0,160,160,leverage,0.001165346979045853,0.08921499905397413,0.04017566609632056,0.0011653469790458629,2.220446049250313e-16,1.0628066152361005e+17,0.0,,,True,0.0037394999999378342
diabetes_hist_gradient_boosting|D0_full_rows|seed=181|budget=2|kernel_weight,completed,diabetes_hist_gradient_boosting,D0_full_rows,181,2.0,20,20,kernel_weight,53.34853809069297,0.3451258426597353,161.5082819962813,53.34853809069159,3.126388037344441e-13,4.5364571656606904e+16,0.0,59.661090424379445,0.0,True,0.01500540000051842
diabetes_hist_gradient_boosting|D0_full_rows|seed=181|budget=2|leverage,completed,diabetes_hist_gradient_boosting,D0_full_rows,181,2.0,20,20,leverage,6.014397259142542,0.11588101052915997,114.17414116473495,6.014397259145227,6.536993168992922e-13,4.954502436255674e+16,0.0,59.661090424379445,0.0,True,0.015043800001876662
diabetes_hist_gradient_boosting|D0_full_rows|seed=181|budget=4|kernel_weight,completed,diabetes_hist_gradient_boosting,D0_full_rows,181,4.0,40,40,kernel_weight,5.46978016836883,0.11050989205389943,113.62952407395859,5.469780168368871,0.0,2.591423464358692e+16,0.0,59.661090424379445,0.0,True,0.010548499998549232
diabetes_hist_gradient_boosting|D0_full_rows|seed=181|budget=4|leverage,completed,diabetes_hist_gradient_boosting,D0_full_rows,181,4.0,40,40,leverage,4.071202861228548,0.09534053619889173,112.23094676681848,4.071202861228755,2.842170943040401e-14,2.9826719111504652e+16,0.0,59.661090424379445,0.0,True,0.011362000001099659
diabetes_hist_gradient_boosting|D0_full_rows|seed=181|budget=8|kernel_weight,completed,diabetes_hist_gradient_boosting,D0_full_rows,181,8.0,80,80,kernel_weight,0.6343882503731738,0.03763516149058865,108.79413215596276,0.6343882503730356,2.842170943040401e-14,1.0835967819240787e+17,0.0,59.661090424379445,0.0,True,0.012614700000995072
diabetes_hist_gradient_boosting|D0_full_rows|seed=181|budget=8|leverage,completed,diabetes_hist_gradient_boosting,D0_full_rows,181,8.0,80,80,leverage,2.852388868644549,0.07980325121294145,111.01213277423452,2.8523888686447947,5.684341886080802e-14,2.913858899311465e+16,0.0,59.661090424379445,0.0,True,0.010099799997988157
diabetes_hist_gradient_boosting|D0_full_rows|seed=181|budget=16|kernel_weight,completed,diabetes_hist_gradient_boosting,D0_full_rows,181,16.0,160,160,kernel_weight,0.21683098292865713,0.022002746127963293,108.37657488851865,0.21683098292892566,5.684341886080802e-14,2.2112594770555164e+16,0.0,59.661090424379445,0.0,True,0.010069699997984571
diabetes_hist_gradient_boosting|D0_full_rows|seed=181|budget=16|leverage,completed,diabetes_hist_gradient_boosting,D0_full_rows,181,16.0,160,160,leverage,0.8307850736022507,0.043068580802383245,108.99052897919188,0.8307850736021578,2.842170943040401e-14,1.0628066152361005e+17,0.0,59.661090424379445,0.0,True,0.007947199999762233
diabetes_hist_gradient_boosting|D1_uniform_rows|seed=181|budget=2|kernel_weight,completed,diabetes_hist_gradient_boosting,D1_uniform_rows,181,2.0,20,20,kernel_weight,8.520037972652304e-27,5.4181390092938404e-15,4.109327519216748,2.007283228522283e-13,2.2737367544323206e-13,4.5364571656606904e+16,0.35797506122983624,63.792107663453805,0.17870335309324717,True,0.007085299999744166
diabetes_hist_gradient_boosting|D1_uniform_rows|seed=181|budget=2|leverage,completed,diabetes_hist_gradient_boosting,D1_uniform_rows,181,2.0,20,20,leverage,4.493322626893003e-26,1.244265843382933e-14,4.109327519216075,0.0,5.115907697472721e-13,4.954502436255674e+16,0.35797506122983624,63.792107663453805,0.17870335309324717,True,0.0071184000007633585
diabetes_hist_gradient_boosting|D1_uniform_rows|seed=181|budget=4|kernel_weight,completed,diabetes_hist_gradient_boosting,D1_uniform_rows,181,4.0,40,40,kernel_weight,3.2069660987562946e-28,1.051178724967812e-15,4.109327519216522,0.0,1.4210854715202004e-14,2.591423464358692e+16,0.35797506122983624,63.792107663453805,0.17870335309324717,True,0.006932799999049166
diabetes_hist_gradient_boosting|D1_uniform_rows|seed=181|budget=4|leverage,completed,diabetes_hist_gradient_boosting,D1_uniform_rows,181,4.0,40,40,leverage,6.315866926232302e-28,1.4751828797067969e-15,4.109327519216526,0.0,2.842170943040401e-14,2.9826719111504652e+16,0.35797506122983624,63.792107663453805,0.17870335309324717,True,0.007090400002198294
diabetes_hist_gradient_boosting|D1_uniform_rows|seed=181|budget=8|kernel_weight,completed,diabetes_hist_gradient_boosting,D1_uniform_rows,181,8.0,80,80,kernel_weight,4.200141978429548e-28,1.2029881895792409e-15,4.109327519216575,2.7533531010703882e-14,4.263256414560601e-14,1.0835967819240787e+17,0.35797506122983624,63.792107663453805,0.17870335309324717,True,0.006948099999135593
diabetes_hist_gradient_boosting|D1_uniform_rows|seed=181|budget=8|leverage,completed,diabetes_hist_gradient_boosting,D1_uniform_rows,181,8.0,80,80,leverage,7.496643789928428e-29,5.082329473548291e-16,4.109327519216501,0.0,2.842170943040401e-14,2.913858899311465e+16,0.35797506122983624,63.792107663453805,0.17870335309324717,True,0.007064299999910872
diabetes_hist_gradient_boosting|D1_uniform_rows|seed=181|budget=16|kernel_weight,completed,diabetes_hist_gradient_boosting,D1_uniform_rows,181,16.0,160,160,kernel_weight,2.9616303572325597e-28,1.010170785841283e-15,4.10932751921649,0.0,7.105427357601002e-14,2.2112594770555164e+16,0.35797506122983624,63.792107663453805,0.17870335309324717,True,0.009107899997616187
diabetes_hist_gradient_boosting|D1_uniform_rows|seed=181|budget=16|leverage,completed,diabetes_hist_gradient_boosting,D1_uniform_rows,181,16.0,160,160,leverage,7.6908514840325255e-28,1.6278582710282854e-15,4.10932751921656,1.2434497875801753e-14,1.4210854715202004e-14,1.0628066152361005e+17,0.35797506122983624,63.792107663453805,0.17870335309324717,True,0.009500100000877865
diabetes_hist_gradient_boosting|D2_robust_leverage_ipw|seed=181|budget=2|kernel_weight,completed,diabetes_hist_gradient_boosting,D2_robust_leverage_ipw,181,2.0,20,20,kernel_weight,8.335682165178285e-26,1.0059909982993553e-14,30.00243129266668,1.3500311979441904e-13,1.4210854715202004e-13,4.5364571656606904e+16,0.5459608763818643,61.51909696468891,0.17961120322469126,True,0.0074031999974977225
diabetes_hist_gradient_boosting|D2_robust_leverage_ipw|seed=181|budget=2|leverage,completed,diabetes_hist_gradient_boosting,D2_robust_leverage_ipw,181,2.0,20,20,leverage,9.583849443855179e-26,1.0786822006697224e-14,30.002431292665527,0.0,1.1368683772161603e-12,4.954502436255674e+16,0.5459608763818643,61.51909696468891,0.17961120322469126,True,0.006971599999815226
diabetes_hist_gradient_boosting|D2_robust_leverage_ipw|seed=181|budget=4|kernel_weight,completed,diabetes_hist_gradient_boosting,D2_robust_leverage_ipw,181,4.0,40,40,kernel_weight,5.0260300423893715e-28,7.811529213857063e-16,30.002431292666614,6.750155989720952e-14,8.526512829121202e-14,2.591423464358692e+16,0.5459608763818643,61.51909696468891,0.17961120322469126,True,0.0070161000003281515
diabetes_hist_gradient_boosting|D2_robust_leverage_ipw|seed=181|budget=4|leverage,completed,diabetes_hist_gradient_boosting,D2_robust_leverage_ipw,181,4.0,40,40,leverage,1.3563082758691162e-27,1.2832247489600225e-15,30.002431292666515,0.0,2.842170943040401e-14,2.9826719111504652e+16,0.5459608763818643,61.51909696468891,0.17961120322469126,True,0.007563499999378109
diabetes_hist_gradient_boosting|D2_robust_leverage_ipw|seed=181|budget=8|kernel_weight,completed,diabetes_hist_gradient_boosting,D2_robust_leverage_ipw,181,8.0,80,80,kernel_weight,5.463058983881812e-28,8.144069402025582e-16,30.002431292666586,3.907985046680551e-14,2.842170943040401e-14,1.0835967819240787e+17,0.5459608763818643,61.51909696468891,0.17961120322469126,True,0.0073468000009597745
diabetes_hist_gradient_boosting|D2_robust_leverage_ipw|seed=181|budget=8|leverage,completed,diabetes_hist_gradient_boosting,D2_robust_leverage_ipw,181,8.0,80,80,leverage,8.861471763573931e-28,1.037233297595233e-15,30.002431292666493,0.0,8.526512829121202e-14,2.913858899311465e+16,0.5459608763818643,61.51909696468891,0.17961120322469126,True,0.007435899999109097
diabetes_hist_gradient_boosting|D2_robust_leverage_ipw|seed=181|budget=16|kernel_weight,completed,diabetes_hist_gradient_boosting,D2_robust_leverage_ipw,181,16.0,160,160,kernel_weight,2.537390823166015e-27,1.7551619836123792e-15,30.002431292666493,0.0,8.526512829121202e-14,2.2112594770555164e+16,0.5459608763818643,61.51909696468891,0.17961120322469126,True,0.0077558999983011745
diabetes_hist_gradient_boosting|D2_robust_leverage_ipw|seed=181|budget=16|leverage,completed,diabetes_hist_gradient_boosting,D2_robust_leverage_ipw,181,16.0,160,160,leverage,2.4007601143817356e-27,1.707253079673127e-15,30.00243129266657,2.4868995751603507e-14,0.0,1.0628066152361005e+17,0.5459608763818643,61.51909696468891,0.17961120322469126,True,0.007720800000242889
synthetic_interaction|not_applicable|seed=211|budget=2|kernel_weight,completed,synthetic_interaction,not_applicable,211,2.0,20,20,kernel_weight,0.06091820987654321,0.19691396415069296,0.8723765432098741,0.06091820987654073,7.105427357601002e-15,6.54096649877585e+16,0.0,,,True,0.0031137000005401205
synthetic_interaction|not_applicable|seed=211|budget=2|leverage,completed,synthetic_interaction,not_applicable,211,2.0,20,20,leverage,0.05104166666666517,0.18024589069087385,0.8624999999999934,0.05104166666665999,1.509903313490213e-14,3.2557266054948492e+16,0.0,,,True,0.0026959999995597173
synthetic_interaction|not_applicable|seed=211|budget=4|kernel_weight,completed,synthetic_interaction,not_applicable,211,4.0,40,40,kernel_weight,0.010337509550990897,0.08111681886439304,0.8217958428843242,0.010337509550990776,0.0,1.897285939471073e+16,0.0,,,True,0.0027704999993147794
synthetic_interaction|not_applicable|seed=211|budget=4|leverage,completed,synthetic_interaction,not_applicable,211,4.0,40,40,leverage,0.059602391112488294,0.19477570739353295,0.8710607244458235,0.059602391112490105,5.329070518200751e-15,4.330684016594649e+16,0.0,,,True,0.0030192999984137714
synthetic_interaction|not_applicable|seed=211|budget=8|kernel_weight,completed,synthetic_interaction,not_applicable,211,8.0,80,80,kernel_weight,0.006011221113183805,0.06185635151639166,0.8174695544465159,0.00601122111318253,3.552713678800501e-15,4.228204557817536e+16,0.0,,,True,0.0028974999986530747
synthetic_interaction|not_applicable|seed=211|budget=8|leverage,completed,synthetic_interaction,not_applicable,211,8.0,80,80,leverage,0.006010792885165369,0.06185414821242851,0.8174691262185002,0.006010792885166816,5.329070518200751e-15,1.048555011897638e+16,0.0,,,True,0.003149299998767674
synthetic_interaction|not_applicable|seed=211|budget=16|kernel_weight,completed,synthetic_interaction,not_applicable,211,16.0,160,160,kernel_weight,0.00161088403124157,0.03202101448027364,0.813069217364575,0.001610884031241655,0.0,1.3893242415330128e+16,0.0,,,True,0.003155200000037439
synthetic_interaction|not_applicable|seed=211|budget=16|leverage,completed,synthetic_interaction,not_applicable,211,16.0,160,160,leverage,0.0009885722203270017,0.02508459825599074,0.812446905553661,0.0009885722203275549,1.7763568394002505e-15,1.4656808345336046e+16,0.0,,,True,0.0035064000003330875
synthetic_threshold|not_applicable|seed=211|budget=2|kernel_weight,completed,synthetic_threshold,not_applicable,211,2.0,20,20,kernel_weight,0.03253676623913409,0.4714085351562034,0.07154708535640886,0.03253676623913416,1.5543122344752192e-15,6.54096649877585e+16,0.0,,,True,0.003004400001373142
synthetic_threshold|not_applicable|seed=211|budget=2|leverage,completed,synthetic_threshold,not_applicable,211,2.0,20,20,leverage,0.04486495207591059,0.5535589182464276,0.08387527119318583,0.04486495207591113,1.709743457922741e-14,3.2557266054948492e+16,0.0,,,True,0.0029595000014523976
synthetic_threshold|not_applicable|seed=211|budget=4|kernel_weight,completed,synthetic_threshold,not_applicable,211,4.0,40,40,kernel_weight,0.005876840495741491,0.20034670291436368,0.044887159613016196,0.005876840495741498,2.220446049250313e-16,1.897285939471073e+16,0.0,,,True,0.0026980000002367888
synthetic_threshold|not_applicable|seed=211|budget=4|leverage,completed,synthetic_threshold,not_applicable,211,4.0,40,40,leverage,0.018919456112882295,0.3594715891199162,0.057929775230157035,0.018919456112882337,1.1102230246251565e-15,4.330684016594649e+16,0.0,,,True,0.0031047000011312775
synthetic_threshold|not_applicable|seed=211|budget=8|kernel_weight,completed,synthetic_threshold,not_applicable,211,8.0,80,80,kernel_weight,0.004450981424477194,0.17435649851519106,0.0434613005417519,0.004450981424477203,2.220446049250313e-16,4.228204557817536e+16,0.0,,,True,0.002975499999593012
synthetic_threshold|not_applicable|seed=211|budget=8|leverage,completed,synthetic_threshold,not_applicable,211,8.0,80,80,leverage,0.004339138012047528,0.17215196319911938,0.0433494571293222,0.004339138012047501,6.661338147750939e-16,1.048555011897638e+16,0.0,,,True,0.003300099997431971
synthetic_threshold|not_applicable|seed=211|budget=16|kernel_weight,completed,synthetic_threshold,not_applicable,211,16.0,160,160,kernel_weight,0.003498451601478294,0.15457817762597076,0.042508770718752975,0.0034984516014782766,6.661338147750939e-16,1.3893242415330128e+16,0.0,,,True,0.003358099998877151
synthetic_threshold|not_applicable|seed=211|budget=16|leverage,completed,synthetic_threshold,not_applicable,211,16.0,160,160,leverage,0.0015905198847406207,0.10422689485819489,0.040600839002015277,0.001590519884740578,1.5543122344752192e-15,1.4656808345336046e+16,0.0,,,True,0.0036158000002615154
diabetes_hist_gradient_boosting|D0_full_rows|seed=211|budget=2|kernel_weight,completed,diabetes_hist_gradient_boosting,D0_full_rows,211,2.0,20,20,kernel_weight,40.29762719987916,0.2608758921235608,92.04143568396886,40.297627199879386,5.684341886080802e-14,6.54096649877585e+16,0.0,60.397044133162915,0.0,True,0.011055499999201857
diabetes_hist_gradient_boosting|D0_full_rows|seed=211|budget=2|leverage,completed,diabetes_hist_gradient_boosting,D0_full_rows,211,2.0,20,20,leverage,82.00924064315855,0.37215649696278313,133.75304912725397,82.0092406431645,1.6484591469634324e-12,3.2557266054948492e+16,0.0,60.397044133162915,0.0,True,0.010579699999652803
diabetes_hist_gradient_boosting|D0_full_rows|seed=211|budget=4|kernel_weight,completed,diabetes_hist_gradient_boosting,D0_full_rows,211,4.0,40,40,kernel_weight,12.677849130841178,0.1463244833866832,64.42165761493067,12.677849130841196,0.0,1.897285939471073e+16,0.0,60.397044133162915,0.0,True,0.010768699998152442
diabetes_hist_gradient_boosting|D0_full_rows|seed=211|budget=4|leverage,completed,diabetes_hist_gradient_boosting,D0_full_rows,211,4.0,40,40,leverage,4.536544374139185,0.08752997238960829,56.28035285822869,4.536544374139218,1.4210854715202004e-14,4.330684016594649e+16,0.0,60.397044133162915,0.0,True,0.010904900002060458
diabetes_hist_gradient_boosting|D0_full_rows|seed=211|budget=8|kernel_weight,completed,diabetes_hist_gradient_boosting,D0_full_rows,211,8.0,80,80,kernel_weight,1.8916336722360363,0.05652137623283295,53.635442156325205,1.8916336722357343,9.947598300641403e-14,4.228204557817536e+16,0.0,60.397044133162915,0.0,True,0.010847600002307445
diabetes_hist_gradient_boosting|D0_full_rows|seed=211|budget=8|leverage,completed,diabetes_hist_gradient_boosting,D0_full_rows,211,8.0,80,80,leverage,1.5841632988441365,0.051724247793885014,53.327971782933844,1.5841632988443735,7.105427357601002e-14,1.048555011897638e+16,0.0,60.397044133162915,0.0,True,0.010461400001076981
diabetes_hist_gradient_boosting|D0_full_rows|seed=211|budget=16|kernel_weight,completed,diabetes_hist_gradient_boosting,D0_full_rows,211,16.0,160,160,kernel_weight,1.3761961184164657,0.048209693913007966,53.12000460250617,1.3761961184167006,5.684341886080802e-14,1.3893242415330128e+16,0.0,60.397044133162915,0.0,True,0.01010390000010375
diabetes_hist_gradient_boosting|D0_full_rows|seed=211|budget=16|leverage,completed,diabetes_hist_gradient_boosting,D0_full_rows,211,16.0,160,160,leverage,0.35141104068111484,0.02436138138722569,52.095219524770606,0.3514110406811355,1.4210854715202004e-14,1.4656808345336046e+16,0.0,60.397044133162915,0.0,True,0.011192000001756242
diabetes_hist_gradient_boosting|D1_uniform_rows|seed=211|budget=2|kernel_weight,completed,diabetes_hist_gradient_boosting,D1_uniform_rows,211,2.0,20,20,kernel_weight,9.450805106276121,0.1812589209041447,38.81800947522194,9.450805106276249,4.263256414560601e-14,6.54096649877585e+16,0.7570108102343006,61.66188372806337,0.216070928739622,True,0.010103299999173032
diabetes_hist_gradient_boosting|D1_uniform_rows|seed=211|budget=2|leverage,completed,diabetes_hist_gradient_boosting,D1_uniform_rows,211,2.0,20,20,leverage,8.524352055727731e-27,5.443718701713376e-15,29.36720436894812,2.426503442620742e-12,8.952838470577262e-13,3.2557266054948492e+16,0.7570108102343006,61.66188372806337,0.216070928739622,True,0.010748099997726968
diabetes_hist_gradient_boosting|D1_uniform_rows|seed=211|budget=4|kernel_weight,completed,diabetes_hist_gradient_boosting,D1_uniform_rows,211,4.0,40,40,kernel_weight,3.526997107243144e-28,1.107305707017208e-15,29.36720436894567,0.0,2.1316282072803006e-14,1.897285939471073e+16,0.7570108102343006,61.66188372806337,0.216070928739622,True,0.012643199999729404
diabetes_hist_gradient_boosting|D1_uniform_rows|seed=211|budget=4|leverage,completed,diabetes_hist_gradient_boosting,D1_uniform_rows,211,4.0,40,40,leverage,1.3939369410481585e-27,2.2013370864763565e-15,29.367204368946005,3.126388037344441e-13,1.1368683772161603e-13,4.330684016594649e+16,0.7570108102343006,61.66188372806337,0.216070928739622,True,0.011047199997847201
diabetes_hist_gradient_boosting|D1_uniform_rows|seed=211|budget=8|kernel_weight,completed,diabetes_hist_gradient_boosting,D1_uniform_rows,211,8.0,80,80,kernel_weight,2.7430665826797635e-28,9.76524539259573e-16,29.367204368945483,0.0,8.526512829121202e-14,4.228204557817536e+16,0.7570108102343006,61.66188372806337,0.216070928739622,True,0.009850799997366266
diabetes_hist_gradient_boosting|D1_uniform_rows|seed=211|budget=8|leverage,completed,diabetes_hist_gradient_boosting,D1_uniform_rows,211,8.0,80,80,leverage,4.994278390954226e-28,1.3176539251695837e-15,29.367204368945792,9.947598300641403e-14,2.842170943040401e-14,1.048555011897638e+16,0.7570108102343006,61.66188372806337,0.216070928739622,True,0.011024100000213366
diabetes_hist_gradient_boosting|D1_uniform_rows|seed=211|budget=16|kernel_weight,completed,diabetes_hist_gradient_boosting,D1_uniform_rows,211,16.0,160,160,kernel_weight,1.9263983305497107e-28,8.18348014645134e-16,29.367204368945767,7.460698725481052e-14,2.1316282072803006e-14,1.3893242415330128e+16,0.7570108102343006,61.66188372806337,0.216070928739622,True,0.011148500001581851
diabetes_hist_gradient_boosting|D1_uniform_rows|seed=211|budget=16|leverage,completed,diabetes_hist_gradient_boosting,D1_uniform_rows,211,16.0,160,160,leverage,1.4373045693126834e-28,7.068697384711854e-16,29.36720436894573,3.552713678800501e-14,7.105427357601002e-15,1.4656808345336046e+16,0.7570108102343006,61.66188372806337,0.216070928739622,True,0.01589569999850937
diabetes_hist_gradient_boosting|D2_robust_leverage_ipw|seed=211|budget=2|kernel_weight,completed,diabetes_hist_gradient_boosting,D2_robust_leverage_ipw,211,2.0,20,20,kernel_weight,4.637087314348621,0.12437325197433145,10.287534426027268,4.637087314348582,4.263256414560601e-14,6.54096649877585e+16,0.5995294539512598,62.090329329459074,0.13736438551265714,True,0.015543699999398086
diabetes_hist_gradient_boosting|D2_robust_leverage_ipw|seed=211|budget=2|leverage,completed,diabetes_hist_gradient_boosting,D2_robust_leverage_ipw,211,2.0,20,20,leverage,2.38387454670548e-26,8.917560233246398e-15,5.650447111678007,0.0,7.389644451905042e-13,3.2557266054948492e+16,0.5995294539512598,62.090329329459074,0.13736438551265714,True,0.014115899997705128
diabetes_hist_gradient_boosting|D2_robust_leverage_ipw|seed=211|budget=4|kernel_weight,completed,diabetes_hist_gradient_boosting,D2_robust_leverage_ipw,211,4.0,40,40,kernel_weight,5.023466244447403e-28,1.2945120496661127e-15,5.650447111678687,1.7763568394002505e-15,0.0,1.897285939471073e+16,0.5995294539512598,62.090329329459074,0.13736438551265714,True,0.011703300002409378
diabetes_hist_gradient_boosting|D2_robust_leverage_ipw|seed=211|budget=4|leverage,completed,diabetes_hist_gradient_boosting,D2_robust_leverage_ipw,211,4.0,40,40,leverage,2.1709452111682244e-28,8.509984807066651e-16,5.650447111678618,0.0,7.105427357601002e-14,4.330684016594649e+16,0.5995294539512598,62.090329329459074,0.13736438551265714,True,0.011622199999692384
diabetes_hist_gradient_boosting|D2_robust_leverage_ipw|seed=211|budget=8|kernel_weight,completed,diabetes_hist_gradient_boosting,D2_robust_leverage_ipw,211,8.0,80,80,kernel_weight,1.9027325033930804e-28,7.966970731517078e-16,5.650447111678737,5.1514348342607263e-14,5.684341886080802e-14,4.228204557817536e+16,0.5995294539512598,62.090329329459074,0.13736438551265714,True,0.011043499998777406
diabetes_hist_gradient_boosting|D2_robust_leverage_ipw|seed=211|budget=8|leverage,completed,diabetes_hist_gradient_boosting,D2_robust_leverage_ipw,211,8.0,80,80,leverage,5.6482440813824445e-28,1.3726540035996064e-15,5.650447111678669,0.0,1.4210854715202004e-14,1.048555011897638e+16,0.5995294539512598,62.090329329459074,0.13736438551265714,True,0.010538300000916934
diabetes_hist_gradient_boosting|D2_robust_leverage_ipw|seed=211|budget=16|kernel_weight,completed,diabetes_hist_gradient_boosting,D2_robust_leverage_ipw,211,16.0,160,160,kernel_weight,1.8932661725304283e-28,7.947127685184544e-16,5.650447111678652,0.0,2.842170943040401e-14,1.3893242415330128e+16,0.5995294539512598,62.090329329459074,0.13736438551265714,True,0.010946099999273429
diabetes_hist_gradient_boosting|D2_robust_leverage_ipw|seed=211|budget=16|leverage,completed,diabetes_hist_gradient_boosting,D2_robust_leverage_ipw,211,16.0,160,160,leverage,2.3697381592839193e-28,8.891080331050383e-16,5.650447111678677,0.0,1.4210854715202004e-14,1.4656808345336046e+16,0.5995294539512598,62.090329329459074,0.13736438551265714,True,0.008617199997388525
synthetic_interaction|not_applicable|seed=241|budget=2|kernel_weight,completed,synthetic_interaction,not_applicable,241,2.0,20,20,kernel_weight,0.05104166666666672,0.1802458906908766,0.8625000000000012,0.05104166666666776,3.552713678800501e-15,3.8082071272935816e+16,0.0,,,True,0.0025055000005522743
synthetic_interaction|not_applicable|seed=241|budget=2|leverage,completed,synthetic_interaction,not_applicable,241,2.0,20,20,leverage,0.291126543209877,0.4304709518778116,1.1025848765432107,0.2911265432098773,1.7763568394002505e-15,5.73842685513115e+17,0.0,,,True,0.00247500000114087
synthetic_interaction|not_applicable|seed=241|budget=4|kernel_weight,completed,synthetic_interaction,not_applicable,241,4.0,40,40,kernel_weight,0.01387287408072842,0.09396933879242121,0.8253312074140595,0.013872874080726127,6.217248937900877e-15,1.5937793359363376e+17,0.0,,,True,0.0024032000001170672
synthetic_interaction|not_applicable|seed=241|budget=4|leverage,completed,synthetic_interaction,not_applicable,241,4.0,40,40,leverage,0.017547343722645378,0.10568385351760938,0.8290056770559788,0.017547343722645437,8.881784197001252e-16,2.096239860550108e+16,0.0,,,True,0.0027757999996538274
synthetic_interaction|not_applicable|seed=241|budget=8|kernel_weight,completed,synthetic_interaction,not_applicable,241,8.0,80,80,kernel_weight,0.004423654869216755,0.053063215904522884,0.8158819882025509,0.004423654869217475,2.6645352591003757e-15,3.012632787619876e+16,0.0,,,True,0.00263710000217543
synthetic_interaction|not_applicable|seed=241|budget=8|leverage,completed,synthetic_interaction,not_applicable,241,8.0,80,80,leverage,0.0036420578744733854,0.048147791387447604,0.8151003912078069,0.00364205787447347,0.0,1.3192216574840517e+17,0.0,,,True,0.002803800001856871
synthetic_interaction|not_applicable|seed=241|budget=16|kernel_weight,completed,synthetic_interaction,not_applicable,241,16.0,160,160,kernel_weight,0.0022833723105954986,0.0381233726206042,0.8137417056439296,0.0022833723105961656,1.7763568394002505e-15,2.631406105086915e+16,0.0,,,True,0.0029353999998420477
synthetic_interaction|not_applicable|seed=241|budget=16|leverage,completed,synthetic_interaction,not_applicable,241,16.0,160,160,leverage,0.0014466113903513732,0.030344423362790467,0.8129049447236844,0.0014466113903509603,0.0,3.4465776147320708e+16,0.0,,,True,0.0031935000006342307
synthetic_threshold|not_applicable|seed=241|budget=2|kernel_weight,completed,synthetic_threshold,not_applicable,241,2.0,20,20,kernel_weight,0.014630013135384031,0.3161059029416498,0.053640332252658685,0.014630013135383986,1.3322676295501878e-15,3.8082071272935816e+16,0.0,,,True,0.0023595000020577572
synthetic_threshold|not_applicable|seed=241|budget=2|leverage,completed,synthetic_threshold,not_applicable,241,2.0,20,20,leverage,0.047311971628104015,0.5684545817476419,0.08632229074537856,0.04731197162810386,4.6629367034256575e-15,5.73842685513115e+17,0.0,,,True,0.0027609999997366685
synthetic_threshold|not_applicable|seed=241|budget=4|kernel_weight,completed,synthetic_threshold,not_applicable,241,4.0,40,40,kernel_weight,0.007073478845449952,0.21979953908996214,0.04608379796272469,0.007073478845449989,1.5543122344752192e-15,1.5937793359363376e+17,0.0,,,True,0.0025458000018261373
synthetic_threshold|not_applicable|seed=241|budget=4|leverage,completed,synthetic_threshold,not_applicable,241,4.0,40,40,leverage,0.006201642790679706,0.20580864894600853,0.04521196190795439,0.006201642790679689,6.661338147750939e-16,2.096239860550108e+16,0.0,,,True,0.0028984999989916105
synthetic_threshold|not_applicable|seed=241|budget=8|kernel_weight,completed,synthetic_threshold,not_applicable,241,8.0,80,80,kernel_weight,0.004254219604388578,0.17045910356060004,0.04326453872166327,0.0042542196043885705,2.220446049250313e-16,3.012632787619876e+16,0.0,,,True,0.0026403999981994275
synthetic_threshold|not_applicable|seed=241|budget=8|leverage,completed,synthetic_threshold,not_applicable,241,8.0,80,80,leverage,0.0009631034104320365,0.08110482811710011,0.039973422527706734,0.0009631034104320355,2.220446049250313e-16,1.3192216574840517e+17,0.0,,,True,0.0028578000019479077
synthetic_threshold|not_applicable|seed=241|budget=16|kernel_weight,completed,synthetic_threshold,not_applicable,241,16.0,160,160,kernel_weight,0.002304791272913816,0.12546599880978893,0.041315110390188495,0.002304791272913796,6.661338147750939e-16,2.631406105086915e+16,0.0,,,True,0.0031543999975838233
synthetic_threshold|not_applicable|seed=241|budget=16|leverage,completed,synthetic_threshold,not_applicable,241,16.0,160,160,leverage,0.00036548621948527657,0.04996268291380222,0.03937580533675999,0.00036548621948528925,6.661338147750939e-16,3.4465776147320708e+16,0.0,,,True,0.0030795000020589214
diabetes_hist_gradient_boosting|D0_full_rows|seed=241|budget=2|kernel_weight,completed,diabetes_hist_gradient_boosting,D0_full_rows,241,2.0,20,20,kernel_weight,5.292759138457432,0.12327987078286036,39.601911639791,5.292759138457448,0.0,3.8082071272935816e+16,0.0,58.6911345872544,0.0,True,0.0071499000005132984
diabetes_hist_gradient_boosting|D0_full_rows|seed=241|budget=2|leverage,completed,diabetes_hist_gradient_boosting,D0_full_rows,241,2.0,20,20,leverage,45.97857896812099,0.3633531064443362,80.28773146945422,45.978578968120665,1.8474111129762605e-13,5.73842685513115e+17,0.0,58.6911345872544,0.0,True,0.009843799998634495
diabetes_hist_gradient_boosting|D0_full_rows|seed=241|budget=4|kernel_weight,completed,diabetes_hist_gradient_boosting,D0_full_rows,241,4.0,40,40,kernel_weight,0.32670459949310904,0.03062871166833015,34.63585710082671,0.3267045994931621,1.4210854715202004e-14,1.5937793359363376e+17,0.0,58.6911345872544,0.0,True,0.009886200001346879
diabetes_hist_gradient_boosting|D0_full_rows|seed=241|budget=4|leverage,completed,diabetes_hist_gradient_boosting,D0_full_rows,241,4.0,40,40,leverage,0.5151466199636913,0.038460642274640244,34.82429912129724,0.5151466199636872,1.4210854715202004e-14,2.096239860550108e+16,0.0,58.6911345872544,0.0,True,0.010193900001468137
diabetes_hist_gradient_boosting|D0_full_rows|seed=241|budget=8|kernel_weight,completed,diabetes_hist_gradient_boosting,D0_full_rows,241,8.0,80,80,kernel_weight,0.031585078687721986,0.009523401335200356,34.34073758002131,0.031585078687761836,1.4210854715202004e-14,3.012632787619876e+16,0.0,58.6911345872544,0.0,True,0.008734099999855971
diabetes_hist_gradient_boosting|D0_full_rows|seed=241|budget=8|leverage,completed,diabetes_hist_gradient_boosting,D0_full_rows,241,8.0,80,80,leverage,0.1293517302739969,0.019272463257782427,34.43850423160751,0.12935173027396019,2.842170943040401e-14,1.3192216574840517e+17,0.0,58.6911345872544,0.0,True,0.008579199999076081
diabetes_hist_gradient_boosting|D0_full_rows|seed=241|budget=16|kernel_weight,completed,diabetes_hist_gradient_boosting,D0_full_rows,241,16.0,160,160,kernel_weight,0.08486566614916381,0.015610510920540936,34.39401816748271,0.08486566614916313,1.4210854715202004e-14,2.631406105086915e+16,0.0,58.6911345872544,0.0,True,0.010301399997842964
diabetes_hist_gradient_boosting|D0_full_rows|seed=241|budget=16|leverage,completed,diabetes_hist_gradient_boosting,D0_full_rows,241,16.0,160,160,leverage,0.040197438246775304,0.010743611452975177,34.349349939580335,0.040197438246785566,1.4210854715202004e-14,3.4465776147320708e+16,0.0,58.6911345872544,0.0,True,0.01120219999938854
diabetes_hist_gradient_boosting|D1_uniform_rows|seed=241|budget=2|kernel_weight,completed,diabetes_hist_gradient_boosting,D1_uniform_rows,241,2.0,20,20,kernel_weight,9.151230234822924e-28,1.940278549763767e-15,3.715944181579177,1.7763568394002505e-15,0.0,3.8082071272935816e+16,0.7034976566795326,63.730603049991885,0.18948281366686048,True,0.009737999997014413
diabetes_hist_gradient_boosting|D1_uniform_rows|seed=241|budget=2|leverage,completed,diabetes_hist_gradient_boosting,D1_uniform_rows,241,2.0,20,20,leverage,69.6276555504033,0.5351989190915709,73.34359973198244,69.62765555040326,4.263256414560601e-14,5.73842685513115e+17,0.7034976566795326,63.730603049991885,0.18948281366686048,True,0.009879400000500027
diabetes_hist_gradient_boosting|D1_uniform_rows|seed=241|budget=4|kernel_weight,completed,diabetes_hist_gradient_boosting,D1_uniform_rows,241,4.0,40,40,kernel_weight,8.613424312688498e-28,1.8824015097284923e-15,3.7159441815792054,3.019806626980426e-14,3.552713678800501e-14,1.5937793359363376e+17,0.7034976566795326,63.730603049991885,0.18948281366686048,True,0.010502299999643583
diabetes_hist_gradient_boosting|D1_uniform_rows|seed=241|budget=4|leverage,completed,diabetes_hist_gradient_boosting,D1_uniform_rows,241,4.0,40,40,leverage,3.209135466245652e-28,1.1489956028289066e-15,3.715944181579183,7.993605777301127e-15,7.105427357601002e-15,2.096239860550108e+16,0.7034976566795326,63.730603049991885,0.18948281366686048,True,0.011272099996858742
diabetes_hist_gradient_boosting|D1_uniform_rows|seed=241|budget=8|kernel_weight,completed,diabetes_hist_gradient_boosting,D1_uniform_rows,241,8.0,80,80,kernel_weight,1.018863162899513e-28,6.474142761785434e-16,3.7159441815791667,0.0,1.4210854715202004e-14,3.012632787619876e+16,0.7034976566795326,63.730603049991885,0.18948281366686048,True,0.01116579999870737
diabetes_hist_gradient_boosting|D1_uniform_rows|seed=241|budget=8|leverage,completed,diabetes_hist_gradient_boosting,D1_uniform_rows,241,8.0,80,80,leverage,4.298784104246778e-27,4.2053016996035016e-15,3.7159441815791308,0.0,5.684341886080802e-14,1.3192216574840517e+17,0.7034976566795326,63.730603049991885,0.18948281366686048,True,0.010658300001523457
diabetes_hist_gradient_boosting|D1_uniform_rows|seed=241|budget=16|kernel_weight,completed,diabetes_hist_gradient_boosting,D1_uniform_rows,241,16.0,160,160,kernel_weight,1.9475496635709492e-28,8.95093930319969e-16,3.7159441815791694,0.0,7.105427357601002e-15,2.631406105086915e+16,0.7034976566795326,63.730603049991885,0.18948281366686048,True,0.011406400000851136
diabetes_hist_gradient_boosting|D1_uniform_rows|seed=241|budget=16|leverage,completed,diabetes_hist_gradient_boosting,D1_uniform_rows,241,16.0,160,160,leverage,2.88767464736809e-28,1.0899296610665798e-15,3.715944181579199,2.398081733190338e-14,2.842170943040401e-14,3.4465776147320708e+16,0.7034976566795326,63.730603049991885,0.18948281366686048,True,0.010975200002576457
diabetes_hist_gradient_boosting|D2_robust_leverage_ipw|seed=241|budget=2|kernel_weight,completed,diabetes_hist_gradient_boosting,D2_robust_leverage_ipw,241,2.0,20,20,kernel_weight,1.6887342613292504e-27,1.4307170768963436e-15,12.765130119840213,0.0,5.684341886080802e-14,3.8082071272935816e+16,0.6439444252655143,59.62216664642075,0.13224364003628913,True,0.010925899998255773
diabetes_hist_gradient_boosting|D2_robust_leverage_ipw|seed=241|budget=2|leverage,completed,diabetes_hist_gradient_boosting,D2_robust_leverage_ipw,241,2.0,20,20,leverage,118.31770753261955,0.3787023296986098,131.08283765245966,118.31770753261941,1.7053025658242404e-13,5.73842685513115e+17,0.6439444252655143,59.62216664642075,0.13224364003628913,True,0.011435299998993287
diabetes_hist_gradient_boosting|D2_robust_leverage_ipw|seed=241|budget=4|kernel_weight,completed,diabetes_hist_gradient_boosting,D2_robust_leverage_ipw,241,4.0,40,40,kernel_weight,4.801993545306604e-28,7.629285893735929e-16,12.765130119840308,4.973799150320701e-14,5.684341886080802e-14,1.5937793359363376e+17,0.6439444252655143,59.62216664642075,0.13224364003628913,True,0.009770600001502316
diabetes_hist_gradient_boosting|D2_robust_leverage_ipw|seed=241|budget=4|leverage,completed,diabetes_hist_gradient_boosting,D2_robust_leverage_ipw,241,4.0,40,40,leverage,7.604027480651638e-28,9.600524107249768e-16,12.765130119840226,0.0,0.0,2.096239860550108e+16,0.6439444252655143,59.62216664642075,0.13224364003628913,True,0.009488300001976313
diabetes_hist_gradient_boosting|D2_robust_leverage_ipw|seed=241|budget=8|kernel_weight,completed,diabetes_hist_gradient_boosting,D2_robust_leverage_ipw,241,8.0,80,80,kernel_weight,1.0462859401172585e-27,1.1261553342801567e-15,12.76513011984025,0.0,0.0,3.012632787619876e+16,0.6439444252655143,59.62216664642075,0.13224364003628913,True,0.009683600001153536
diabetes_hist_gradient_boosting|D2_robust_leverage_ipw|seed=241|budget=8|leverage,completed,diabetes_hist_gradient_boosting,D2_robust_leverage_ipw,241,8.0,80,80,leverage,1.4208272371548796e-26,4.149958374186433e-15,12.765130119840164,0.0,5.684341886080802e-14,1.3192216574840517e+17,0.6439444252655143,59.62216664642075,0.13224364003628913,True,0.011611499998252839
diabetes_hist_gradient_boosting|D2_robust_leverage_ipw|seed=241|budget=16|kernel_weight,completed,diabetes_hist_gradient_boosting,D2_robust_leverage_ipw,241,16.0,160,160,kernel_weight,5.792802842264195e-28,8.37948788512094e-16,12.76513011984023,0.0,2.842170943040401e-14,2.631406105086915e+16,0.6439444252655143,59.62216664642075,0.13224364003628913,True,0.01121640000201296
diabetes_hist_gradient_boosting|D2_robust_leverage_ipw|seed=241|budget=16|leverage,completed,diabetes_hist_gradient_boosting,D2_robust_leverage_ipw,241,16.0,160,160,leverage,4.981853831696995e-28,7.77085122196938e-16,12.765130119840274,1.5987211554602254e-14,2.842170943040401e-14,3.4465776147320708e+16,0.6439444252655143,59.62216664642075,0.13224364003628913,True,0.011968300001171883
synthetic_interaction|not_applicable|seed=271|budget=2|kernel_weight,completed,synthetic_interaction,not_applicable,271,2.0,20,20,kernel_weight,0.5080536265432074,0.5686666071892332,1.3195119598765466,0.5080536265432132,1.7763568394002505e-14,1.674287571966282e+18,0.0,,,True,0.0026582000027701724
synthetic_interaction|not_applicable|seed=271|budget=2|leverage,completed,synthetic_interaction,not_applicable,271,2.0,20,20,leverage,0.15171199845679006,0.3107512708586375,0.9631703317901236,0.15171199845679018,8.881784197001252e-16,5.5109800949286424e+16,0.0,,,True,0.0025558999986969866
synthetic_interaction|not_applicable|seed=271|budget=4|kernel_weight,completed,synthetic_interaction,not_applicable,271,4.0,40,40,kernel_weight,0.014073275132680996,0.09464562378910317,0.8255316084660143,0.014073275132680862,0.0,1.3517449361434942e+17,0.0,,,True,0.0024856999989424367
synthetic_interaction|not_applicable|seed=271|budget=4|leverage,completed,synthetic_interaction,not_applicable,271,4.0,40,40,leverage,0.046808512452373066,0.17260976793558477,0.8582668457857046,0.046808512452371165,5.329070518200751e-15,7.141475630720625e+16,0.0,,,True,0.002742000000580447
synthetic_interaction|not_applicable|seed=271|budget=8|kernel_weight,completed,synthetic_interaction,not_applicable,271,8.0,80,80,kernel_weight,0.0059824385045862145,0.06170808518017846,0.8174407718379204,0.005982438504587018,1.7763568394002505e-15,1.4357898964096547e+17,0.0,,,True,0.0025883000016619917
synthetic_interaction|not_applicable|seed=271|budget=8|leverage,completed,synthetic_interaction,not_applicable,271,8.0,80,80,leverage,0.0059637120670806235,0.061611429082388834,0.8174220454004141,0.005963712067080684,8.881784197001252e-16,9.208485964805032e+16,0.0,,,True,0.0027530000006663613
synthetic_interaction|not_applicable|seed=271|budget=16|kernel_weight,completed,synthetic_interaction,not_applicable,271,16.0,160,160,kernel_weight,0.0009850127270910817,0.025039397220135012,0.812443346060424,0.0009850127270906173,8.881784197001252e-16,5.196936460837345e+16,0.0,,,True,0.002827700001944322
synthetic_interaction|not_applicable|seed=271|budget=16|leverage,completed,synthetic_interaction,not_applicable,271,16.0,160,160,leverage,0.0011038026934096095,0.02650627342066729,0.8125621360267419,0.0011038026934084844,2.6645352591003757e-15,4.087670531746297e+16,0.0,,,True,0.003025900001375703
synthetic_threshold|not_applicable|seed=271|budget=2|kernel_weight,completed,synthetic_threshold,not_applicable,271,2.0,20,20,kernel_weight,0.025275582627493888,0.4154902486156234,0.06428590174476849,0.02527558262749379,2.4424906541753444e-15,1.674287571966282e+18,0.0,,,True,0.0023044000008667354
synthetic_threshold|not_applicable|seed=271|budget=2|leverage,completed,synthetic_threshold,not_applicable,271,2.0,20,20,leverage,0.060571150141505825,0.643195738013655,0.09958146925878054,0.060571150141505846,6.661338147750939e-16,5.5109800949286424e+16,0.0,,,True,0.0025645999994594604
synthetic_threshold|not_applicable|seed=271|budget=4|kernel_weight,completed,synthetic_threshold,not_applicable,271,4.0,40,40,kernel_weight,0.010794605303449898,0.27152738153678435,0.049804924420724594,0.010794605303449896,2.220446049250313e-16,1.3517449361434942e+17,0.0,,,True,0.0024558000004617497
synthetic_threshold|not_applicable|seed=271|budget=4|leverage,completed,synthetic_threshold,not_applicable,271,4.0,40,40,leverage,0.026692529642967457,0.4269776225716552,0.06570284876024221,0.026692529642967512,2.220446049250313e-15,7.141475630720625e+16,0.0,,,True,0.002629200000228593
synthetic_threshold|not_applicable|seed=271|budget=8|kernel_weight,completed,synthetic_threshold,not_applicable,271,8.0,80,80,kernel_weight,0.005591804547098627,0.19542775332969625,0.044602123664373314,0.005591804547098615,6.661338147750939e-16,1.4357898964096547e+17,0.0,,,True,0.0027263000010862015
synthetic_threshold|not_applicable|seed=271|budget=8|leverage,completed,synthetic_threshold,not_applicable,271,8.0,80,80,leverage,0.0032375537616835585,0.14870266172972024,0.042247872878958245,0.0032375537616835467,2.220446049250313e-16,9.208485964805032e+16,0.0,,,True,0.0029711999995925
synthetic_threshold|not_applicable|seed=271|budget=16|kernel_weight,completed,synthetic_threshold,not_applicable,271,16.0,160,160,kernel_weight,0.00193423709738341,0.11493838806150357,0.040944556214658104,0.0019342370973834053,0.0,5.196936460837345e+16,0.0,,,True,0.002800599999318365
synthetic_threshold|not_applicable|seed=271|budget=16|leverage,completed,synthetic_threshold,not_applicable,271,16.0,160,160,leverage,0.000899493704661868,0.07838073144273233,0.03990981282193659,0.0008994937046618925,6.661338147750939e-16,4.087670531746297e+16,0.0,,,True,0.003003800000442425
diabetes_hist_gradient_boosting|D0_full_rows|seed=271|budget=2|kernel_weight,completed,diabetes_hist_gradient_boosting,D0_full_rows,271,2.0,20,20,kernel_weight,92.74266233242322,0.3866494795272546,118.61102689410185,92.74266233242322,4.263256414560601e-14,1.674287571966282e+18,0.0,59.03747938229156,0.0,True,0.007082699998136377
diabetes_hist_gradient_boosting|D0_full_rows|seed=271|budget=2|leverage,completed,diabetes_hist_gradient_boosting,D0_full_rows,271,2.0,20,20,leverage,1.376152747529108,0.04709892244761932,27.244517309207744,1.3761527475291118,1.4210854715202004e-14,5.5109800949286424e+16,0.0,59.03747938229156,0.0,True,0.007101800001692027
diabetes_hist_gradient_boosting|D0_full_rows|seed=271|budget=4|kernel_weight,completed,diabetes_hist_gradient_boosting,D0_full_rows,271,4.0,40,40,kernel_weight,0.8061382129784842,0.036048102113649116,26.67450277465711,0.8061382129784782,1.4210854715202004e-14,1.3517449361434942e+17,0.0,59.03747938229156,0.0,True,0.006922900000063237
diabetes_hist_gradient_boosting|D0_full_rows|seed=271|budget=4|leverage,completed,diabetes_hist_gradient_boosting,D0_full_rows,271,4.0,40,40,leverage,0.5365968944730488,0.029410453951241797,26.40496145615166,0.5365968944730284,5.684341886080802e-14,7.141475630720625e+16,0.0,59.03747938229156,0.0,True,0.00717149999763933
diabetes_hist_gradient_boosting|D0_full_rows|seed=271|budget=8|kernel_weight,completed,diabetes_hist_gradient_boosting,D0_full_rows,271,8.0,80,80,kernel_weight,0.15621780469081642,0.015868757215009667,26.02458236636945,0.1562178046908187,1.4210854715202004e-14,1.4357898964096547e+17,0.0,59.03747938229156,0.0,True,0.007058600000164006
diabetes_hist_gradient_boosting|D0_full_rows|seed=271|budget=8|leverage,completed,diabetes_hist_gradient_boosting,D0_full_rows,271,8.0,80,80,leverage,0.21756346983665414,0.018727104708696065,26.085928031515294,0.2175634698366622,1.4210854715202004e-14,9.208485964805032e+16,0.0,59.03747938229156,0.0,True,0.007861800000682706
diabetes_hist_gradient_boosting|D0_full_rows|seed=271|budget=16|kernel_weight,completed,diabetes_hist_gradient_boosting,D0_full_rows,271,16.0,160,160,kernel_weight,0.17045379564868127,0.01657604773440547,26.03881835732732,0.17045379564868668,4.263256414560601e-14,5.196936460837345e+16,0.0,59.03747938229156,0.0,True,0.007837900000595255
diabetes_hist_gradient_boosting|D0_full_rows|seed=271|budget=16|leverage,completed,diabetes_hist_gradient_boosting,D0_full_rows,271,16.0,160,160,leverage,0.09411382873964297,0.012316983831849754,25.962478390418276,0.09411382873964413,1.4210854715202004e-14,4.087670531746297e+16,0.0,59.03747938229156,0.0,True,0.00963659999979427
diabetes_hist_gradient_boosting|D1_uniform_rows|seed=271|budget=2|kernel_weight,completed,diabetes_hist_gradient_boosting,D1_uniform_rows,271,2.0,20,20,kernel_weight,150.60609544544235,0.5411993637320437,160.8081177217875,150.60609544544226,5.684341886080802e-14,1.674287571966282e+18,0.81412195513179,62.18662688367292,0.1963539423458482,True,0.008126799999445211
diabetes_hist_gradient_boosting|D1_uniform_rows|seed=271|budget=2|leverage,completed,diabetes_hist_gradient_boosting,D1_uniform_rows,271,2.0,20,20,leverage,0.0047186904457426505,0.00302933112173796,10.206740966790957,0.0047186904457134915,2.842170943040401e-14,5.5109800949286424e+16,0.81412195513179,62.18662688367292,0.1963539423458482,True,0.008395199998631142
diabetes_hist_gradient_boosting|D1_uniform_rows|seed=271|budget=4|kernel_weight,completed,diabetes_hist_gradient_boosting,D1_uniform_rows,271,4.0,40,40,kernel_weight,2.3618495502317093e-27,2.143197122394396e-15,10.20202227634524,0.0,1.4210854715202004e-14,1.3517449361434942e+17,0.81412195513179,62.18662688367292,0.1963539423458482,True,0.00946970000222791
diabetes_hist_gradient_boosting|D1_uniform_rows|seed=271|budget=4|leverage,completed,diabetes_hist_gradient_boosting,D1_uniform_rows,271,4.0,40,40,leverage,1.4903949082340576e-27,1.7024982797742537e-15,10.20202227634512,0.0,7.105427357601002e-14,7.141475630720625e+16,0.81412195513179,62.18662688367292,0.1963539423458482,True,0.007356800000707153
diabetes_hist_gradient_boosting|D1_uniform_rows|seed=271|budget=8|kernel_weight,completed,diabetes_hist_gradient_boosting,D1_uniform_rows,271,8.0,80,80,kernel_weight,6.567267035964923e-28,1.1301298357493249e-15,10.202022276345241,0.0,1.4210854715202004e-14,1.4357898964096547e+17,0.81412195513179,62.18662688367292,0.1963539423458482,True,0.007020599998213584
diabetes_hist_gradient_boosting|D1_uniform_rows|seed=271|budget=8|leverage,completed,diabetes_hist_gradient_boosting,D1_uniform_rows,271,8.0,80,80,leverage,4.557249449461786e-28,9.41428633585729e-16,10.20202227634524,0.0,0.0,9.208485964805032e+16,0.81412195513179,62.18662688367292,0.1963539423458482,True,0.007296299998415634
diabetes_hist_gradient_boosting|D1_uniform_rows|seed=271|budget=16|kernel_weight,completed,diabetes_hist_gradient_boosting,D1_uniform_rows,271,16.0,160,160,kernel_weight,8.220719493308163e-28,1.2644187211353647e-15,10.202022276345279,3.552713678800501e-14,0.0,5.196936460837345e+16,0.81412195513179,62.18662688367292,0.1963539423458482,True,0.007419799996569054
diabetes_hist_gradient_boosting|D1_uniform_rows|seed=271|budget=16|leverage,completed,diabetes_hist_gradient_boosting,D1_uniform_rows,271,16.0,160,160,leverage,7.526521896713674e-28,1.2098545647565959e-15,10.202022276345232,0.0,1.4210854715202004e-14,4.087670531746297e+16,0.81412195513179,62.18662688367292,0.1963539423458482,True,0.007506199999625096
diabetes_hist_gradient_boosting|D2_robust_leverage_ipw|seed=271|budget=2|kernel_weight,completed,diabetes_hist_gradient_boosting,D2_robust_leverage_ipw,271,2.0,20,20,kernel_weight,421.925984324428,0.6633228815612598,441.42567709336276,421.9259843244277,5.684341886080802e-14,1.674287571966282e+18,0.926264803632129,60.699477432530585,0.20144687869070585,True,0.007656199999473756
diabetes_hist_gradient_boosting|D2_robust_leverage_ipw|seed=271|budget=2|leverage,completed,diabetes_hist_gradient_boosting,D2_robust_leverage_ipw,271,2.0,20,20,leverage,0.003098996136171117,0.001797700585869446,19.502791765071247,0.0030989961362060114,2.842170943040401e-14,5.5109800949286424e+16,0.926264803632129,60.699477432530585,0.20144687869070585,True,0.010030100002040854
diabetes_hist_gradient_boosting|D2_robust_leverage_ipw|seed=271|budget=4|kernel_weight,completed,diabetes_hist_gradient_boosting,D2_robust_leverage_ipw,271,4.0,40,40,kernel_weight,6.593974907987313e-27,2.6222886044937115e-15,19.49969276893505,7.105427357601002e-15,1.4210854715202004e-14,1.3517449361434942e+17,0.926264803632129,60.699477432530585,0.20144687869070585,True,0.01028999999834923
diabetes_hist_gradient_boosting|D2_robust_leverage_ipw|seed=271|budget=4|leverage,completed,diabetes_hist_gradient_boosting,D2_robust_leverage_ipw,271,4.0,40,40,leverage,6.430089054927647e-27,2.589496548501806e-15,19.49969276893468,0.0,1.4210854715202004e-13,7.141475630720625e+16,0.926264803632129,60.699477432530585,0.20144687869070585,True,0.009194400001433678
diabetes_hist_gradient_boosting|D2_robust_leverage_ipw|seed=271|budget=8|kernel_weight,completed,diabetes_hist_gradient_boosting,D2_robust_leverage_ipw,271,8.0,80,80,kernel_weight,8.957564882591165e-28,9.66499923240036e-16,19.49969276893495,0.0,2.842170943040401e-14,1.4357898964096547e+17,0.926264803632129,60.699477432530585,0.20144687869070585,True,0.009420700000191573
diabetes_hist_gradient_boosting|D2_robust_leverage_ipw|seed=271|budget=8|leverage,completed,diabetes_hist_gradient_boosting,D2_robust_leverage_ipw,271,8.0,80,80,leverage,9.656495644616982e-28,1.0034982444433487e-15,19.499692768934977,0.0,1.4210854715202004e-14,9.208485964805032e+16,0.926264803632129,60.699477432530585,0.20144687869070585,True,0.010930200001894264
diabetes_hist_gradient_boosting|D2_robust_leverage_ipw|seed=271|budget=16|kernel_weight,completed,diabetes_hist_gradient_boosting,D2_robust_leverage_ipw,271,16.0,160,160,kernel_weight,2.2017157168525015e-27,1.5152610643608782e-15,19.499692768934917,0.0,4.263256414560601e-14,5.196936460837345e+16,0.926264803632129,60.699477432530585,0.20144687869070585,True,0.010579499998129904
diabetes_hist_gradient_boosting|D2_robust_leverage_ipw|seed=271|budget=16|leverage,completed,diabetes_hist_gradient_boosting,D2_robust_leverage_ipw,271,16.0,160,160,leverage,7.612951469641951e-28,8.910116310099403e-16,19.499692768934935,0.0,4.263256414560601e-14,4.087670531746297e+16,0.926264803632129,60.699477432530585,0.20144687869070585,True,0.01066990000254009
synthetic_interaction|not_applicable|seed=307|budget=2|kernel_weight,completed,synthetic_interaction,not_applicable,307,2.0,20,20,kernel_weight,0.05104166666666341,0.18024589069087074,0.8624999999999973,0.051041666666663876,1.7763568394002505e-15,1.2982701339910702e+17,0.0,,,True,0.0027227999999013264
synthetic_interaction|not_applicable|seed=307|budget=2|leverage,completed,synthetic_interaction,not_applicable,307,2.0,20,20,leverage,0.10104537707236787,0.2536069629727896,0.9125037104057001,0.10104537707236672,3.552713678800501e-15,2.2224242448285876e+16,0.0,,,True,0.002861600001779152
synthetic_interaction|not_applicable|seed=307|budget=4|kernel_weight,completed,synthetic_interaction,not_applicable,307,4.0,40,40,kernel_weight,0.012836772501521326,0.09039218221046401,0.8242951058348557,0.012836772501522264,3.552713678800501e-15,5.454069416418728e+16,0.0,,,True,0.003220400001737289
synthetic_interaction|not_applicable|seed=307|budget=4|leverage,completed,synthetic_interaction,not_applicable,307,4.0,40,40,leverage,0.021191373084858692,0.1161401807446842,0.8326497064181909,0.021191373084857523,2.6645352591003757e-15,3.430234230401716e+16,0.0,,,True,0.003217500001483131
synthetic_interaction|not_applicable|seed=307|budget=8|kernel_weight,completed,synthetic_interaction,not_applicable,307,8.0,80,80,kernel_weight,0.006761058304178838,0.06560097427516813,0.8182193916375122,0.006761058304178835,0.0,2.3819460147825284e+16,0.0,,,True,0.003139000000373926
synthetic_interaction|not_applicable|seed=307|budget=8|leverage,completed,synthetic_interaction,not_applicable,307,8.0,80,80,leverage,0.005870957568300328,0.06113042562379821,0.8173292909016338,0.005870957568300361,0.0,3.4786150438565616e+16,0.0,,,True,0.003262800000811694
synthetic_interaction|not_applicable|seed=307|budget=16|kernel_weight,completed,synthetic_interaction,not_applicable,307,16.0,160,160,kernel_weight,0.0035609230535157883,0.047608472054283375,0.8150192563868495,0.003560923053516074,1.7763568394002505e-15,2.7956248562019268e+16,0.0,,,True,0.0033231000015803147
synthetic_interaction|not_applicable|seed=307|budget=16|leverage,completed,synthetic_interaction,not_applicable,307,16.0,160,160,leverage,0.002887022284879883,0.04286748621959602,0.8143453556182131,0.0028870222848796923,0.0,1.7762695713481868e+16,0.0,,,True,0.0038339000020641834
synthetic_threshold|not_applicable|seed=307|budget=2|kernel_weight,completed,synthetic_threshold,not_applicable,307,2.0,20,20,kernel_weight,0.03349459210358648,0.4782969313514759,0.07250491122086117,0.03349459210358647,0.0,1.2982701339910702e+17,0.0,,,True,0.0031197999996948056
synthetic_threshold|not_applicable|seed=307|budget=2|leverage,completed,synthetic_threshold,not_applicable,307,2.0,20,20,leverage,0.05458601996930712,0.6105917931762418,0.09359633908658187,0.05458601996930717,1.9984014443252818e-15,2.2224242448285876e+16,0.0,,,True,0.0029078000006848015
synthetic_threshold|not_applicable|seed=307|budget=4|kernel_weight,completed,synthetic_threshold,not_applicable,307,4.0,40,40,kernel_weight,0.037538076329076006,0.5063446835685603,0.07654839544635071,0.03753807632907601,6.661338147750939e-16,5.454069416418728e+16,0.0,,,True,0.002788699999655364
synthetic_threshold|not_applicable|seed=307|budget=4|leverage,completed,synthetic_threshold,not_applicable,307,4.0,40,40,leverage,0.01232003018830094,0.29007889599144987,0.05133034930557563,0.012320030188300933,2.220446049250313e-16,3.430234230401716e+16,0.0,,,True,0.003136899998935405
synthetic_threshold|not_applicable|seed=307|budget=8|kernel_weight,completed,synthetic_threshold,not_applicable,307,8.0,80,80,kernel_weight,0.003317452968344489,0.15052638614451452,0.04232777208561917,0.0033174529683444726,4.440892098500626e-16,2.3819460147825284e+16,0.0,,,True,0.002983700000186218
synthetic_threshold|not_applicable|seed=307|budget=8|leverage,completed,synthetic_threshold,not_applicable,307,8.0,80,80,leverage,0.004937225761343408,0.18363342779912356,0.04394754487861809,0.0049372257613433945,6.661338147750939e-16,3.4786150438565616e+16,0.0,,,True,0.0033247000028495677
synthetic_threshold|not_applicable|seed=307|budget=16|kernel_weight,completed,synthetic_threshold,not_applicable,307,16.0,160,160,kernel_weight,0.002413741318110534,0.12839721690817554,0.04142406043538525,0.002413741318110549,4.440892098500626e-16,2.7956248562019268e+16,0.0,,,True,0.0032563000022491906
synthetic_threshold|not_applicable|seed=307|budget=16|leverage,completed,synthetic_threshold,not_applicable,307,16.0,160,160,leverage,0.002237062185406838,0.12360876753345328,0.04124738130268153,0.0022370621854068337,2.220446049250313e-16,1.7762695713481868e+16,0.0,,,True,0.0026702000031946227
diabetes_hist_gradient_boosting|D0_full_rows|seed=307|budget=2|kernel_weight,completed,diabetes_hist_gradient_boosting,D0_full_rows,307,2.0,20,20,kernel_weight,4.691067590757656,0.15524664103112393,41.48914024049124,4.691067590757669,7.105427357601002e-15,1.2982701339910702e+17,0.0,57.66654911288292,0.0,True,0.01841240000067046
diabetes_hist_gradient_boosting|D0_full_rows|seed=307|budget=2|leverage,completed,diabetes_hist_gradient_boosting,D0_full_rows,307,2.0,20,20,leverage,2.8732098529209233,0.121498255058322,39.671282502654535,2.873209852920965,2.842170943040401e-14,2.2224242448285876e+16,0.0,57.66654911288292,0.0,True,0.01974980000159121
diabetes_hist_gradient_boosting|D0_full_rows|seed=307|budget=4|kernel_weight,completed,diabetes_hist_gradient_boosting,D0_full_rows,307,4.0,40,40,kernel_weight,0.7181639369316799,0.06074326944153303,37.516236586665215,0.7181639369316457,2.842170943040401e-14,5.454069416418728e+16,0.0,57.66654911288292,0.0,True,0.014206200001353864
diabetes_hist_gradient_boosting|D0_full_rows|seed=307|budget=4|leverage,completed,diabetes_hist_gradient_boosting,D0_full_rows,307,4.0,40,40,leverage,1.3644033780259803,0.08372550200002381,38.16247602775954,1.364403378025969,7.105427357601002e-15,3.430234230401716e+16,0.0,57.66654911288292,0.0,True,0.015260999996826285
diabetes_hist_gradient_boosting|D0_full_rows|seed=307|budget=8|kernel_weight,completed,diabetes_hist_gradient_boosting,D0_full_rows,307,8.0,80,80,kernel_weight,0.2617662137283392,0.036672723395410715,37.05983886346184,0.26176621372827213,4.263256414560601e-14,2.3819460147825284e+16,0.0,57.66654911288292,0.0,True,0.011534500001289416
diabetes_hist_gradient_boosting|D0_full_rows|seed=307|budget=8|leverage,completed,diabetes_hist_gradient_boosting,D0_full_rows,307,8.0,80,80,leverage,0.3151517642483653,0.04023891283196736,37.11322441398191,0.31515176424834124,2.842170943040401e-14,3.4786150438565616e+16,0.0,57.66654911288292,0.0,True,0.011200299999472918
diabetes_hist_gradient_boosting|D0_full_rows|seed=307|budget=16|kernel_weight,completed,diabetes_hist_gradient_boosting,D0_full_rows,307,16.0,160,160,kernel_weight,0.056362341514296144,0.01701691700536021,36.85443499124786,0.056362341514287095,1.4210854715202004e-14,2.7956248562019268e+16,0.0,57.66654911288292,0.0,True,0.013873800002329517
diabetes_hist_gradient_boosting|D0_full_rows|seed=307|budget=16|leverage,completed,diabetes_hist_gradient_boosting,D0_full_rows,307,16.0,160,160,leverage,0.039009744877814376,0.014157055094516893,36.837082394611386,0.03900974487781639,0.0,1.7762695713481868e+16,0.0,57.66654911288292,0.0,True,0.012662400000408525
diabetes_hist_gradient_boosting|D1_uniform_rows|seed=307|budget=2|kernel_weight,completed,diabetes_hist_gradient_boosting,D1_uniform_rows,307,2.0,20,20,kernel_weight,5.154787919339545e-26,1.35088610641723e-14,5.412300328231739,0.0,7.105427357601002e-14,1.2982701339910702e+17,0.550771683393543,58.87157241270625,0.18037555378742595,True,0.012038900000334252
diabetes_hist_gradient_boosting|D1_uniform_rows|seed=307|budget=2|leverage,completed,diabetes_hist_gradient_boosting,D1_uniform_rows,307,2.0,20,20,leverage,3.186109934675348,0.10620469411480356,8.598410262907139,3.186109934675299,2.842170943040401e-14,2.2224242448285876e+16,0.550771683393543,58.87157241270625,0.18037555378742595,True,0.010360600001149578
diabetes_hist_gradient_boosting|D1_uniform_rows|seed=307|budget=4|kernel_weight,completed,diabetes_hist_gradient_boosting,D1_uniform_rows,307,4.0,40,40,kernel_weight,2.55748705472652e-28,9.515246776087607e-16,5.41230032823181,0.0,1.4210854715202004e-14,5.454069416418728e+16,0.550771683393543,58.87157241270625,0.18037555378742595,True,0.009361399999761488
diabetes_hist_gradient_boosting|D1_uniform_rows|seed=307|budget=4|leverage,completed,diabetes_hist_gradient_boosting,D1_uniform_rows,307,4.0,40,40,leverage,1.7127747974158607e-27,2.4624275757946323e-15,5.412300328231859,1.865174681370263e-14,2.1316282072803006e-14,3.430234230401716e+16,0.550771683393543,58.87157241270625,0.18037555378742595,True,0.007137400003557559
diabetes_hist_gradient_boosting|D1_uniform_rows|seed=307|budget=8|kernel_weight,completed,diabetes_hist_gradient_boosting,D1_uniform_rows,307,8.0,80,80,kernel_weight,5.60564559250051e-28,1.408724774680772e-15,5.412300328231895,5.5067062021407764e-14,4.973799150320701e-14,2.3819460147825284e+16,0.550771683393543,58.87157241270625,0.18037555378742595,True,0.007858000000851462
diabetes_hist_gradient_boosting|D1_uniform_rows|seed=307|budget=8|leverage,completed,diabetes_hist_gradient_boosting,D1_uniform_rows,307,8.0,80,80,leverage,5.694786874790484e-28,1.4198814054249555e-15,5.412300328231825,0.0,1.4210854715202004e-14,3.4786150438565616e+16,0.550771683393543,58.87157241270625,0.18037555378742595,True,0.008974599997600308
diabetes_hist_gradient_boosting|D1_uniform_rows|seed=307|budget=16|kernel_weight,completed,diabetes_hist_gradient_boosting,D1_uniform_rows,307,16.0,160,160,kernel_weight,2.2622953039928178e-27,2.830010071228917e-15,5.412300328231843,2.6645352591003757e-15,1.4210854715202004e-14,2.7956248562019268e+16,0.550771683393543,58.87157241270625,0.18037555378742595,True,0.008698699999513337
diabetes_hist_gradient_boosting|D1_uniform_rows|seed=307|budget=16|leverage,completed,diabetes_hist_gradient_boosting,D1_uniform_rows,307,16.0,160,160,leverage,1.7709927322211715e-28,7.918113514431477e-16,5.412300328231854,1.4210854715202004e-14,2.1316282072803006e-14,1.7762695713481868e+16,0.550771683393543,58.87157241270625,0.18037555378742595,True,0.007640300002094591
diabetes_hist_gradient_boosting|D2_robust_leverage_ipw|seed=307|budget=2|kernel_weight,completed,diabetes_hist_gradient_boosting,D2_robust_leverage_ipw,307,2.0,20,20,kernel_weight,2.466789004743899e-27,2.7824963270630815e-15,22.811075437900357,7.105427357601002e-14,5.684341886080802e-14,1.2982701339910702e+17,0.6861794396429814,61.19597160032668,0.18633385938964667,True,0.007147899999836227
diabetes_hist_gradient_boosting|D2_robust_leverage_ipw|seed=307|budget=2|leverage,completed,diabetes_hist_gradient_boosting,D2_robust_leverage_ipw,307,2.0,20,20,leverage,28.877752539732057,0.3010580837508243,51.688827977632386,28.8777525397321,2.842170943040401e-14,2.2224242448285876e+16,0.6861794396429814,61.19597160032668,0.18633385938964667,True,0.007293200000276556
diabetes_hist_gradient_boosting|D2_robust_leverage_ipw|seed=307|budget=4|kernel_weight,completed,diabetes_hist_gradient_boosting,D2_robust_leverage_ipw,307,4.0,40,40,kernel_weight,6.979064754441936e-28,1.48001873054916e-15,22.811075437900175,0.0,4.263256414560601e-14,5.454069416418728e+16,0.6861794396429814,61.19597160032668,0.18633385938964667,True,0.007022000001597917
diabetes_hist_gradient_boosting|D2_robust_leverage_ipw|seed=307|budget=4|leverage,completed,diabetes_hist_gradient_boosting,D2_robust_leverage_ipw,307,4.0,40,40,leverage,7.0118024820086075e-28,1.4834859402552223e-15,22.811075437900296,1.0658141036401503e-14,1.4210854715202004e-14,3.430234230401716e+16,0.6861794396429814,61.19597160032668,0.18633385938964667,True,0.007552500002930174
diabetes_hist_gradient_boosting|D2_robust_leverage_ipw|seed=307|budget=8|kernel_weight,completed,diabetes_hist_gradient_boosting,D2_robust_leverage_ipw,307,8.0,80,80,kernel_weight,2.056572705862822e-28,8.034162870257517e-16,22.81107543790022,0.0,1.4210854715202004e-14,2.3819460147825284e+16,0.6861794396429814,61.19597160032668,0.18633385938964667,True,0.007439000000886153
diabetes_hist_gradient_boosting|D2_robust_leverage_ipw|seed=307|budget=8|leverage,completed,diabetes_hist_gradient_boosting,D2_robust_leverage_ipw,307,8.0,80,80,leverage,7.112776677876897e-28,1.494129306803167e-15,22.811075437900225,0.0,1.4210854715202004e-14,3.4786150438565616e+16,0.6861794396429814,61.19597160032668,0.18633385938964667,True,0.007642799999302952
diabetes_hist_gradient_boosting|D2_robust_leverage_ipw|seed=307|budget=16|kernel_weight,completed,diabetes_hist_gradient_boosting,D2_robust_leverage_ipw,307,16.0,160,160,kernel_weight,6.478138079626593e-28,1.4259151984325923e-15,22.811075437900215,0.0,4.263256414560601e-14,2.7956248562019268e+16,0.6861794396429814,61.19597160032668,0.18633385938964667,True,0.007389599999441998
diabetes_hist_gradient_boosting|D2_robust_leverage_ipw|seed=307|budget=16|leverage,completed,diabetes_hist_gradient_boosting,D2_robust_leverage_ipw,307,16.0,160,160,leverage,2.180621083208826e-28,8.272917646144349e-16,22.811075437900296,1.0658141036401503e-14,0.0,1.7762695713481868e+16,0.6861794396429814,61.19597160032668,0.18633385938964667,True,0.007574199997179676
synthetic_interaction|not_applicable|seed=337|budget=2|kernel_weight,completed,synthetic_interaction,not_applicable,337,2.0,20,20,kernel_weight,0.7270888447971778,0.6802940767575031,1.53854717813051,0.7270888447971766,3.552713678800501e-15,1.1496135719603325e+17,0.0,,,True,0.0026948000013362616
synthetic_interaction|not_applicable|seed=337|budget=2|leverage,completed,synthetic_interaction,not_applicable,337,2.0,20,20,leverage,0.044258460299325085,0.16784217527122522,0.8557167936326502,0.04425846029931679,2.398081733190338e-14,2.1211554022873396e+16,0.0,,,True,0.0027211999986320734
synthetic_interaction|not_applicable|seed=337|budget=4|kernel_weight,completed,synthetic_interaction,not_applicable,337,4.0,40,40,kernel_weight,0.02040799591028692,0.11397330131555156,0.8318663292436205,0.02040799591028708,1.7763568394002505e-15,1.7419676337211186e+16,0.0,,,True,0.00240000000121654
synthetic_interaction|not_applicable|seed=337|budget=4|leverage,completed,synthetic_interaction,not_applicable,337,4.0,40,40,leverage,0.014983358478606029,0.09765793435238158,0.8264416918119382,0.014983358478604769,3.552713678800501e-15,1.120281265112997e+16,0.0,,,True,0.0026847000008274335
synthetic_interaction|not_applicable|seed=337|budget=8|kernel_weight,completed,synthetic_interaction,not_applicable,337,8.0,80,80,kernel_weight,0.004360983411110645,0.052685992551238674,0.8158193167444443,0.004360983411110908,8.881784197001252e-16,2.8114120258913056e+17,0.0,,,True,0.002515500000299653
synthetic_interaction|not_applicable|seed=337|budget=8|leverage,completed,synthetic_interaction,not_applicable,337,8.0,80,80,leverage,0.005265255073405189,0.05789121392948944,0.8167235884067381,0.0052652550734046955,1.7763568394002505e-15,7.31327738793247e+16,0.0,,,True,0.002710500000830507
synthetic_interaction|not_applicable|seed=337|budget=16|kernel_weight,completed,synthetic_interaction,not_applicable,337,16.0,160,160,kernel_weight,0.0010625384798008907,0.02600610324015147,0.8125208718131331,0.0010625384797997572,2.6645352591003757e-15,3.8645152441833405e+18,0.0,,,True,0.0028926999984832946
synthetic_interaction|not_applicable|seed=337|budget=16|leverage,completed,synthetic_interaction,not_applicable,337,16.0,160,160,leverage,0.0014147544599801976,0.030008444533992523,0.8128730877933131,0.001414754459979739,8.881784197001252e-16,8.784007621742731e+16,0.0,,,True,0.003111699999863049
synthetic_threshold|not_applicable|seed=337|budget=2|kernel_weight,completed,synthetic_threshold,not_applicable,337,2.0,20,20,kernel_weight,0.058035526055940256,0.6295891145707682,0.09704584517321503,0.05803552605594033,2.4424906541753444e-15,1.1496135719603325e+17,0.0,,,True,0.0025515999986964744
synthetic_threshold|not_applicable|seed=337|budget=2|leverage,completed,synthetic_threshold,not_applicable,337,2.0,20,20,leverage,0.025417286328559524,0.4166533121308169,0.06442760544583427,0.025417286328559573,1.7763568394002505e-15,2.1211554022873396e+16,0.0,,,True,0.0029021999980614055
synthetic_threshold|not_applicable|seed=337|budget=4|kernel_weight,completed,synthetic_threshold,not_applicable,337,4.0,40,40,kernel_weight,0.005993934048468517,0.20233277033364166,0.04500425316574319,0.0059939340484684925,8.881784197001252e-16,1.7419676337211186e+16,0.0,,,True,0.002569000000221422
synthetic_threshold|not_applicable|seed=337|budget=4|leverage,completed,synthetic_threshold,not_applicable,337,4.0,40,40,leverage,0.021658486775654275,0.3846133043129229,0.060668805892928876,0.021658486775654177,2.886579864025407e-15,1.120281265112997e+16,0.0,,,True,0.0030542999993485864
synthetic_threshold|not_applicable|seed=337|budget=8|kernel_weight,completed,synthetic_threshold,not_applicable,337,8.0,80,80,kernel_weight,0.005937135305098937,0.20137183199098066,0.04494745442237362,0.0059371353050989215,2.220446049250313e-16,2.8114120258913056e+17,0.0,,,True,0.0030687999969813973
synthetic_threshold|not_applicable|seed=337|budget=8|leverage,completed,synthetic_threshold,not_applicable,337,8.0,80,80,leverage,0.002021157950090962,0.11749256227497266,0.04103147706736565,0.002021157950090953,2.220446049250313e-16,7.31327738793247e+16,0.0,,,True,0.003144000002066605
synthetic_threshold|not_applicable|seed=337|budget=16|kernel_weight,completed,synthetic_threshold,not_applicable,337,16.0,160,160,kernel_weight,0.0011246988637382636,0.08764524836845997,0.040135017981012995,0.0011246988637382965,8.881784197001252e-16,3.8645152441833405e+18,0.0,,,True,0.003169800002069678
synthetic_threshold|not_applicable|seed=337|budget=16|leverage,completed,synthetic_threshold,not_applicable,337,16.0,160,160,leverage,0.0013865444720098155,0.09731440905554047,0.040396863589284515,0.0013865444720098166,2.220446049250313e-16,8.784007621742731e+16,0.0,,,True,0.004143199999816716
diabetes_hist_gradient_boosting|D0_full_rows|seed=337|budget=2|kernel_weight,completed,diabetes_hist_gradient_boosting,D0_full_rows,337,2.0,20,20,kernel_weight,79.21351693153497,0.507570495171771,135.99665989162156,79.21351693153521,9.947598300641403e-14,1.1496135719603325e+17,0.0,54.224454938553144,0.0,True,0.011321500001940876
diabetes_hist_gradient_boosting|D0_full_rows|seed=337|budget=2|leverage,completed,diabetes_hist_gradient_boosting,D0_full_rows,337,2.0,20,20,leverage,24.866697044071852,0.2843844021872195,81.6498400041583,24.866697044071955,5.684341886080802e-14,2.1211554022873396e+16,0.0,54.224454938553144,0.0,True,0.01179499999852851
diabetes_hist_gradient_boosting|D0_full_rows|seed=337|budget=4|kernel_weight,completed,diabetes_hist_gradient_boosting,D0_full_rows,337,4.0,40,40,kernel_weight,5.394191534420646,0.1324524215313182,62.177334494506994,5.394191534420642,0.0,1.7419676337211186e+16,0.0,54.224454938553144,0.0,True,0.011137199999211589
diabetes_hist_gradient_boosting|D0_full_rows|seed=337|budget=4|leverage,completed,diabetes_hist_gradient_boosting,D0_full_rows,337,4.0,40,40,leverage,3.888841029854188,0.11246226244682611,60.671983989940536,3.8888410298541842,0.0,1.120281265112997e+16,0.0,54.224454938553144,0.0,True,0.010409700000309385
diabetes_hist_gradient_boosting|D0_full_rows|seed=337|budget=8|kernel_weight,completed,diabetes_hist_gradient_boosting,D0_full_rows,337,8.0,80,80,kernel_weight,0.6599380858732138,0.0463285083586758,57.44308104595953,0.6599380858731791,2.842170943040401e-14,2.8114120258913056e+17,0.0,54.224454938553144,0.0,True,0.01166430000012042
diabetes_hist_gradient_boosting|D0_full_rows|seed=337|budget=8|leverage,completed,diabetes_hist_gradient_boosting,D0_full_rows,337,8.0,80,80,leverage,0.9803203151391019,0.056465180703737204,57.763463275225504,0.9803203151391529,2.842170943040401e-14,7.31327738793247e+16,0.0,54.224454938553144,0.0,True,0.01173930000004475
diabetes_hist_gradient_boosting|D0_full_rows|seed=337|budget=16|kernel_weight,completed,diabetes_hist_gradient_boosting,D0_full_rows,337,16.0,160,160,kernel_weight,0.4094696762532994,0.036492834168792745,57.19261263633973,0.40946967625338004,4.263256414560601e-14,3.8645152441833405e+18,0.0,54.224454938553144,0.0,True,0.01136190000033821
diabetes_hist_gradient_boosting|D0_full_rows|seed=337|budget=16|leverage,completed,diabetes_hist_gradient_boosting,D0_full_rows,337,16.0,160,160,leverage,0.33120974758917526,0.03282073298276633,57.114352707675536,0.33120974758918464,0.0,8.784007621742731e+16,0.0,54.224454938553144,0.0,True,0.011254599998210324
diabetes_hist_gradient_boosting|D1_uniform_rows|seed=337|budget=2|kernel_weight,completed,diabetes_hist_gradient_boosting,D1_uniform_rows,337,2.0,20,20,kernel_weight,200.74873628828908,0.6696956806412946,227.31032099829002,200.74873628828922,7.105427357601002e-14,1.1496135719603325e+17,0.7765819136447067,60.08351604302063,0.17723831076529187,True,0.011277800000243587
diabetes_hist_gradient_boosting|D1_uniform_rows|seed=337|budget=2|leverage,completed,diabetes_hist_gradient_boosting,D1_uniform_rows,337,2.0,20,20,leverage,41.90889200273409,0.3059878466397651,68.47047671273498,41.908892002734184,4.263256414560601e-14,2.1211554022873396e+16,0.7765819136447067,60.08351604302063,0.17723831076529187,True,0.011484900001960341
diabetes_hist_gradient_boosting|D1_uniform_rows|seed=337|budget=4|kernel_weight,completed,diabetes_hist_gradient_boosting,D1_uniform_rows,337,4.0,40,40,kernel_weight,1.4367129236337678e-28,5.665471863046737e-16,26.56158471000073,0.0,4.263256414560601e-14,1.7419676337211186e+16,0.7765819136447067,60.08351604302063,0.17723831076529187,True,0.01109569999971427
diabetes_hist_gradient_boosting|D1_uniform_rows|seed=337|budget=4|leverage,completed,diabetes_hist_gradient_boosting,D1_uniform_rows,337,4.0,40,40,leverage,8.026068064944879e-28,1.339067615531602e-15,26.561584710000773,0.0,2.842170943040401e-14,1.120281265112997e+16,0.7765819136447067,60.08351604302063,0.17723831076529187,True,0.011360399999830406
diabetes_hist_gradient_boosting|D1_uniform_rows|seed=337|budget=8|kernel_weight,completed,diabetes_hist_gradient_boosting,D1_uniform_rows,337,8.0,80,80,kernel_weight,1.496567744817412e-27,1.828518161191116e-15,26.56158471000075,0.0,2.842170943040401e-14,2.8114120258913056e+17,0.7765819136447067,60.08351604302063,0.17723831076529187,True,0.011024499999621185
diabetes_hist_gradient_boosting|D1_uniform_rows|seed=337|budget=8|leverage,completed,diabetes_hist_gradient_boosting,D1_uniform_rows,337,8.0,80,80,leverage,1.5708192775213398e-28,5.923988394367187e-16,26.561584710000794,0.0,0.0,7.31327738793247e+16,0.7765819136447067,60.08351604302063,0.17723831076529187,True,0.01138859999991837
diabetes_hist_gradient_boosting|D1_uniform_rows|seed=337|budget=16|kernel_weight,completed,diabetes_hist_gradient_boosting,D1_uniform_rows,337,16.0,160,160,kernel_weight,7.18060638977426e-29,4.005268623203548e-16,26.56158471000079,0.0,0.0,3.8645152441833405e+18,0.7765819136447067,60.08351604302063,0.17723831076529187,True,0.011679700000968296
diabetes_hist_gradient_boosting|D1_uniform_rows|seed=337|budget=16|leverage,completed,diabetes_hist_gradient_boosting,D1_uniform_rows,337,16.0,160,160,leverage,7.985244513099692e-29,4.2237207511141834e-16,26.561584710000794,0.0,1.4210854715202004e-14,8.784007621742731e+16,0.7765819136447067,60.08351604302063,0.17723831076529187,True,0.01180229999954463
diabetes_hist_gradient_boosting|D2_robust_leverage_ipw|seed=337|budget=2|kernel_weight,completed,diabetes_hist_gradient_boosting,D2_robust_leverage_ipw,337,2.0,20,20,kernel_weight,19.073272448040388,0.2040364299523127,25.40326910429406,19.073272448040363,1.4210854715202004e-13,1.1496135719603325e+17,0.7806831458016293,58.74837855426487,0.18029262741106727,True,0.012674900001002243
diabetes_hist_gradient_boosting|D2_robust_leverage_ipw|seed=337|budget=2|leverage,completed,diabetes_hist_gradient_boosting,D2_robust_leverage_ipw,337,2.0,20,20,leverage,1.5629127727828949,0.05840667456903861,7.892909429036593,1.562912772782897,5.684341886080802e-14,2.1211554022873396e+16,0.7806831458016293,58.74837855426487,0.18029262741106727,True,0.011761999998270767
diabetes_hist_gradient_boosting|D2_robust_leverage_ipw|seed=337|budget=4|kernel_weight,completed,diabetes_hist_gradient_boosting,D2_robust_leverage_ipw,337,4.0,40,40,kernel_weight,8.085540781627557e-28,1.328463558965187e-15,6.329996656253693,0.0,2.842170943040401e-14,1.7419676337211186e+16,0.7806831458016293,58.74837855426487,0.18029262741106727,True,0.014576400000805734
diabetes_hist_gradient_boosting|D2_robust_leverage_ipw|seed=337|budget=4|leverage,completed,diabetes_hist_gradient_boosting,D2_robust_leverage_ipw,337,4.0,40,40,leverage,7.818511365210245e-28,1.3063427691913365e-15,6.329996656253699,2.6645352591003757e-15,2.842170943040401e-14,1.120281265112997e+16,0.7806831458016293,58.74837855426487,0.18029262741106727,True,0.01324170000225422
diabetes_hist_gradient_boosting|D2_robust_leverage_ipw|seed=337|budget=8|kernel_weight,completed,diabetes_hist_gradient_boosting,D2_robust_leverage_ipw,337,8.0,80,80,kernel_weight,6.4457935499173674e-27,3.7508811692436265e-15,6.329996656253691,0.0,2.842170943040401e-14,2.8114120258913056e+17,0.7806831458016293,58.74837855426487,0.18029262741106727,True,0.011275600001681596
diabetes_hist_gradient_boosting|D2_robust_leverage_ipw|seed=337|budget=8|leverage,completed,diabetes_hist_gradient_boosting,D2_robust_leverage_ipw,337,8.0,80,80,leverage,5.776939342498266e-28,1.1229075802546086e-15,6.329996656253696,0.0,1.4210854715202004e-14,7.31327738793247e+16,0.7806831458016293,58.74837855426487,0.18029262741106727,True,0.01265860000057728
diabetes_hist_gradient_boosting|D2_robust_leverage_ipw|seed=337|budget=16|kernel_weight,completed,diabetes_hist_gradient_boosting,D2_robust_leverage_ipw,337,16.0,160,160,kernel_weight,8.286700312458915e-28,1.3448874046566808e-15,6.329996656253694,0.0,0.0,3.8645152441833405e+18,0.7806831458016293,58.74837855426487,0.18029262741106727,True,0.012619299999641953
diabetes_hist_gradient_boosting|D2_robust_leverage_ipw|seed=337|budget=16|leverage,completed,diabetes_hist_gradient_boosting,D2_robust_leverage_ipw,337,16.0,160,160,leverage,3.391029534657316e-28,8.60321737033841e-16,6.329996656253692,0.0,2.842170943040401e-14,8.784007621742731e+16,0.7806831458016293,58.74837855426487,0.18029262741106727,True,0.014237399998819456
synthetic_interaction|not_applicable|seed=367|budget=2|kernel_weight,completed,synthetic_interaction,not_applicable,367,2.0,20,20,kernel_weight,0.37068033123045774,0.48573871550153613,1.18213866456379,0.3706803312304565,3.552713678800501e-15,1.1544363339556464e+17,0.0,,,True,0.002750799998466391
synthetic_interaction|not_applicable|seed=367|budget=2|leverage,completed,synthetic_interaction,not_applicable,367,2.0,20,20,leverage,0.17576195987654294,0.33447633216293776,0.9872202932098751,0.17576195987654175,3.552713678800501e-15,8.295753530266224e+16,0.0,,,True,0.002942600000096718
synthetic_interaction|not_applicable|seed=367|budget=4|kernel_weight,completed,synthetic_interaction,not_applicable,367,4.0,40,40,kernel_weight,0.012542163060774745,0.08934889177737863,0.8240004963941073,0.012542163060773937,1.7763568394002505e-15,1.5503354122607576e+16,0.0,,,True,0.0027992000032099895
synthetic_interaction|not_applicable|seed=367|budget=4|leverage,completed,synthetic_interaction,not_applicable,367,4.0,40,40,leverage,0.01318306152425921,0.09160329343921604,0.8246413948575925,0.013183061524259077,0.0,7.469166033897022e+16,0.0,,,True,0.0032492999998794403
synthetic_interaction|not_applicable|seed=367|budget=8|kernel_weight,completed,synthetic_interaction,not_applicable,367,8.0,80,80,kernel_weight,0.02061377374875574,0.11454646771396744,0.8320721070820901,0.020613773748756725,3.552713678800501e-15,2.4959243563558116e+16,0.0,,,True,0.002921399998740526
synthetic_interaction|not_applicable|seed=367|budget=8|leverage,completed,synthetic_interaction,not_applicable,367,8.0,80,80,leverage,0.002991731995901912,0.04363794513078501,0.8144500653292361,0.0029917319959027466,2.6645352591003757e-15,9909779555961300.0,0.0,,,True,0.0032716000023356173
synthetic_interaction|not_applicable|seed=367|budget=16|kernel_weight,completed,synthetic_interaction,not_applicable,367,16.0,160,160,kernel_weight,0.00319145272613684,0.04507099613210181,0.8146497860594695,0.0031914527261360792,1.7763568394002505e-15,1.1957362216798868e+16,0.0,,,True,0.002907899997808272
synthetic_interaction|not_applicable|seed=367|budget=16|leverage,completed,synthetic_interaction,not_applicable,367,16.0,160,160,leverage,0.003434344464343707,0.0467546569862195,0.8148926777976766,0.0034343444643432086,1.7763568394002505e-15,2.694403303863901e+16,0.0,,,True,0.0033566999991307966
synthetic_threshold|not_applicable|seed=367|budget=2|kernel_weight,completed,synthetic_threshold,not_applicable,367,2.0,20,20,kernel_weight,0.020295089046398047,0.3723108806118795,0.05930540816367279,0.02029508904639809,1.3322676295501878e-15,1.1544363339556464e+17,0.0,,,True,0.0026164000009885058
synthetic_threshold|not_applicable|seed=367|budget=2|leverage,completed,synthetic_threshold,not_applicable,367,2.0,20,20,leverage,0.08444692612307074,0.7594552187451695,0.12345724524034533,0.08444692612307064,3.3306690738754696e-15,8.295753530266224e+16,0.0,,,True,0.002566400002251612
synthetic_threshold|not_applicable|seed=367|budget=4|kernel_weight,completed,synthetic_threshold,not_applicable,367,4.0,40,40,kernel_weight,0.014952214794961552,0.31956779899713195,0.05396253391223631,0.014952214794961609,1.5543122344752192e-15,1.5503354122607576e+16,0.0,,,True,0.0024362000003748108
synthetic_threshold|not_applicable|seed=367|budget=4|leverage,completed,synthetic_threshold,not_applicable,367,4.0,40,40,leverage,0.006863148017532341,0.21650699415322353,0.045873467134807056,0.006863148017532357,2.220446049250313e-16,7.469166033897022e+16,0.0,,,True,0.002890899999329122
synthetic_threshold|not_applicable|seed=367|budget=8|kernel_weight,completed,synthetic_threshold,not_applicable,367,8.0,80,80,kernel_weight,0.006951077740289219,0.21788950923842884,0.04596139685756393,0.006951077740289233,2.220446049250313e-16,2.4959243563558116e+16,0.0,,,True,0.002958299999590963
synthetic_threshold|not_applicable|seed=367|budget=8|leverage,completed,synthetic_threshold,not_applicable,367,8.0,80,80,leverage,0.004642946790758195,0.1780767008860245,0.04365326590803287,0.004642946790758169,8.881784197001252e-16,9909779555961300.0,0.0,,,True,0.002840299999661511
synthetic_threshold|not_applicable|seed=367|budget=16|kernel_weight,completed,synthetic_threshold,not_applicable,367,16.0,160,160,kernel_weight,0.0010135861891067775,0.083203307369204,0.0400239053063815,0.0010135861891068035,1.1102230246251565e-15,1.1957362216798868e+16,0.0,,,True,0.0030003000028955285
synthetic_threshold|not_applicable|seed=367|budget=16|leverage,completed,synthetic_threshold,not_applicable,367,16.0,160,160,leverage,0.00145073048660824,0.09954137069403927,0.040461049603882936,0.0014507304866082371,2.220446049250313e-16,2.694403303863901e+16,0.0,,,True,0.0031245999998645857
diabetes_hist_gradient_boosting|D0_full_rows|seed=367|budget=2|kernel_weight,completed,diabetes_hist_gradient_boosting,D0_full_rows,367,2.0,20,20,kernel_weight,115.78735035946629,0.5302599780626036,267.23939123676917,115.7873503594663,1.4210854715202004e-14,1.1544363339556464e+17,0.0,61.91549682200242,0.0,True,0.010671899999579182
diabetes_hist_gradient_boosting|D0_full_rows|seed=367|budget=2|leverage,completed,diabetes_hist_gradient_boosting,D0_full_rows,367,2.0,20,20,leverage,7.8060048922648,0.13768058454406643,159.25804576956756,7.806004892264696,1.4210854715202004e-14,8.295753530266224e+16,0.0,61.91549682200242,0.0,True,0.011598199998843484
diabetes_hist_gradient_boosting|D0_full_rows|seed=367|budget=4|kernel_weight,completed,diabetes_hist_gradient_boosting,D0_full_rows,367,4.0,40,40,kernel_weight,0.5030009737213782,0.03494963982858139,151.95504185102487,0.5030009737220098,1.1368683772161603e-13,1.5503354122607576e+16,0.0,61.91549682200242,0.0,True,0.009429699999600416
diabetes_hist_gradient_boosting|D0_full_rows|seed=367|budget=4|leverage,completed,diabetes_hist_gradient_boosting,D0_full_rows,367,4.0,40,40,leverage,0.5485439571238256,0.03649757495843934,152.00058483442675,0.5485439571238828,0.0,7.469166033897022e+16,0.0,61.91549682200242,0.0,True,0.010569300000497606
diabetes_hist_gradient_boosting|D0_full_rows|seed=367|budget=8|kernel_weight,completed,diabetes_hist_gradient_boosting,D0_full_rows,367,8.0,80,80,kernel_weight,0.32353331742941693,0.028029657888267355,151.7755741947327,0.3235333174298489,7.105427357601002e-14,2.4959243563558116e+16,0.0,61.91549682200242,0.0,True,0.01110549999793875
diabetes_hist_gradient_boosting|D0_full_rows|seed=367|budget=8|leverage,completed,diabetes_hist_gradient_boosting,D0_full_rows,367,8.0,80,80,leverage,0.18576035413586922,0.021239036281040603,151.63780123143914,0.18576035413627778,7.105427357601002e-14,9909779555961300.0,0.0,61.91549682200242,0.0,True,0.013171199996577343
diabetes_hist_gradient_boosting|D0_full_rows|seed=367|budget=16|kernel_weight,completed,diabetes_hist_gradient_boosting,D0_full_rows,367,16.0,160,160,kernel_weight,0.06147919183242286,0.012218625856063798,151.51352006913578,0.06147919183291606,8.526512829121202e-14,1.1957362216798868e+16,0.0,61.91549682200242,0.0,True,0.011611699999775738
diabetes_hist_gradient_boosting|D0_full_rows|seed=367|budget=16|leverage,completed,diabetes_hist_gradient_boosting,D0_full_rows,367,16.0,160,160,leverage,0.14085000681126095,0.018494250161058438,151.59289088411424,0.14085000681137672,1.4210854715202004e-14,2.694403303863901e+16,0.0,61.91549682200242,0.0,True,0.011316400003124727
diabetes_hist_gradient_boosting|D1_uniform_rows|seed=367|budget=2|kernel_weight,completed,diabetes_hist_gradient_boosting,D1_uniform_rows,367,2.0,20,20,kernel_weight,19.580117289231914,0.42479533427509625,20.83947911566582,19.58011728923191,0.0,1.1544363339556464e+17,0.8808690676595752,68.40021322160933,0.252501981569045,True,0.010188799999014009
diabetes_hist_gradient_boosting|D1_uniform_rows|seed=367|budget=2|leverage,completed,diabetes_hist_gradient_boosting,D1_uniform_rows,367,2.0,20,20,leverage,0.03472116727199588,0.01788830751156892,1.2940829937059108,0.03472116727200025,1.4210854715202004e-14,8.295753530266224e+16,0.8808690676595752,68.40021322160933,0.252501981569045,True,0.012529800002084812
diabetes_hist_gradient_boosting|D1_uniform_rows|seed=367|budget=4|kernel_weight,completed,diabetes_hist_gradient_boosting,D1_uniform_rows,367,4.0,40,40,kernel_weight,6.326282355371548e-28,2.414606577248055e-15,1.259361826433866,0.0,1.2079226507921703e-13,1.5503354122607576e+16,0.8808690676595752,68.40021322160933,0.252501981569045,True,0.012764299997797934
diabetes_hist_gradient_boosting|D1_uniform_rows|seed=367|budget=4|leverage,completed,diabetes_hist_gradient_boosting,D1_uniform_rows,367,4.0,40,40,leverage,1.4553620884712581e-28,1.1581308284708448e-15,1.2593618264339135,2.886579864025407e-15,8.881784197001252e-15,7.469166033897022e+16,0.8808690676595752,68.40021322160933,0.252501981569045,True,0.011616899999353336
diabetes_hist_gradient_boosting|D1_uniform_rows|seed=367|budget=8|kernel_weight,completed,diabetes_hist_gradient_boosting,D1_uniform_rows,367,8.0,80,80,kernel_weight,2.5949702736761626e-28,1.54645856113116e-15,1.2593618264338948,0.0,4.263256414560601e-14,2.4959243563558116e+16,0.8808690676595752,68.40021322160933,0.252501981569045,True,0.011888200002431404
diabetes_hist_gradient_boosting|D1_uniform_rows|seed=367|budget=8|leverage,completed,diabetes_hist_gradient_boosting,D1_uniform_rows,367,8.0,80,80,leverage,1.7395492295771277e-28,1.2661654406024304e-15,1.2593618264338935,0.0,4.440892098500626e-14,9909779555961300.0,0.8808690676595752,68.40021322160933,0.252501981569045,True,0.01262249999854248
diabetes_hist_gradient_boosting|D1_uniform_rows|seed=367|budget=16|kernel_weight,completed,diabetes_hist_gradient_boosting,D1_uniform_rows,367,16.0,160,160,kernel_weight,8.50897419845658e-29,8.85545125720478e-16,1.2593618264339017,0.0,2.4868995751603507e-14,1.1957362216798868e+16,0.8808690676595752,68.40021322160933,0.252501981569045,True,0.012374999998428393
diabetes_hist_gradient_boosting|D1_uniform_rows|seed=367|budget=16|leverage,completed,diabetes_hist_gradient_boosting,D1_uniform_rows,367,16.0,160,160,leverage,8.409380509172427e-29,8.803474194375285e-16,1.2593618264339086,0.0,5.329070518200751e-15,2.694403303863901e+16,0.8808690676595752,68.40021322160933,0.252501981569045,True,0.012079000000085216
diabetes_hist_gradient_boosting|D2_robust_leverage_ipw|seed=367|budget=2|kernel_weight,completed,diabetes_hist_gradient_boosting,D2_robust_leverage_ipw,367,2.0,20,20,kernel_weight,84.04504999420598,0.5782927531899452,91.64596679069398,84.04504999420597,0.0,1.1544363339556464e+17,0.7012917564263117,64.77536342613793,0.13770413916239133,True,0.011923599999136059
diabetes_hist_gradient_boosting|D2_robust_leverage_ipw|seed=367|budget=2|leverage,completed,diabetes_hist_gradient_boosting,D2_robust_leverage_ipw,367,2.0,20,20,leverage,34.0766651921963,0.3682308951926355,41.6775819886843,34.0766651921963,1.4210854715202004e-14,8.295753530266224e+16,0.7012917564263117,64.77536342613793,0.13770413916239133,True,0.011298099998384714
diabetes_hist_gradient_boosting|D2_robust_leverage_ipw|seed=367|budget=4|kernel_weight,completed,diabetes_hist_gradient_boosting,D2_robust_leverage_ipw,367,4.0,40,40,kernel_weight,0.006765928955721093,0.0051886621903296445,7.607682725443706,0.006765928955702272,1.2789769243681803e-13,1.5503354122607576e+16,0.7012917564263117,64.77536342613793,0.13770413916239133,True,0.011001999999280088
diabetes_hist_gradient_boosting|D2_robust_leverage_ipw|seed=367|budget=4|leverage,completed,diabetes_hist_gradient_boosting,D2_robust_leverage_ipw,367,4.0,40,40,leverage,0.003815330827939864,0.0038963483789241724,7.6047321273159385,0.0038153308279351705,1.4210854715202004e-14,7.469166033897022e+16,0.7012917564263117,64.77536342613793,0.13770413916239133,True,0.01230299999951967
diabetes_hist_gradient_boosting|D2_robust_leverage_ipw|seed=367|budget=8|kernel_weight,completed,diabetes_hist_gradient_boosting,D2_robust_leverage_ipw,367,8.0,80,80,kernel_weight,0.002818248368371054,0.003348739093862833,7.603735044856363,0.002818248368360088,5.684341886080802e-14,2.4959243563558116e+16,0.7012917564263117,64.77536342613793,0.13770413916239133,True,0.011012899998604553
diabetes_hist_gradient_boosting|D2_robust_leverage_ipw|seed=367|budget=8|leverage,completed,diabetes_hist_gradient_boosting,D2_robust_leverage_ipw,367,8.0,80,80,leverage,0.002918993210758235,0.003408067772588255,7.603835789698751,0.0029189932107476224,5.684341886080802e-14,9909779555961300.0,0.7012917564263117,64.77536342613793,0.13770413916239133,True,0.011129099999379832
diabetes_hist_gradient_boosting|D2_robust_leverage_ipw|seed=367|budget=16|kernel_weight,completed,diabetes_hist_gradient_boosting,D2_robust_leverage_ipw,367,16.0,160,160,kernel_weight,0.000365565991206784,0.0012060757162580494,7.601282362479207,0.0003655659912036313,1.4210854715202004e-14,1.1957362216798868e+16,0.7012917564263117,64.77536342613793,0.13770413916239133,True,0.01266080000277725
diabetes_hist_gradient_boosting|D2_robust_leverage_ipw|seed=367|budget=16|leverage,completed,diabetes_hist_gradient_boosting,D2_robust_leverage_ipw,367,16.0,160,160,leverage,0.0014298421340268863,0.002385260000524048,7.602346638622025,0.0014298421340219747,2.842170943040401e-14,2.694403303863901e+16,0.7012917564263117,64.77536342613793,0.13770413916239133,True,0.011596199998166412
synthetic_interaction|not_applicable|seed=397|budget=2|kernel_weight,completed,synthetic_interaction,not_applicable,397,2.0,20,20,kernel_weight,0.6713243272569477,0.6536859363159532,1.4827826605902943,0.6713243272569609,3.907985046680551e-14,5.89320308854484e+16,0.0,,,True,0.002411900000879541
synthetic_interaction|not_applicable|seed=397|budget=2|leverage,completed,synthetic_interaction,not_applicable,397,2.0,20,20,leverage,0.4161458333333334,0.5146662908082836,1.2276041666666664,0.416145833333333,8.881784197001252e-16,6.901972477244818e+16,0.0,,,True,0.0025826999990385957
synthetic_interaction|not_applicable|seed=397|budget=4|kernel_weight,completed,synthetic_interaction,not_applicable,397,4.0,40,40,kernel_weight,0.010298816360288518,0.08096486683782451,0.8217571496936215,0.010298816360288066,0.0,1.4012768988134264e+16,0.0,,,True,0.0025122000006376766
synthetic_interaction|not_applicable|seed=397|budget=4|leverage,completed,synthetic_interaction,not_applicable,397,4.0,40,40,leverage,0.01488596926738769,0.09734003718925285,0.8263443026007209,0.0148859692673875,0.0,1.2591494216136792e+16,0.0,,,True,0.0025984999992942903
synthetic_interaction|not_applicable|seed=397|budget=8|kernel_weight,completed,synthetic_interaction,not_applicable,397,8.0,80,80,kernel_weight,0.010290356138772546,0.08093160469312968,0.821748689472107,0.010290356138773604,2.6645352591003757e-15,2.016026830305757e+16,0.0,,,True,0.0025556000000506174
synthetic_interaction|not_applicable|seed=397|budget=8|leverage,completed,synthetic_interaction,not_applicable,397,8.0,80,80,leverage,0.004641840946967969,0.05435607340139952,0.8161001742803016,0.004641840946968179,8.881784197001252e-16,1.4441407874897764e+16,0.0,,,True,0.0028566000000864733
synthetic_interaction|not_applicable|seed=397|budget=16|kernel_weight,completed,synthetic_interaction,not_applicable,397,16.0,160,160,kernel_weight,0.0021992402049419565,0.03741444281576268,0.8136575735382745,0.002199240204941111,1.7763568394002505e-15,1.249277314859366e+16,0.0,,,True,0.002757400001428323
synthetic_interaction|not_applicable|seed=397|budget=16|leverage,completed,synthetic_interaction,not_applicable,397,16.0,160,160,leverage,0.0019089569613420718,0.03485788376052015,0.8133672902946747,0.0019089569613413016,1.7763568394002505e-15,1.070287174417504e+16,0.0,,,True,0.0031118000006244984
synthetic_threshold|not_applicable|seed=397|budget=2|kernel_weight,completed,synthetic_threshold,not_applicable,397,2.0,20,20,kernel_weight,0.07712752724013223,0.7257966373876534,0.11613784635740662,0.07712752724013192,9.992007221626409e-15,5.89320308854484e+16,0.0,,,True,0.0026615999995556194
synthetic_threshold|not_applicable|seed=397|budget=2|leverage,completed,synthetic_threshold,not_applicable,397,2.0,20,20,leverage,0.033604178147044125,0.47907872720327294,0.07261449726431882,0.03360417814704412,2.220446049250313e-16,6.901972477244818e+16,0.0,,,True,0.002528000000893371
synthetic_threshold|not_applicable|seed=397|budget=4|kernel_weight,completed,synthetic_threshold,not_applicable,397,4.0,40,40,kernel_weight,0.01667601854698849,0.3374865214277158,0.055686337664263175,0.016676018546988476,6.661338147750939e-16,1.4012768988134264e+16,0.0,,,True,0.0024013999973249156
synthetic_threshold|not_applicable|seed=397|budget=4|leverage,completed,synthetic_threshold,not_applicable,397,4.0,40,40,leverage,0.024990631108803407,0.4131415359822921,0.06400095022607814,0.024990631108803445,1.1102230246251565e-15,1.2591494216136792e+16,0.0,,,True,0.0026469999975233804
synthetic_threshold|not_applicable|seed=397|budget=8|kernel_weight,completed,synthetic_threshold,not_applicable,397,8.0,80,80,kernel_weight,0.0039724005021712855,0.1647163696785697,0.042982719619445955,0.003972400502171257,8.881784197001252e-16,2.016026830305757e+16,0.0,,,True,0.002636600002006162
synthetic_threshold|not_applicable|seed=397|budget=8|leverage,completed,synthetic_threshold,not_applicable,397,8.0,80,80,leverage,0.001998542831383523,0.11683338993249286,0.0410088619486582,0.0019985428313835027,6.661338147750939e-16,1.4441407874897764e+16,0.0,,,True,0.002800300000671996
synthetic_threshold|not_applicable|seed=397|budget=16|kernel_weight,completed,synthetic_threshold,not_applicable,397,16.0,160,160,kernel_weight,0.0008363175605935646,0.07557808018266338,0.039846636677868266,0.0008363175605935677,2.220446049250313e-16,1.249277314859366e+16,0.0,,,True,0.002862400000594789
synthetic_threshold|not_applicable|seed=397|budget=16|leverage,completed,synthetic_threshold,not_applicable,397,16.0,160,160,leverage,0.0010931374415020956,0.08640674250833555,0.04010345655877679,0.0010931374415020928,2.220446049250313e-16,1.070287174417504e+16,0.0,,,True,0.0030597000004490837
diabetes_hist_gradient_boosting|D0_full_rows|seed=397|budget=2|kernel_weight,completed,diabetes_hist_gradient_boosting,D0_full_rows,397,2.0,20,20,kernel_weight,20.05512495639622,0.18885081974693477,73.71961238457918,20.05512495639548,2.8421709430404007e-13,5.89320308854484e+16,0.0,61.720431875144,0.0,True,0.006940600000234554
diabetes_hist_gradient_boosting|D0_full_rows|seed=397|budget=2|leverage,completed,diabetes_hist_gradient_boosting,D0_full_rows,397,2.0,20,20,leverage,252.88698965351705,0.6706090831812399,306.5514770817007,252.886989653517,2.842170943040401e-14,6.901972477244818e+16,0.0,61.720431875144,0.0,True,0.007145300001866417
diabetes_hist_gradient_boosting|D0_full_rows|seed=397|budget=4|kernel_weight,completed,diabetes_hist_gradient_boosting,D0_full_rows,397,4.0,40,40,kernel_weight,2.1271125528785535,0.0615037255159557,55.79159998106212,2.1271125528784225,4.263256414560601e-14,1.4012768988134264e+16,0.0,61.720431875144,0.0,True,0.0070283000022755004
diabetes_hist_gradient_boosting|D0_full_rows|seed=397|budget=4|leverage,completed,diabetes_hist_gradient_boosting,D0_full_rows,397,4.0,40,40,leverage,4.3885404957160805,0.08834179986770765,58.05302792389979,4.388540495716093,1.4210854715202004e-14,1.2591494216136792e+16,0.0,61.720431875144,0.0,True,0.0071090999990701675
diabetes_hist_gradient_boosting|D0_full_rows|seed=397|budget=8|kernel_weight,completed,diabetes_hist_gradient_boosting,D0_full_rows,397,8.0,80,80,kernel_weight,0.3642928053887895,0.025452560902447463,54.028780233572554,0.3642928053888568,2.842170943040401e-14,2.016026830305757e+16,0.0,61.720431875144,0.0,True,0.008594300001277588
diabetes_hist_gradient_boosting|D0_full_rows|seed=397|budget=8|leverage,completed,diabetes_hist_gradient_boosting,D0_full_rows,397,8.0,80,80,leverage,0.21356535638641994,0.019488193834102992,53.878052784570066,0.21356535638636842,1.4210854715202004e-14,1.4441407874897764e+16,0.0,61.720431875144,0.0,True,0.010457600001245737
diabetes_hist_gradient_boosting|D0_full_rows|seed=397|budget=16|kernel_weight,completed,diabetes_hist_gradient_boosting,D0_full_rows,397,16.0,160,160,kernel_weight,0.17097698163564873,0.0174371302317028,53.83546440981921,0.170976981635512,5.684341886080802e-14,1.249277314859366e+16,0.0,61.720431875144,0.0,True,0.007420900001307018
diabetes_hist_gradient_boosting|D0_full_rows|seed=397|budget=16|leverage,completed,diabetes_hist_gradient_boosting,D0_full_rows,397,16.0,160,160,leverage,0.21356486631556906,0.01948817147420021,53.878052294499206,0.21356486631550808,0.0,1.070287174417504e+16,0.0,61.720431875144,0.0,True,0.007643400000233669
diabetes_hist_gradient_boosting|D1_uniform_rows|seed=397|budget=2|kernel_weight,completed,diabetes_hist_gradient_boosting,D1_uniform_rows,397,2.0,20,20,kernel_weight,73.70396882527737,0.40447582922122755,94.68780974469972,73.70396882527766,1.1368683772161603e-13,5.89320308854484e+16,0.5134673760838828,63.1135172045934,0.17373123060208412,True,0.006794200002332218
diabetes_hist_gradient_boosting|D1_uniform_rows|seed=397|budget=2|leverage,completed,diabetes_hist_gradient_boosting,D1_uniform_rows,397,2.0,20,20,leverage,228.90681156322916,0.7128144497406512,249.8906524826514,228.90681156322933,5.684341886080802e-14,6.901972477244818e+16,0.5134673760838828,63.1135172045934,0.17373123060208412,True,0.007182600002124673
diabetes_hist_gradient_boosting|D1_uniform_rows|seed=397|budget=4|kernel_weight,completed,diabetes_hist_gradient_boosting,D1_uniform_rows,397,4.0,40,40,kernel_weight,0.025639912506779244,0.0075440647323574426,21.009480831928897,0.025639912506825624,1.4210854715202004e-14,1.4012768988134264e+16,0.5134673760838828,63.1135172045934,0.17373123060208412,True,0.006890100001328392
diabetes_hist_gradient_boosting|D1_uniform_rows|seed=397|budget=4|leverage,completed,diabetes_hist_gradient_boosting,D1_uniform_rows,397,4.0,40,40,leverage,0.07706195136248457,0.013078777087988037,21.060902870784446,0.07706195136237426,5.684341886080802e-14,1.2591494216136792e+16,0.5134673760838828,63.1135172045934,0.17373123060208412,True,0.008139900000969646
diabetes_hist_gradient_boosting|D1_uniform_rows|seed=397|budget=8|kernel_weight,completed,diabetes_hist_gradient_boosting,D1_uniform_rows,397,8.0,80,80,kernel_weight,0.018027356300379202,0.006325766515041412,21.00186827572237,0.018027356300297726,2.842170943040401e-14,2.016026830305757e+16,0.5134673760838828,63.1135172045934,0.17373123060208412,True,0.008456899999146117
diabetes_hist_gradient_boosting|D1_uniform_rows|seed=397|budget=8|leverage,completed,diabetes_hist_gradient_boosting,D1_uniform_rows,397,8.0,80,80,leverage,0.00920273528725089,0.004519658296862116,20.99304365470942,0.009202735287349384,2.842170943040401e-14,1.4441407874897764e+16,0.5134673760838828,63.1135172045934,0.17373123060208412,True,0.007204200002888683
diabetes_hist_gradient_boosting|D1_uniform_rows|seed=397|budget=16|kernel_weight,completed,diabetes_hist_gradient_boosting,D1_uniform_rows,397,16.0,160,160,kernel_weight,0.004152320481896137,0.0030359357033152875,20.98799323990413,0.004152320482059935,5.684341886080802e-14,1.249277314859366e+16,0.5134673760838828,63.1135172045934,0.17373123060208412,True,0.008709599998837803
diabetes_hist_gradient_boosting|D1_uniform_rows|seed=397|budget=16|leverage,completed,diabetes_hist_gradient_boosting,D1_uniform_rows,397,16.0,160,160,leverage,0.00668211469017521,0.00385127117841965,20.990523034112346,0.0066821146902746875,4.263256414560601e-14,1.070287174417504e+16,0.5134673760838828,63.1135172045934,0.17373123060208412,True,0.009281599999667378
diabetes_hist_gradient_boosting|D2_robust_leverage_ipw|seed=397|budget=2|kernel_weight,completed,diabetes_hist_gradient_boosting,D2_robust_leverage_ipw,397,2.0,20,20,kernel_weight,22.560566577508812,0.18941367881087445,41.5818052733912,22.560566577508688,3.410605131648481e-13,5.89320308854484e+16,0.5810673267583879,65.73505538643965,0.19070954309723698,True,0.008993899999040877
diabetes_hist_gradient_boosting|D2_robust_leverage_ipw|seed=397|budget=2|leverage,completed,diabetes_hist_gradient_boosting,D2_robust_leverage_ipw,397,2.0,20,20,leverage,263.6081138450103,0.6474641473796412,282.62935254089274,263.6081138450102,5.684341886080802e-14,6.901972477244818e+16,0.5810673267583879,65.73505538643965,0.19070954309723698,True,0.008576199998060474
diabetes_hist_gradient_boosting|D2_robust_leverage_ipw|seed=397|budget=4|kernel_weight,completed,diabetes_hist_gradient_boosting,D2_robust_leverage_ipw,397,4.0,40,40,kernel_weight,0.03597042075193772,0.00756326116077491,19.057209116634432,0.035970420751922916,1.4210854715202004e-14,1.4012768988134264e+16,0.5810673267583879,65.73505538643965,0.19070954309723698,True,0.008135200001561316
diabetes_hist_gradient_boosting|D2_robust_leverage_ipw|seed=397|budget=4|leverage,completed,diabetes_hist_gradient_boosting,D2_robust_leverage_ipw,397,4.0,40,40,leverage,0.14147199186735326,0.014999320052769714,19.16271068774989,0.14147199186738035,8.526512829121202e-14,1.2591494216136792e+16,0.5810673267583879,65.73505538643965,0.19070954309723698,True,0.009746900002937764
diabetes_hist_gradient_boosting|D2_robust_leverage_ipw|seed=397|budget=8|kernel_weight,completed,diabetes_hist_gradient_boosting,D2_robust_leverage_ipw,397,8.0,80,80,kernel_weight,0.01207011830509203,0.004381190138081515,19.0333088141876,0.01207011830508975,0.0,2.016026830305757e+16,0.5810673267583879,65.73505538643965,0.19070954309723698,True,0.00928120000025956
diabetes_hist_gradient_boosting|D2_robust_leverage_ipw|seed=397|budget=8|leverage,completed,diabetes_hist_gradient_boosting,D2_robust_leverage_ipw,397,8.0,80,80,leverage,0.03397079948994232,0.0073500318659330535,19.05520949537243,0.03397079948992143,4.263256414560601e-14,1.4441407874897764e+16,0.5810673267583879,65.73505538643965,0.19070954309723698,True,0.009869400000752648
diabetes_hist_gradient_boosting|D2_robust_leverage_ipw|seed=397|budget=16|kernel_weight,completed,diabetes_hist_gradient_boosting,D2_robust_leverage_ipw,397,16.0,160,160,kernel_weight,0.008184890693018036,0.0036078027057845946,19.02942358657551,0.00818489069300199,2.842170943040401e-14,1.249277314859366e+16,0.5810673267583879,65.73505538643965,0.19070954309723698,True,0.013100400003168033
diabetes_hist_gradient_boosting|D2_robust_leverage_ipw|seed=397|budget=16|leverage,completed,diabetes_hist_gradient_boosting,D2_robust_leverage_ipw,397,16.0,160,160,leverage,0.013941096259421821,0.004708524135700456,19.035179792141918,0.013941096259408425,2.842170943040401e-14,1.070287174417504e+16,0.5810673267583879,65.73505538643965,0.19070954309723698,True,0.013499400000000605
synthetic_interaction|not_applicable|seed=431|budget=2|kernel_weight,completed,synthetic_interaction,not_applicable,431,2.0,20,20,kernel_weight,0.47213541666665915,0.5481964750673417,1.2835937499999877,0.47213541666665426,1.4210854715202004e-14,8.504036459575888e+16,0.0,,,True,0.002637900000991067
synthetic_interaction|not_applicable|seed=431|budget=2|leverage,completed,synthetic_interaction,not_applicable,431,2.0,20,20,leverage,0.08506944444444443,0.23269644428936234,0.8965277777777743,0.08506944444444087,8.881784197001252e-15,2.8579416246984016e+16,0.0,,,True,0.0026869000030274037
synthetic_interaction|not_applicable|seed=431|budget=4|kernel_weight,completed,synthetic_interaction,not_applicable,431,4.0,40,40,kernel_weight,0.010924097297121968,0.08338649676048975,0.8223824306304554,0.01092409729712196,0.0,9541315311648940.0,0.0,,,True,0.0027239000010013115
synthetic_interaction|not_applicable|seed=431|budget=4|leverage,completed,synthetic_interaction,not_applicable,431,4.0,40,40,leverage,0.02143367247015897,0.11680225940383089,0.8328920058034924,0.021433672470159038,8.881784197001252e-16,2.3412273038873004e+16,0.0,,,True,0.002970399997138884
synthetic_interaction|not_applicable|seed=431|budget=8|kernel_weight,completed,synthetic_interaction,not_applicable,431,8.0,80,80,kernel_weight,0.002750258881534714,0.04183981318462465,0.8142085922148682,0.002750258881534795,8.881784197001252e-16,1.0751942274529614e+16,0.0,,,True,0.002688799999305047
synthetic_interaction|not_applicable|seed=431|budget=8|leverage,completed,synthetic_interaction,not_applicable,431,8.0,80,80,leverage,0.004720814221509044,0.05481651276525078,0.8161791475548426,0.004720814221509162,8.881784197001252e-16,1.6566323491899962e+16,0.0,,,True,0.003463100001681596
synthetic_interaction|not_applicable|seed=431|budget=16|kernel_weight,completed,synthetic_interaction,not_applicable,431,16.0,160,160,kernel_weight,0.0010794108058768922,0.026211768854659163,0.8125377441392102,0.0010794108058768126,0.0,1.557529540704585e+16,0.0,,,True,0.0032523000008950476
synthetic_interaction|not_applicable|seed=431|budget=16|leverage,completed,synthetic_interaction,not_applicable,431,16.0,160,160,leverage,0.0007976279063819881,0.02253217516947733,0.8122559612397156,0.000797627906382159,0.0,8859316579252316.0,0.0,,,True,0.0036529000026348513
synthetic_threshold|not_applicable|seed=431|budget=2|kernel_weight,completed,synthetic_threshold,not_applicable,431,2.0,20,20,kernel_weight,0.05990142702763309,0.6396300108040375,0.09891174614490765,0.05990142702763295,4.6629367034256575e-15,8.504036459575888e+16,0.0,,,True,0.002932600000349339
synthetic_threshold|not_applicable|seed=431|budget=2|leverage,completed,synthetic_threshold,not_applicable,431,2.0,20,20,leverage,0.02638858098307257,0.4245396587172655,0.06539890010034732,0.026388580983072625,1.9984014443252818e-15,2.8579416246984016e+16,0.0,,,True,0.0031636000021535438
synthetic_threshold|not_applicable|seed=431|budget=4|kernel_weight,completed,synthetic_threshold,not_applicable,431,4.0,40,40,kernel_weight,0.006102039082689645,0.2041492272361402,0.04511235819996437,0.006102039082689671,6.661338147750939e-16,9541315311648940.0,0.0,,,True,0.002888300001359312
synthetic_threshold|not_applicable|seed=431|budget=4|leverage,completed,synthetic_threshold,not_applicable,431,4.0,40,40,leverage,0.011496396484255385,0.2802148290049405,0.05050671560153007,0.011496396484255371,2.220446049250313e-16,2.3412273038873004e+16,0.0,,,True,0.003026599999429891
synthetic_threshold|not_applicable|seed=431|budget=8|kernel_weight,completed,synthetic_threshold,not_applicable,431,8.0,80,80,kernel_weight,0.0029033164191195108,0.14081776041659902,0.041913635536394184,0.002903316419119485,1.3322676295501878e-15,1.0751942274529614e+16,0.0,,,True,0.0030359999982465524
synthetic_threshold|not_applicable|seed=431|budget=8|leverage,completed,synthetic_threshold,not_applicable,431,8.0,80,80,leverage,0.00590696830561427,0.20085958829881512,0.04491728742288896,0.005906968305614262,4.440892098500626e-16,1.6566323491899962e+16,0.0,,,True,0.003421699999307748
synthetic_threshold|not_applicable|seed=431|budget=16|kernel_weight,completed,synthetic_threshold,not_applicable,431,16.0,160,160,kernel_weight,0.001746588121287598,0.1092208366432624,0.0407569072385623,0.0017465881212875983,2.220446049250313e-16,1.557529540704585e+16,0.0,,,True,0.003333500000735512
synthetic_threshold|not_applicable|seed=431|budget=16|leverage,completed,synthetic_threshold,not_applicable,431,16.0,160,160,leverage,0.003181544670661973,0.14741078555172213,0.0421918637879367,0.0031815446706619996,8.881784197001252e-16,8859316579252316.0,0.0,,,True,0.003603000001021428
diabetes_hist_gradient_boosting|D0_full_rows|seed=431|budget=2|kernel_weight,completed,diabetes_hist_gradient_boosting,D0_full_rows,431,2.0,20,20,kernel_weight,37.74646399243816,0.38187368082407463,140.85759409378363,37.74646399243767,1.1368683772161603e-13,8.504036459575888e+16,0.0,54.37238516623764,0.0,True,0.012212499997986015
diabetes_hist_gradient_boosting|D0_full_rows|seed=431|budget=2|leverage,completed,diabetes_hist_gradient_boosting,D0_full_rows,431,2.0,20,20,leverage,1.7062000308675593,0.08118888236647431,104.81733013221324,1.7062000308672793,7.105427357601002e-14,2.8579416246984016e+16,0.0,54.37238516623764,0.0,True,0.011287900000752416
diabetes_hist_gradient_boosting|D0_full_rows|seed=431|budget=4|kernel_weight,completed,diabetes_hist_gradient_boosting,D0_full_rows,431,4.0,40,40,kernel_weight,0.599296794213542,0.04811744599537031,103.71042689555932,0.5992967942133589,4.263256414560601e-14,9541315311648940.0,0.0,54.37238516623764,0.0,True,0.012714699998468859
diabetes_hist_gradient_boosting|D0_full_rows|seed=431|budget=4|leverage,completed,diabetes_hist_gradient_boosting,D0_full_rows,431,4.0,40,40,leverage,2.1517247953103404,0.09117482796103525,105.2628548966562,2.15172479531023,2.842170943040401e-14,2.3412273038873004e+16,0.0,54.37238516623764,0.0,True,0.011549300001206575
diabetes_hist_gradient_boosting|D0_full_rows|seed=431|budget=8|kernel_weight,completed,diabetes_hist_gradient_boosting,D0_full_rows,431,8.0,80,80,kernel_weight,0.25188573217092225,0.031194883946492048,103.36301583351693,0.2518857321709618,1.4210854715202004e-14,1.0751942274529614e+16,0.0,54.37238516623764,0.0,True,0.011183200000232318
diabetes_hist_gradient_boosting|D0_full_rows|seed=431|budget=8|leverage,completed,diabetes_hist_gradient_boosting,D0_full_rows,431,8.0,80,80,leverage,0.31820525710157355,0.035061885364317556,103.4293353584476,0.3182052571016385,2.842170943040401e-14,1.6566323491899962e+16,0.0,54.37238516623764,0.0,True,0.010219900002994109
diabetes_hist_gradient_boosting|D0_full_rows|seed=431|budget=16|kernel_weight,completed,diabetes_hist_gradient_boosting,D0_full_rows,431,16.0,160,160,kernel_weight,0.06331888186224328,0.015640412712057426,103.1744489832082,0.06331888186223011,0.0,1.557529540704585e+16,0.0,54.37238516623764,0.0,True,0.011562299998331582
diabetes_hist_gradient_boosting|D0_full_rows|seed=431|budget=16|leverage,completed,diabetes_hist_gradient_boosting,D0_full_rows,431,16.0,160,160,leverage,0.13671483233792242,0.022982083984357173,103.24784493368382,0.13671483233785864,2.842170943040401e-14,8859316579252316.0,0.0,54.37238516623764,0.0,True,0.011738999997760402
diabetes_hist_gradient_boosting|D1_uniform_rows|seed=431|budget=2|kernel_weight,completed,diabetes_hist_gradient_boosting,D1_uniform_rows,431,2.0,20,20,kernel_weight,63.935097113352114,0.5649082659706293,90.79279608429175,63.935097113352455,1.2789769243681803e-13,8.504036459575888e+16,0.7522765901532442,62.84180621734105,0.17180406076696028,True,0.010524000001169043
diabetes_hist_gradient_boosting|D1_uniform_rows|seed=431|budget=2|leverage,completed,diabetes_hist_gradient_boosting,D1_uniform_rows,431,2.0,20,20,leverage,7.786303653564268e-28,1.9713962823349166e-15,26.857698970939357,6.394884621840902e-14,0.0,2.8579416246984016e+16,0.7522765901532442,62.84180621734105,0.17180406076696028,True,0.00961049999750685
diabetes_hist_gradient_boosting|D1_uniform_rows|seed=431|budget=4|kernel_weight,completed,diabetes_hist_gradient_boosting,D1_uniform_rows,431,4.0,40,40,kernel_weight,2.9158764247297414e-28,1.2064041493468412e-15,26.85769897093934,4.618527782440651e-14,0.0,9541315311648940.0,0.7522765901532442,62.84180621734105,0.17180406076696028,True,0.00793839999823831
diabetes_hist_gradient_boosting|D1_uniform_rows|seed=431|budget=4|leverage,completed,diabetes_hist_gradient_boosting,D1_uniform_rows,431,4.0,40,40,leverage,1.9889648610950523e-28,9.963727014099033e-16,26.857698970939374,8.171241461241152e-14,2.842170943040401e-14,2.3412273038873004e+16,0.7522765901532442,62.84180621734105,0.17180406076696028,True,0.007013800001004711
diabetes_hist_gradient_boosting|D1_uniform_rows|seed=431|budget=8|kernel_weight,completed,diabetes_hist_gradient_boosting,D1_uniform_rows,431,8.0,80,80,kernel_weight,8.845595937856358e-29,6.644645466167763e-16,26.857698970939282,0.0,1.4210854715202004e-14,1.0751942274529614e+16,0.7522765901532442,62.84180621734105,0.17180406076696028,True,0.006833999999798834
diabetes_hist_gradient_boosting|D1_uniform_rows|seed=431|budget=8|leverage,completed,diabetes_hist_gradient_boosting,D1_uniform_rows,431,8.0,80,80,leverage,1.0857191246169938e-28,7.361511737835084e-16,26.857698970939367,7.460698725481052e-14,1.4210854715202004e-14,1.6566323491899962e+16,0.7522765901532442,62.84180621734105,0.17180406076696028,True,0.008926299997256137
diabetes_hist_gradient_boosting|D1_uniform_rows|seed=431|budget=16|kernel_weight,completed,diabetes_hist_gradient_boosting,D1_uniform_rows,431,16.0,160,160,kernel_weight,2.1262266586035084e-28,1.0301798346319206e-15,26.857698970939254,0.0,2.842170943040401e-14,1.557529540704585e+16,0.7522765901532442,62.84180621734105,0.17180406076696028,True,0.009170900000754045
diabetes_hist_gradient_boosting|D1_uniform_rows|seed=431|budget=16|leverage,completed,diabetes_hist_gradient_boosting,D1_uniform_rows,431,16.0,160,160,leverage,3.4310025958390617e-28,1.308635773737496e-15,26.857698970939392,9.947598300641403e-14,1.4210854715202004e-14,8859316579252316.0,0.7522765901532442,62.84180621734105,0.17180406076696028,True,0.008813200001895893
diabetes_hist_gradient_boosting|D2_robust_leverage_ipw|seed=431|budget=2|kernel_weight,completed,diabetes_hist_gradient_boosting,D2_robust_leverage_ipw,431,2.0,20,20,kernel_weight,10.59373042474471,0.13857523092317683,21.132021006169055,10.59373042474542,3.694822225952521e-13,8.504036459575888e+16,1.0336038620928008,54.50052572860578,0.12958688509757985,True,0.007254100000864128
diabetes_hist_gradient_boosting|D2_robust_leverage_ipw|seed=431|budget=2|leverage,completed,diabetes_hist_gradient_boosting,D2_robust_leverage_ipw,431,2.0,20,20,leverage,2.3725694303765644e-27,2.0738178939877966e-15,10.538290581423514,0.0,5.684341886080802e-14,2.8579416246984016e+16,1.0336038620928008,54.50052572860578,0.12958688509757985,True,0.0071682000016153324
diabetes_hist_gradient_boosting|D2_robust_leverage_ipw|seed=431|budget=4|kernel_weight,completed,diabetes_hist_gradient_boosting,D2_robust_leverage_ipw,431,4.0,40,40,kernel_weight,7.943743033914081e-28,1.1999792762582126e-15,10.53829058142373,9.592326932761353e-14,5.684341886080802e-14,9541315311648940.0,1.0336038620928008,54.50052572860578,0.12958688509757985,True,0.008336099999723956
diabetes_hist_gradient_boosting|D2_robust_leverage_ipw|seed=431|budget=4|leverage,completed,diabetes_hist_gradient_boosting,D2_robust_leverage_ipw,431,4.0,40,40,leverage,5.71323882440167e-28,1.0176591497336033e-15,10.538290581423702,6.750155989720952e-14,2.842170943040401e-14,2.3412273038873004e+16,1.0336038620928008,54.50052572860578,0.12958688509757985,True,0.006988400000409456
diabetes_hist_gradient_boosting|D2_robust_leverage_ipw|seed=431|budget=8|kernel_weight,completed,diabetes_hist_gradient_boosting,D2_robust_leverage_ipw,431,8.0,80,80,kernel_weight,8.398915776226605e-28,1.2338795471087766e-15,10.538290581423661,2.6645352591003757e-14,0.0,1.0751942274529614e+16,1.0336038620928008,54.50052572860578,0.12958688509757985,True,0.006856699998024851
diabetes_hist_gradient_boosting|D2_robust_leverage_ipw|seed=431|budget=8|leverage,completed,diabetes_hist_gradient_boosting,D2_robust_leverage_ipw,431,8.0,80,80,leverage,3.9824779983467696e-28,8.496456629296918e-16,10.538290581423574,0.0,2.842170943040401e-14,1.6566323491899962e+16,1.0336038620928008,54.50052572860578,0.12958688509757985,True,0.007200900003226707
diabetes_hist_gradient_boosting|D2_robust_leverage_ipw|seed=431|budget=16|kernel_weight,completed,diabetes_hist_gradient_boosting,D2_robust_leverage_ipw,431,16.0,160,160,kernel_weight,9.179888072395407e-28,1.2899706979523494e-15,10.53829058142358,0.0,2.842170943040401e-14,1.557529540704585e+16,1.0336038620928008,54.50052572860578,0.12958688509757985,True,0.007304099999601021
diabetes_hist_gradient_boosting|D2_robust_leverage_ipw|seed=431|budget=16|leverage,completed,diabetes_hist_gradient_boosting,D2_robust_leverage_ipw,431,16.0,160,160,leverage,2.0605749423616542e-27,1.932659560377822e-15,10.538290581423693,5.861977570020827e-14,0.0,8859316579252316.0,1.0336038620928008,54.50052572860578,0.12958688509757985,True,0.007588399999804096
synthetic_interaction|not_applicable|seed=461|budget=2|kernel_weight,completed,synthetic_interaction,not_applicable,461,2.0,20,20,kernel_weight,0.20087770061728394,0.3575763714939968,1.0123360339506142,0.20087770061728083,7.993605777301127e-15,6.166746291169038e+17,0.0,,,True,0.0026719999987108167
synthetic_interaction|not_applicable|seed=461|budget=2|leverage,completed,synthetic_interaction,not_applicable,461,2.0,20,20,leverage,0.05104166666666589,0.18024589069087507,0.8625000000000015,0.051041666666668095,7.105427357601002e-15,1.3983297116589624e+17,0.0,,,True,0.0028142000010120682
synthetic_interaction|not_applicable|seed=461|budget=4|kernel_weight,completed,synthetic_interaction,not_applicable,461,4.0,40,40,kernel_weight,0.036745230237792775,0.15293378434433702,0.8482035635711231,0.03674523023778975,8.881784197001252e-15,3.287640271467996e+16,0.0,,,True,0.0029544999997597188
synthetic_interaction|not_applicable|seed=461|budget=4|leverage,completed,synthetic_interaction,not_applicable,461,4.0,40,40,leverage,0.05484255752021945,0.18683653245848142,0.8663008908535532,0.054842557520219826,8.881784197001252e-16,2.7239358540010652e+16,0.0,,,True,0.0028586999978870153
synthetic_interaction|not_applicable|seed=461|budget=8|kernel_weight,completed,synthetic_interaction,not_applicable,461,8.0,80,80,kernel_weight,0.0013929388571137576,0.029776179618249105,0.8128512721904453,0.0013929388571118917,5.329070518200751e-15,1.2250177074292792e+16,0.0,,,True,0.0029906999989179894
synthetic_interaction|not_applicable|seed=461|budget=8|leverage,completed,synthetic_interaction,not_applicable,461,8.0,80,80,leverage,0.006108328433284375,0.0623539741964986,0.817566661766618,0.006108328433284571,8.881784197001252e-16,1.9317553657068252e+16,0.0,,,True,0.0033036999993782956
synthetic_interaction|not_applicable|seed=461|budget=16|kernel_weight,completed,synthetic_interaction,not_applicable,461,16.0,160,160,kernel_weight,0.002154579769407051,0.037032602848899546,0.8136129131027408,0.002154579769407361,1.7763568394002505e-15,1.512831770614923e+16,0.0,,,True,0.0031219000011333264
synthetic_interaction|not_applicable|seed=461|budget=16|leverage,completed,synthetic_interaction,not_applicable,461,16.0,160,160,leverage,0.0032035309268356473,0.045156202228105236,0.81466186426017,0.003203530926836562,3.552713678800501e-15,3.3786675258019308e+16,0.0,,,True,0.003431999997701496
synthetic_threshold|not_applicable|seed=461|budget=2|kernel_weight,completed,synthetic_threshold,not_applicable,461,2.0,20,20,kernel_weight,0.021027703446006647,0.37897116747276716,0.06003802256328137,0.02102770344600667,6.661338147750939e-16,6.166746291169038e+17,0.0,,,True,0.0024610000000393484
synthetic_threshold|not_applicable|seed=461|budget=2|leverage,completed,synthetic_threshold,not_applicable,461,2.0,20,20,leverage,0.047556209562260615,0.5699199556091351,0.08656652867953538,0.04755620956226068,2.4424906541753444e-15,1.3983297116589624e+17,0.0,,,True,0.0026550000002316665
synthetic_threshold|not_applicable|seed=461|budget=4|kernel_weight,completed,synthetic_threshold,not_applicable,461,4.0,40,40,kernel_weight,0.019901722849971888,0.3686850986773256,0.05891204196724668,0.01990172284997198,2.6645352591003757e-15,3.287640271467996e+16,0.0,,,True,0.0025896000006468967
synthetic_threshold|not_applicable|seed=461|budget=4|leverage,completed,synthetic_threshold,not_applicable,461,4.0,40,40,leverage,0.004582554418923673,0.17691475827726696,0.043592873536198375,0.004582554418923676,2.220446049250313e-16,2.7239358540010652e+16,0.0,,,True,0.0027604999995674007
synthetic_threshold|not_applicable|seed=461|budget=8|kernel_weight,completed,synthetic_threshold,not_applicable,461,8.0,80,80,kernel_weight,0.0035998594197974056,0.15680251294441144,0.04261017853707211,0.003599859419797409,2.220446049250313e-16,1.2250177074292792e+16,0.0,,,True,0.0027162000005773734
synthetic_threshold|not_applicable|seed=461|budget=8|leverage,completed,synthetic_threshold,not_applicable,461,8.0,80,80,leverage,0.0024049723868648466,0.1281637762319425,0.04141529150413954,0.002404972386864844,2.220446049250313e-16,1.9317553657068252e+16,0.0,,,True,0.0028543000007630326
synthetic_threshold|not_applicable|seed=461|budget=16|kernel_weight,completed,synthetic_threshold,not_applicable,461,16.0,160,160,kernel_weight,0.000843821288491054,0.07591637926758474,0.03985414040576576,0.000843821288491059,2.220446049250313e-16,1.512831770614923e+16,0.0,,,True,0.0028487000017776154
synthetic_threshold|not_applicable|seed=461|budget=16|leverage,completed,synthetic_threshold,not_applicable,461,16.0,160,160,leverage,0.0021127507414651207,0.12012527067821978,0.041123069858739786,0.0021127507414650873,1.1102230246251565e-15,3.3786675258019308e+16,0.0,,,True,0.003140799999528099
diabetes_hist_gradient_boosting|D0_full_rows|seed=461|budget=2|kernel_weight,completed,diabetes_hist_gradient_boosting,D0_full_rows,461,2.0,20,20,kernel_weight,13.626011390723994,0.15750796487390747,284.8011875662667,13.626011390725012,8.526512829121202e-14,6.166746291169038e+17,0.0,61.48077494467573,0.0,True,0.009786099999473663
diabetes_hist_gradient_boosting|D0_full_rows|seed=461|budget=2|leverage,completed,diabetes_hist_gradient_boosting,D0_full_rows,461,2.0,20,20,leverage,26.403307654188914,0.2192538935478521,297.57848382973185,26.403307654190144,1.1368683772161603e-13,1.3983297116589624e+17,0.0,61.48077494467573,0.0,True,0.013470000001689186
diabetes_hist_gradient_boosting|D0_full_rows|seed=461|budget=4|kernel_weight,completed,diabetes_hist_gradient_boosting,D0_full_rows,461,4.0,40,40,kernel_weight,3.890768393748843,0.08416583491387981,275.0659445692902,3.8907683937484876,5.684341886080802e-14,3.287640271467996e+16,0.0,61.48077494467573,0.0,True,0.010931500000879169
diabetes_hist_gradient_boosting|D0_full_rows|seed=461|budget=4|leverage,completed,diabetes_hist_gradient_boosting,D0_full_rows,461,4.0,40,40,leverage,2.5667894362816073,0.06836176513931294,273.74196561182254,2.5667894362808283,8.526512829121202e-14,2.7239358540010652e+16,0.0,61.48077494467573,0.0,True,0.01114919999963604
diabetes_hist_gradient_boosting|D0_full_rows|seed=461|budget=8|kernel_weight,completed,diabetes_hist_gradient_boosting,D0_full_rows,461,8.0,80,80,kernel_weight,0.6354800399322837,0.03401489254742167,271.8106562154732,0.6354800399315081,8.526512829121202e-14,1.2250177074292792e+16,0.0,61.48077494467573,0.0,True,0.011697599999024533
diabetes_hist_gradient_boosting|D0_full_rows|seed=461|budget=8|leverage,completed,diabetes_hist_gradient_boosting,D0_full_rows,461,8.0,80,80,leverage,0.5313312008415683,0.031102894405995465,271.7065073763831,0.5313312008414073,2.842170943040401e-14,1.9317553657068252e+16,0.0,61.48077494467573,0.0,True,0.01110530000005383
diabetes_hist_gradient_boosting|D0_full_rows|seed=461|budget=16|kernel_weight,completed,diabetes_hist_gradient_boosting,D0_full_rows,461,16.0,160,160,kernel_weight,0.10574623221685289,0.013875562481793205,271.2809224077589,0.10574623221720003,2.842170943040401e-14,1.512831770614923e+16,0.0,61.48077494467573,0.0,True,0.010802099997818004
diabetes_hist_gradient_boosting|D0_full_rows|seed=461|budget=16|leverage,completed,diabetes_hist_gradient_boosting,D0_full_rows,461,16.0,160,160,leverage,0.28113859246445155,0.022624468184492,271.45631476800565,0.2811385924639467,5.684341886080802e-14,3.3786675258019308e+16,0.0,61.48077494467573,0.0,True,0.011257199999818113
diabetes_hist_gradient_boosting|D1_uniform_rows|seed=461|budget=2|kernel_weight,completed,diabetes_hist_gradient_boosting,D1_uniform_rows,461,2.0,20,20,kernel_weight,23.142201467121907,0.4191982858408644,68.01923841180323,23.142201467121964,7.105427357601002e-15,6.166746291169038e+17,0.9034958111837438,63.396951826042354,0.29912476724605325,True,0.009880300000077114
diabetes_hist_gradient_boosting|D1_uniform_rows|seed=461|budget=2|leverage,completed,diabetes_hist_gradient_boosting,D1_uniform_rows,461,2.0,20,20,leverage,1.8661467369826438e-26,1.1903921600484669e-14,44.87703694468108,0.0,5.3290705182007514e-14,1.3983297116589624e+17,0.9034958111837438,63.396951826042354,0.29912476724605325,True,0.009635099999286467
diabetes_hist_gradient_boosting|D1_uniform_rows|seed=461|budget=4|kernel_weight,completed,diabetes_hist_gradient_boosting,D1_uniform_rows,461,4.0,40,40,kernel_weight,6.7321512911077585e-28,2.260966339142117e-15,44.87703694468129,2.1316282072803006e-14,0.0,3.287640271467996e+16,0.9034958111837438,63.396951826042354,0.29912476724605325,True,0.01018589999875985
diabetes_hist_gradient_boosting|D1_uniform_rows|seed=461|budget=4|leverage,completed,diabetes_hist_gradient_boosting,D1_uniform_rows,461,4.0,40,40,leverage,1.1849307094001801e-27,2.999602042089039e-15,44.877036944681166,0.0,3.197442310920451e-14,2.7239358540010652e+16,0.9034958111837438,63.396951826042354,0.29912476724605325,True,0.00978939999913564
diabetes_hist_gradient_boosting|D1_uniform_rows|seed=461|budget=8|kernel_weight,completed,diabetes_hist_gradient_boosting,D1_uniform_rows,461,8.0,80,80,kernel_weight,1.9531333196657168e-28,1.2178200152495166e-15,44.87703694468119,0.0,1.7763568394002505e-14,1.2250177074292792e+16,0.9034958111837438,63.396951826042354,0.29912476724605325,True,0.010601800000586081
diabetes_hist_gradient_boosting|D1_uniform_rows|seed=461|budget=8|leverage,completed,diabetes_hist_gradient_boosting,D1_uniform_rows,461,8.0,80,80,leverage,2.395795221059501e-28,1.3487827723857979e-15,44.87703694468122,0.0,1.7763568394002505e-14,1.9317553657068252e+16,0.9034958111837438,63.396951826042354,0.29912476724605325,True,0.010080899999593385
diabetes_hist_gradient_boosting|D1_uniform_rows|seed=461|budget=16|kernel_weight,completed,diabetes_hist_gradient_boosting,D1_uniform_rows,461,16.0,160,160,kernel_weight,4.319568123909023e-28,1.81107871665465e-15,44.877036944681365,9.947598300641403e-14,2.1316282072803006e-14,1.512831770614923e+16,0.9034958111837438,63.396951826042354,0.29912476724605325,True,0.010869699999602744
diabetes_hist_gradient_boosting|D1_uniform_rows|seed=461|budget=16|leverage,completed,diabetes_hist_gradient_boosting,D1_uniform_rows,461,16.0,160,160,leverage,1.451220568718848e-28,1.0497451472163631e-15,44.87703694468112,0.0,4.263256414560601e-14,3.3786675258019308e+16,0.9034958111837438,63.396951826042354,0.29912476724605325,True,0.010987300000124378
diabetes_hist_gradient_boosting|D2_robust_leverage_ipw|seed=461|budget=2|kernel_weight,completed,diabetes_hist_gradient_boosting,D2_robust_leverage_ipw,461,2.0,20,20,kernel_weight,12.196337912261873,0.2655192877942452,16.60728579898823,12.196337912261907,2.842170943040401e-14,6.166746291169038e+17,0.6359699788192333,62.97190306131111,0.2478302546740101,True,0.009126500001002569
diabetes_hist_gradient_boosting|D2_robust_leverage_ipw|seed=461|budget=2|leverage,completed,diabetes_hist_gradient_boosting,D2_robust_leverage_ipw,461,2.0,20,20,leverage,5.86572810257122e-27,5.822939988533973e-15,4.410947886726321,0.0,0.0,1.3983297116589624e+17,0.6359699788192333,62.97190306131111,0.2478302546740101,True,0.012008700003207196
diabetes_hist_gradient_boosting|D2_robust_leverage_ipw|seed=461|budget=4|kernel_weight,completed,diabetes_hist_gradient_boosting,D2_robust_leverage_ipw,461,4.0,40,40,kernel_weight,2.35154505465726e-28,1.1658911409112153e-15,4.410947886726316,0.0,0.0,3.287640271467996e+16,0.6359699788192333,62.97190306131111,0.2478302546740101,True,0.012072800000169082
diabetes_hist_gradient_boosting|D2_robust_leverage_ipw|seed=461|budget=4|leverage,completed,diabetes_hist_gradient_boosting,D2_robust_leverage_ipw,461,4.0,40,40,leverage,2.9264274393370722e-28,1.3006194082592403e-15,4.410947886726275,0.0,4.973799150320701e-14,2.7239358540010652e+16,0.6359699788192333,62.97190306131111,0.2478302546740101,True,0.011188999997102655
diabetes_hist_gradient_boosting|D2_robust_leverage_ipw|seed=461|budget=8|kernel_weight,completed,diabetes_hist_gradient_boosting,D2_robust_leverage_ipw,461,8.0,80,80,kernel_weight,1.6465006206159806e-28,9.755786773836653e-16,4.410947886726284,0.0,3.552713678800501e-14,1.2250177074292792e+16,0.6359699788192333,62.97190306131111,0.2478302546740101,True,0.013073900001472794
diabetes_hist_gradient_boosting|D2_robust_leverage_ipw|seed=461|budget=8|leverage,completed,diabetes_hist_gradient_boosting,D2_robust_leverage_ipw,461,8.0,80,80,leverage,1.1692397729572684e-28,8.221160751885806e-16,4.410947886726297,0.0,2.842170943040401e-14,1.9317553657068252e+16,0.6359699788192333,62.97190306131111,0.2478302546740101,True,0.011432200000854209
diabetes_hist_gradient_boosting|D2_robust_leverage_ipw|seed=461|budget=16|kernel_weight,completed,diabetes_hist_gradient_boosting,D2_robust_leverage_ipw,461,16.0,160,160,kernel_weight,6.4603270795009e-28,1.9324515023294974e-15,4.410947886726344,2.1316282072803006e-14,2.842170943040401e-14,1.512831770614923e+16,0.6359699788192333,62.97190306131111,0.2478302546740101,True,0.011454500003310386
diabetes_hist_gradient_boosting|D2_robust_leverage_ipw|seed=461|budget=16|leverage,completed,diabetes_hist_gradient_boosting,D2_robust_leverage_ipw,461,16.0,160,160,leverage,8.462012322692641e-29,6.993880008201121e-16,4.41094788672628,0.0,3.552713678800501e-14,3.3786675258019308e+16,0.6359699788192333,62.97190306131111,0.2478302546740101,True,0.010899199998675613
synthetic_interaction|not_applicable|seed=491|budget=2|kernel_weight,completed,synthetic_interaction,not_applicable,491,2.0,20,20,kernel_weight,0.4445987654320991,0.5319699187917377,1.256057098765436,0.44459876543210264,1.0658141036401503e-14,2.1286429079262656e+16,0.0,,,True,0.0023992999995243736
synthetic_interaction|not_applicable|seed=491|budget=2|leverage,completed,synthetic_interaction,not_applicable,491,2.0,20,20,leverage,0.2264973958333329,0.37969471774022456,1.0379557291666663,0.22649739583333295,0.0,3.679332305574267e+16,0.0,,,True,0.0025955999990401324
synthetic_interaction|not_applicable|seed=491|budget=4|kernel_weight,completed,synthetic_interaction,not_applicable,491,4.0,40,40,kernel_weight,0.006773039559668406,0.06565907421283851,0.8182313728930024,0.006773039559669014,1.7763568394002505e-15,6.5295092969225544e+16,0.0,,,True,0.0024364000018977094
synthetic_interaction|not_applicable|seed=491|budget=4|leverage,completed,synthetic_interaction,not_applicable,491,4.0,40,40,leverage,0.018811279895743063,0.10942388287100833,0.8302696132290767,0.01881127989574327,0.0,3.358279019868998e+16,0.0,,,True,0.002592299999378156
synthetic_interaction|not_applicable|seed=491|budget=8|kernel_weight,completed,synthetic_interaction,not_applicable,491,8.0,80,80,kernel_weight,0.00970476167073141,0.07859508465103857,0.8211630950040645,0.009704761670731088,0.0,1.5404166180959997e+17,0.0,,,True,0.002580100001068786
synthetic_interaction|not_applicable|seed=491|budget=8|leverage,completed,synthetic_interaction,not_applicable,491,8.0,80,80,leverage,0.005000320891165683,0.05641594752449914,0.8164586542244994,0.005000320891165977,1.7763568394002505e-15,2.394496716792991e+16,0.0,,,True,0.0026939999988826457
synthetic_interaction|not_applicable|seed=491|budget=16|kernel_weight,completed,synthetic_interaction,not_applicable,491,16.0,160,160,kernel_weight,0.000660919276224375,0.02051054299964204,0.8121192526095569,0.0006609192762234706,1.7763568394002505e-15,2.580016014142156e+16,0.0,,,True,0.0027929999996558763
synthetic_interaction|not_applicable|seed=491|budget=16|leverage,completed,synthetic_interaction,not_applicable,491,16.0,160,160,leverage,0.0016236719605760362,0.032147861915509834,0.8130820052939091,0.0016236719605756678,0.0,1.0191453630876682e+17,0.0,,,True,0.003004599999258062
synthetic_threshold|not_applicable|seed=491|budget=2|kernel_weight,completed,synthetic_threshold,not_applicable,491,2.0,20,20,kernel_weight,0.071733618937178,0.6999574149704524,0.1107439380544527,0.071733618937178,0.0,2.1286429079262656e+16,0.0,,,True,0.002344000000448432
synthetic_threshold|not_applicable|seed=491|budget=2|leverage,completed,synthetic_threshold,not_applicable,491,2.0,20,20,leverage,0.21533378696523262,1.212736187648177,0.25434410608250735,0.21533378696523264,6.661338147750939e-16,3.679332305574267e+16,0.0,,,True,0.002479899998434121
synthetic_threshold|not_applicable|seed=491|budget=4|kernel_weight,completed,synthetic_threshold,not_applicable,491,4.0,40,40,kernel_weight,0.0024680920201051214,0.12983474275655735,0.041478411137379795,0.0024680920201050963,1.1102230246251565e-15,6.5295092969225544e+16,0.0,,,True,0.002383800001553027
synthetic_threshold|not_applicable|seed=491|budget=4|leverage,completed,synthetic_threshold,not_applicable,491,4.0,40,40,leverage,0.010395901901785435,0.2664657126059817,0.04940622101906012,0.010395901901785423,4.440892098500626e-16,3.358279019868998e+16,0.0,,,True,0.002655200001754565
synthetic_threshold|not_applicable|seed=491|budget=8|kernel_weight,completed,synthetic_threshold,not_applicable,491,8.0,80,80,kernel_weight,0.007068267417071445,0.21971855485000796,0.046078586534346176,0.007068267417071478,8.881784197001252e-16,1.5404166180959997e+17,0.0,,,True,0.0025276000014855526
synthetic_threshold|not_applicable|seed=491|budget=8|leverage,completed,synthetic_threshold,not_applicable,491,8.0,80,80,leverage,0.005746459331676004,0.1981118331762018,0.04475677844895067,0.005746459331675974,8.881784197001252e-16,2.394496716792991e+16,0.0,,,True,0.00276799999846844
synthetic_threshold|not_applicable|seed=491|budget=16|kernel_weight,completed,synthetic_threshold,not_applicable,491,16.0,160,160,kernel_weight,0.0010057970647327364,0.08288299381157728,0.040016116182007455,0.0010057970647327566,6.661338147750939e-16,2.580016014142156e+16,0.0,,,True,0.0027764000005845446
synthetic_threshold|not_applicable|seed=491|budget=16|leverage,completed,synthetic_threshold,not_applicable,491,16.0,160,160,leverage,0.0012400454618486038,0.09202992149012997,0.04025036457912329,0.0012400454618485893,6.661338147750939e-16,1.0191453630876682e+17,0.0,,,True,0.003036500002053799
diabetes_hist_gradient_boosting|D0_full_rows|seed=491|budget=2|kernel_weight,completed,diabetes_hist_gradient_boosting,D0_full_rows,491,2.0,20,20,kernel_weight,62.848003083762706,0.3429791160181645,133.85168402822723,62.84800308376265,2.842170943040401e-14,2.1286429079262656e+16,0.0,51.526165476879065,0.0,True,0.0067788999986078124
diabetes_hist_gradient_boosting|D0_full_rows|seed=491|budget=2|leverage,completed,diabetes_hist_gradient_boosting,D0_full_rows,491,2.0,20,20,leverage,12.654312948057644,0.15390092157309876,83.65799389252231,12.654312948057736,2.842170943040401e-14,3.679332305574267e+16,0.0,51.526165476879065,0.0,True,0.0068269000003056135
diabetes_hist_gradient_boosting|D0_full_rows|seed=491|budget=4|kernel_weight,completed,diabetes_hist_gradient_boosting,D0_full_rows,491,4.0,40,40,kernel_weight,5.866402001191902,0.10478710575527055,76.87008294565632,5.866402001191744,4.263256414560601e-14,6.5295092969225544e+16,0.0,51.526165476879065,0.0,True,0.0071310999992419966
diabetes_hist_gradient_boosting|D0_full_rows|seed=491|budget=4|leverage,completed,diabetes_hist_gradient_boosting,D0_full_rows,491,4.0,40,40,leverage,2.8836934615240652,0.07346770635747839,73.88737440598828,2.8836934615237055,1.1368683772161603e-13,3.358279019868998e+16,0.0,51.526165476879065,0.0,True,0.007145600000512786
diabetes_hist_gradient_boosting|D0_full_rows|seed=491|budget=8|kernel_weight,completed,diabetes_hist_gradient_boosting,D0_full_rows,491,8.0,80,80,kernel_weight,1.5384675250077327,0.0536619069407635,72.5421484694723,1.538467525007718,0.0,1.5404166180959997e+17,0.0,51.526165476879065,0.0,True,0.008943400000134716
diabetes_hist_gradient_boosting|D0_full_rows|seed=491|budget=8|leverage,completed,diabetes_hist_gradient_boosting,D0_full_rows,491,8.0,80,80,leverage,1.2823740690785774,0.048992465888608484,72.28605501354289,1.2823740690783154,9.947598300641403e-14,2.394496716792991e+16,0.0,51.526165476879065,0.0,True,0.009197800001857104
diabetes_hist_gradient_boosting|D0_full_rows|seed=491|budget=16|kernel_weight,completed,diabetes_hist_gradient_boosting,D0_full_rows,491,16.0,160,160,kernel_weight,0.6798369698886811,0.03567174248415607,71.68351791435347,0.6798369698888962,5.684341886080802e-14,2.580016014142156e+16,0.0,51.526165476879065,0.0,True,0.008210499996494036
diabetes_hist_gradient_boosting|D0_full_rows|seed=491|budget=16|leverage,completed,diabetes_hist_gradient_boosting,D0_full_rows,491,16.0,160,160,leverage,0.38662451406241527,0.02690088876745259,71.390305458527,0.3866245140624187,0.0,1.0191453630876682e+17,0.0,51.526165476879065,0.0,True,0.008152799997333204
diabetes_hist_gradient_boosting|D1_uniform_rows|seed=491|budget=2|kernel_weight,completed,diabetes_hist_gradient_boosting,D1_uniform_rows,491,2.0,20,20,kernel_weight,88.47350267833147,0.39893325551263575,88.91304638804479,88.47350267833147,4.973799150320701e-14,2.1286429079262656e+16,0.738254549928,62.11821175190512,0.2550326274067422,True,0.007090999999491032
diabetes_hist_gradient_boosting|D1_uniform_rows|seed=491|budget=2|leverage,completed,diabetes_hist_gradient_boosting,D1_uniform_rows,491,2.0,20,20,leverage,1.3440612103155599e-27,1.554902472487035e-15,0.4395437097133371,2.0761170560490427e-14,7.105427357601002e-14,3.679332305574267e+16,0.738254549928,62.11821175190512,0.2550326274067422,True,0.007353900000452995
diabetes_hist_gradient_boosting|D1_uniform_rows|seed=491|budget=4|kernel_weight,completed,diabetes_hist_gradient_boosting,D1_uniform_rows,491,4.0,40,40,kernel_weight,1.768882529299705e-27,1.783787542776234e-15,0.4395437097133136,0.0,1.4210854715202004e-14,6.5295092969225544e+16,0.738254549928,62.11821175190512,0.2550326274067422,True,0.009389000002556713
diabetes_hist_gradient_boosting|D1_uniform_rows|seed=491|budget=4|leverage,completed,diabetes_hist_gradient_boosting,D1_uniform_rows,491,4.0,40,40,leverage,1.3690878225336966e-27,1.5693119585413535e-15,0.4395437097132871,0.0,1.1368683772161603e-13,3.358279019868998e+16,0.738254549928,62.11821175190512,0.2550326274067422,True,0.009153599999990547
diabetes_hist_gradient_boosting|D1_uniform_rows|seed=491|budget=8|kernel_weight,completed,diabetes_hist_gradient_boosting,D1_uniform_rows,491,8.0,80,80,kernel_weight,1.875990118706088e-27,1.8369989312790775e-15,0.4395437097133012,0.0,5.684341886080802e-14,1.5404166180959997e+17,0.738254549928,62.11821175190512,0.2550326274067422,True,0.008671100000356091
diabetes_hist_gradient_boosting|D1_uniform_rows|seed=491|budget=8|leverage,completed,diabetes_hist_gradient_boosting,D1_uniform_rows,491,8.0,80,80,leverage,9.503604540423834e-28,1.3074882917836149e-15,0.43954370971329365,0.0,9.947598300641403e-14,2.394496716792991e+16,0.738254549928,62.11821175190512,0.2550326274067422,True,0.009555699998600176
diabetes_hist_gradient_boosting|D1_uniform_rows|seed=491|budget=16|kernel_weight,completed,diabetes_hist_gradient_boosting,D1_uniform_rows,491,16.0,160,160,kernel_weight,6.4712232207542655e-28,1.0789139807211627e-15,0.43954370971332085,4.496403249731884e-15,1.4210854715202004e-14,2.580016014142156e+16,0.738254549928,62.11821175190512,0.2550326274067422,True,0.009868199998891214
diabetes_hist_gradient_boosting|D1_uniform_rows|seed=491|budget=16|leverage,completed,diabetes_hist_gradient_boosting,D1_uniform_rows,491,16.0,160,160,leverage,1.2001512875283538e-26,4.646346863898372e-15,0.43954370971332846,1.2101430968414206e-14,4.973799150320701e-14,1.0191453630876682e+17,0.738254549928,62.11821175190512,0.2550326274067422,True,0.011179000000993256
diabetes_hist_gradient_boosting|D2_robust_leverage_ipw|seed=491|budget=2|kernel_weight,completed,diabetes_hist_gradient_boosting,D2_robust_leverage_ipw,491,2.0,20,20,kernel_weight,110.11023342639601,0.4510535520394367,151.324371540168,110.11023342639595,0.0,2.1286429079262656e+16,0.5334269379981239,57.45809754148556,0.16344217088695628,True,0.009927499999321299
diabetes_hist_gradient_boosting|D2_robust_leverage_ipw|seed=491|budget=2|leverage,completed,diabetes_hist_gradient_boosting,D2_robust_leverage_ipw,491,2.0,20,20,leverage,0.02596291873769056,0.006926136120998126,41.24010103250969,0.025962918737661766,2.842170943040401e-14,3.679332305574267e+16,0.5334269379981239,57.45809754148556,0.16344217088695628,True,0.011469799999758834
diabetes_hist_gradient_boosting|D2_robust_leverage_ipw|seed=491|budget=4|kernel_weight,completed,diabetes_hist_gradient_boosting,D2_robust_leverage_ipw,491,4.0,40,40,kernel_weight,0.0039526906518517375,0.002702468738782015,41.218090804423866,0.0039526906518361216,0.0,6.5295092969225544e+16,0.5334269379981239,57.45809754148556,0.16344217088695628,True,0.010394900000392227
diabetes_hist_gradient_boosting|D2_robust_leverage_ipw|seed=491|budget=4|leverage,completed,diabetes_hist_gradient_boosting,D2_robust_leverage_ipw,491,4.0,40,40,leverage,0.006937963485487022,0.003580389464190675,41.22107607725738,0.00693796348534903,8.526512829121202e-14,3.358279019868998e+16,0.5334269379981239,57.45809754148556,0.16344217088695628,True,0.012639199998375261
diabetes_hist_gradient_boosting|D2_robust_leverage_ipw|seed=491|budget=8|kernel_weight,completed,diabetes_hist_gradient_boosting,D2_robust_leverage_ipw,491,8.0,80,80,kernel_weight,0.001531099373023808,0.0016819611293658859,41.21566921314514,0.0015310993731105782,5.684341886080802e-14,1.5404166180959997e+17,0.5334269379981239,57.45809754148556,0.16344217088695628,True,0.01079810000010184
diabetes_hist_gradient_boosting|D2_robust_leverage_ipw|seed=491|budget=8|leverage,completed,diabetes_hist_gradient_boosting,D2_robust_leverage_ipw,491,8.0,80,80,leverage,0.0014384726635465936,0.0016302907787639038,41.2155765864355,0.0014384726634730782,5.684341886080802e-14,2.394496716792991e+16,0.5334269379981239,57.45809754148556,0.16344217088695628,True,0.011246300000493648
diabetes_hist_gradient_boosting|D2_robust_leverage_ipw|seed=491|budget=16|kernel_weight,completed,diabetes_hist_gradient_boosting,D2_robust_leverage_ipw,491,16.0,160,160,kernel_weight,0.0007416492695235228,0.0011706135645782882,41.21487976304165,0.0007416492696208365,5.684341886080802e-14,2.580016014142156e+16,0.5334269379981239,57.45809754148556,0.16344217088695628,True,0.011971299998549512
diabetes_hist_gradient_boosting|D2_robust_leverage_ipw|seed=491|budget=16|leverage,completed,diabetes_hist_gradient_boosting,D2_robust_leverage_ipw,491,16.0,160,160,leverage,0.0003866313792453585,0.0008452064739969781,41.214524745151294,0.00038663137926420177,0.0,1.0191453630876682e+17,0.5334269379981239,57.45809754148556,0.16344217088695628,True,0.011140499998873565
synthetic_interaction|not_applicable|seed=521|budget=2|kernel_weight,completed,synthetic_interaction,not_applicable,521,2.0,20,20,kernel_weight,0.05104166666666614,0.18024589069087557,0.8625000000000111,0.051041666666677754,3.375077994860476e-14,8.73590610595879e+16,0.0,,,True,0.0032731999999668915
synthetic_interaction|not_applicable|seed=521|budget=2|leverage,completed,synthetic_interaction,not_applicable,521,2.0,20,20,leverage,0.045023148148148194,0.16928593565157687,0.8564814814814825,0.04502314814814912,3.552713678800501e-15,2.9229836235471052e+16,0.0,,,True,0.0033084999995480757
synthetic_interaction|not_applicable|seed=521|budget=4|kernel_weight,completed,synthetic_interaction,not_applicable,521,4.0,40,40,kernel_weight,0.012661019109124299,0.08977125175292651,0.8241193524424575,0.012661019109124094,0.0,1.3375863286064014e+17,0.0,,,True,0.0030375999995158054
synthetic_interaction|not_applicable|seed=521|budget=4|leverage,completed,synthetic_interaction,not_applicable,521,4.0,40,40,leverage,0.01605373712736325,0.10108600249941971,0.8275120704606975,0.01605373712736413,2.6645352591003757e-15,5.368756448303596e+16,0.0,,,True,0.003289799999038223
synthetic_interaction|not_applicable|seed=521|budget=8|kernel_weight,completed,synthetic_interaction,not_applicable,521,8.0,80,80,kernel_weight,0.007780522260214919,0.07037320388037654,0.8192388555935479,0.0077805222602145285,8.881784197001252e-16,2.1604406031436484e+16,0.0,,,True,0.0030220000007830095
synthetic_interaction|not_applicable|seed=521|budget=8|leverage,completed,synthetic_interaction,not_applicable,521,8.0,80,80,leverage,0.005379965757478154,0.05851843521324147,0.8168382990908123,0.0053799657574788995,2.6645352591003757e-15,2.4933130118388172e+16,0.0,,,True,0.003179799998179078
synthetic_interaction|not_applicable|seed=521|budget=16|kernel_weight,completed,synthetic_interaction,not_applicable,521,16.0,160,160,kernel_weight,0.001356778936591861,0.029387151721856075,0.8128151122699254,0.001356778936592029,8.881784197001252e-16,2.7558579743759382e+17,0.0,,,True,0.003544099999999162
synthetic_interaction|not_applicable|seed=521|budget=16|leverage,completed,synthetic_interaction,not_applicable,521,16.0,160,160,leverage,0.0014440672262460636,0.03031772816093386,0.8129024005595784,0.001444067226245016,2.6645352591003757e-15,1.023347694030244e+16,0.0,,,True,0.0037211999988358
synthetic_threshold|not_applicable|seed=521|budget=2|kernel_weight,completed,synthetic_threshold,not_applicable,521,2.0,20,20,kernel_weight,0.05134518704185911,0.5921887026930068,0.09035550615913375,0.05134518704185905,1.9984014443252818e-15,8.73590610595879e+16,0.0,,,True,0.0026938999981211964
synthetic_threshold|not_applicable|seed=521|budget=2|leverage,completed,synthetic_threshold,not_applicable,521,2.0,20,20,leverage,0.03547656165244998,0.49224465469717316,0.07448688076972466,0.035476561652449966,2.220446049250313e-16,2.9229836235471052e+16,0.0,,,True,0.0027234000008320436
synthetic_threshold|not_applicable|seed=521|budget=4|kernel_weight,completed,synthetic_threshold,not_applicable,521,4.0,40,40,kernel_weight,0.019576847271773463,0.36566351041627965,0.058587166389048144,0.019576847271773445,4.440892098500626e-16,1.3375863286064014e+17,0.0,,,True,0.0030697000001964625
synthetic_threshold|not_applicable|seed=521|budget=4|leverage,completed,synthetic_threshold,not_applicable,521,4.0,40,40,leverage,0.011439778991457901,0.27952397590117434,0.050450098108732605,0.011439778991457906,2.220446049250313e-16,5.368756448303596e+16,0.0,,,True,0.003325499998027226
synthetic_threshold|not_applicable|seed=521|budget=8|kernel_weight,completed,synthetic_threshold,not_applicable,521,8.0,80,80,kernel_weight,0.002082083215962511,0.1192502476165794,0.041092402333237237,0.002082083215962538,6.661338147750939e-16,2.1604406031436484e+16,0.0,,,True,0.0029443999992508907
synthetic_threshold|not_applicable|seed=521|budget=8|leverage,completed,synthetic_threshold,not_applicable,521,8.0,80,80,leverage,0.0018136395155715762,0.11129758290617026,0.04082395863284627,0.0018136395155715704,2.220446049250313e-16,2.4933130118388172e+16,0.0,,,True,0.002908500002376968
synthetic_threshold|not_applicable|seed=521|budget=16|kernel_weight,completed,synthetic_threshold,not_applicable,521,16.0,160,160,kernel_weight,0.0021247309469423358,0.12046537020965692,0.04113505006421704,0.0021247309469423423,0.0,2.7558579743759382e+17,0.0,,,True,0.003454100002272753
synthetic_threshold|not_applicable|seed=521|budget=16|leverage,completed,synthetic_threshold,not_applicable,521,16.0,160,160,leverage,0.0014095804654534751,0.09811946784263352,0.0404198995827282,0.0014095804654535027,8.881784197001252e-16,1.023347694030244e+16,0.0,,,True,0.003123899998172419
diabetes_hist_gradient_boosting|D0_full_rows|seed=521|budget=2|kernel_weight,completed,diabetes_hist_gradient_boosting,D0_full_rows,521,2.0,20,20,kernel_weight,11.051923273861748,0.22908548036079293,90.40325960535341,11.051923273863807,4.547473508864641e-13,8.73590610595879e+16,0.0,57.479216619636034,0.0,True,0.010862499999348074
diabetes_hist_gradient_boosting|D0_full_rows|seed=521|budget=2|leverage,completed,diabetes_hist_gradient_boosting,D0_full_rows,521,2.0,20,20,leverage,23.39268123649124,0.333287200120644,102.74401756798107,23.39268123649147,4.973799150320701e-14,2.9229836235471052e+16,0.0,57.479216619636034,0.0,True,0.009564899999531917
diabetes_hist_gradient_boosting|D0_full_rows|seed=521|budget=4|kernel_weight,completed,diabetes_hist_gradient_boosting,D0_full_rows,521,4.0,40,40,kernel_weight,0.5800006894094947,0.05247988665246373,79.93133702089904,0.580000689409431,1.4210854715202004e-14,1.3375863286064014e+17,0.0,57.479216619636034,0.0,True,0.009039300002768869
diabetes_hist_gradient_boosting|D0_full_rows|seed=521|budget=4|leverage,completed,diabetes_hist_gradient_boosting,D0_full_rows,521,4.0,40,40,leverage,1.592290356861209,0.0869540402508271,80.94362668835078,1.5922903568611702,7.105427357601002e-15,5.368756448303596e+16,0.0,57.479216619636034,0.0,True,0.00961240000106045
diabetes_hist_gradient_boosting|D0_full_rows|seed=521|budget=8|kernel_weight,completed,diabetes_hist_gradient_boosting,D0_full_rows,521,8.0,80,80,kernel_weight,0.4958787831627455,0.048525095288767306,79.84721511465249,0.4958787831628797,2.842170943040401e-14,2.1604406031436484e+16,0.0,57.479216619636034,0.0,True,0.010676899997633882
diabetes_hist_gradient_boosting|D0_full_rows|seed=521|budget=8|leverage,completed,diabetes_hist_gradient_boosting,D0_full_rows,521,8.0,80,80,leverage,0.350642926139596,0.040804792564549705,79.70197925762928,0.3506429261396704,1.4210854715202004e-14,2.4933130118388172e+16,0.0,57.479216619636034,0.0,True,0.00977219999913359
diabetes_hist_gradient_boosting|D0_full_rows|seed=521|budget=16|kernel_weight,completed,diabetes_hist_gradient_boosting,D0_full_rows,521,16.0,160,160,kernel_weight,0.1141859285928063,0.023285465669481083,79.46552226008235,0.11418592859274668,1.4210854715202004e-14,2.7558579743759382e+17,0.0,57.479216619636034,0.0,True,0.008383000000321772
diabetes_hist_gradient_boosting|D0_full_rows|seed=521|budget=16|leverage,completed,diabetes_hist_gradient_boosting,D0_full_rows,521,16.0,160,160,leverage,0.08536137761016792,0.020133039294055757,79.4366977090998,0.08536137761019802,1.4210854715202004e-14,1.023347694030244e+16,0.0,57.479216619636034,0.0,True,0.008535699998901691
diabetes_hist_gradient_boosting|D1_uniform_rows|seed=521|budget=2|kernel_weight,completed,diabetes_hist_gradient_boosting,D1_uniform_rows,521,2.0,20,20,kernel_weight,2.180315399608053e-27,1.5955567349188485e-15,14.372486436700488,7.354117315117037e-13,3.410605131648481e-13,8.73590610595879e+16,1.2821643326300443,60.72334294849995,0.30684168248604204,True,0.006785900000977563
diabetes_hist_gradient_boosting|D1_uniform_rows|seed=521|budget=2|leverage,completed,diabetes_hist_gradient_boosting,D1_uniform_rows,521,2.0,20,20,leverage,2.286012157890852,0.0516644556925318,16.658498594590718,2.2860121578909656,5.684341886080802e-14,2.9229836235471052e+16,1.2821643326300443,60.72334294849995,0.30684168248604204,True,0.007782099997712066
diabetes_hist_gradient_boosting|D1_uniform_rows|seed=521|budget=4|kernel_weight,completed,diabetes_hist_gradient_boosting,D1_uniform_rows,521,4.0,40,40,kernel_weight,9.29063674791745e-28,1.0415385055321563e-15,14.372486436699745,0.0,1.4210854715202004e-14,1.3375863286064014e+17,1.2821643326300443,60.72334294849995,0.30684168248604204,True,0.007011599998804741
diabetes_hist_gradient_boosting|D1_uniform_rows|seed=521|budget=4|leverage,completed,diabetes_hist_gradient_boosting,D1_uniform_rows,521,4.0,40,40,leverage,1.8549102762043856e-27,1.4716822232319784e-15,14.372486436699702,0.0,2.842170943040401e-14,5.368756448303596e+16,1.2821643326300443,60.72334294849995,0.30684168248604204,True,0.007591599998704623
diabetes_hist_gradient_boosting|D1_uniform_rows|seed=521|budget=8|kernel_weight,completed,diabetes_hist_gradient_boosting,D1_uniform_rows,521,8.0,80,80,kernel_weight,1.1971974964763668e-27,1.1823212366004803e-15,14.372486436699804,5.1514348342607263e-14,2.842170943040401e-14,2.1604406031436484e+16,1.2821643326300443,60.72334294849995,0.30684168248604204,True,0.007024800001090625
diabetes_hist_gradient_boosting|D1_uniform_rows|seed=521|budget=8|leverage,completed,diabetes_hist_gradient_boosting,D1_uniform_rows,521,8.0,80,80,leverage,2.7509798436352614e-28,5.667562192681048e-16,14.37248643669983,7.815970093361102e-14,2.842170943040401e-14,2.4933130118388172e+16,1.2821643326300443,60.72334294849995,0.30684168248604204,True,0.008438799999566982
diabetes_hist_gradient_boosting|D1_uniform_rows|seed=521|budget=16|kernel_weight,completed,diabetes_hist_gradient_boosting,D1_uniform_rows,521,16.0,160,160,kernel_weight,1.041807428846899e-26,3.4877577734501854e-15,14.372486436699756,3.552713678800501e-15,0.0,2.7558579743759382e+17,1.2821643326300443,60.72334294849995,0.30684168248604204,True,0.008828499998344341
diabetes_hist_gradient_boosting|D1_uniform_rows|seed=521|budget=16|leverage,completed,diabetes_hist_gradient_boosting,D1_uniform_rows,521,16.0,160,160,leverage,1.279988448479312e-27,1.222518994346356e-15,14.37248643669971,0.0,2.842170943040401e-14,1.023347694030244e+16,1.2821643326300443,60.72334294849995,0.30684168248604204,True,0.009138900000834838
diabetes_hist_gradient_boosting|D2_robust_leverage_ipw|seed=521|budget=2|kernel_weight,completed,diabetes_hist_gradient_boosting,D2_robust_leverage_ipw,521,2.0,20,20,kernel_weight,7.881351531882084e-27,7.806146972481882e-15,18.386634188799192,1.7124079931818414e-12,7.887024366937112e-13,8.73590610595879e+16,0.843305921021276,56.81264787752589,0.2412393681195836,True,0.006890499997098232
diabetes_hist_gradient_boosting|D2_robust_leverage_ipw|seed=521|budget=2|leverage,completed,diabetes_hist_gradient_boosting,D2_robust_leverage_ipw,521,2.0,20,20,leverage,0.4747992121961878,0.06058866302593408,18.861433400993718,0.47479921219623833,2.1316282072803006e-14,2.9229836235471052e+16,0.843305921021276,56.81264787752589,0.2412393681195836,True,0.006888099997013342
diabetes_hist_gradient_boosting|D2_robust_leverage_ipw|seed=521|budget=4|kernel_weight,completed,diabetes_hist_gradient_boosting,D2_robust_leverage_ipw,521,4.0,40,40,kernel_weight,8.450672447180089e-29,8.083175509433976e-16,18.38663418879746,0.0,7.105427357601002e-15,1.3375863286064014e+17,0.843305921021276,56.81264787752589,0.2412393681195836,True,0.006886899998789886
diabetes_hist_gradient_boosting|D2_robust_leverage_ipw|seed=521|budget=4|leverage,completed,diabetes_hist_gradient_boosting,D2_robust_leverage_ipw,521,4.0,40,40,leverage,2.310258047030255e-27,4.2263612933617174e-15,18.3866341887975,2.1316282072803006e-14,1.4210854715202004e-14,5.368756448303596e+16,0.843305921021276,56.81264787752589,0.2412393681195836,True,0.0071583999997528736
diabetes_hist_gradient_boosting|D2_robust_leverage_ipw|seed=521|budget=8|kernel_weight,completed,diabetes_hist_gradient_boosting,D2_robust_leverage_ipw,521,8.0,80,80,kernel_weight,1.382478736399823e-29,3.2693815282202553e-16,18.386634188797437,0.0,7.105427357601002e-15,2.1604406031436484e+16,0.843305921021276,56.81264787752589,0.2412393681195836,True,0.0073439000007056165
diabetes_hist_gradient_boosting|D2_robust_leverage_ipw|seed=521|budget=8|leverage,completed,diabetes_hist_gradient_boosting,D2_robust_leverage_ipw,521,8.0,80,80,leverage,7.493586953920696e-28,2.4070285970618223e-15,18.386634188797515,3.552713678800501e-14,2.842170943040401e-14,2.4933130118388172e+16,0.843305921021276,56.81264787752589,0.2412393681195836,True,0.00797210000018822
diabetes_hist_gradient_boosting|D2_robust_leverage_ipw|seed=521|budget=16|kernel_weight,completed,diabetes_hist_gradient_boosting,D2_robust_leverage_ipw,521,16.0,160,160,kernel_weight,3.2810697200404934e-28,1.5927371278034411e-15,18.38663418879745,0.0,1.4210854715202004e-14,2.7558579743759382e+17,0.843305921021276,56.81264787752589,0.2412393681195836,True,0.0076775000015913974
diabetes_hist_gradient_boosting|D2_robust_leverage_ipw|seed=521|budget=16|leverage,completed,diabetes_hist_gradient_boosting,D2_robust_leverage_ipw,521,16.0,160,160,leverage,1.2093237677038112e-28,9.669581287751177e-16,18.386634188797473,0.0,0.0,1.023347694030244e+16,0.843305921021276,56.81264787752589,0.2412393681195836,True,0.00849019999805023
synthetic_interaction|not_applicable|seed=557|budget=2|kernel_weight,completed,synthetic_interaction,not_applicable,557,2.0,20,20,kernel_weight,0.2611717372134042,0.4077237760836331,1.0726300705467362,0.2611717372134028,3.552713678800501e-15,1.381217885505739e+17,0.0,,,True,0.0028160999972897116
synthetic_interaction|not_applicable|seed=557|budget=2|leverage,completed,synthetic_interaction,not_applicable,557,2.0,20,20,leverage,0.09600283175604053,0.247198010151958,0.9074611650893737,0.0960028317560403,0.0,1.4684429308636083e+17,0.0,,,True,0.0030091000007814728
synthetic_interaction|not_applicable|seed=557|budget=4|kernel_weight,completed,synthetic_interaction,not_applicable,557,4.0,40,40,kernel_weight,0.05104166666666623,0.18024589069087574,0.8624999999999982,0.051041666666664764,3.552713678800501e-15,3.778937116875476e+16,0.0,,,True,0.002899399998568697
synthetic_interaction|not_applicable|seed=557|budget=4|leverage,completed,synthetic_interaction,not_applicable,557,4.0,40,40,leverage,0.026105228341091885,0.12890408989919058,0.8375635616744247,0.026105228341091302,1.7763568394002505e-15,5.890580210294678e+16,0.0,,,True,0.0030947999985073693
synthetic_interaction|not_applicable|seed=557|budget=8|kernel_weight,completed,synthetic_interaction,not_applicable,557,8.0,80,80,kernel_weight,0.009763390440460772,0.07883213295856517,0.821221723773794,0.009763390440460595,0.0,1.7709236284632572e+16,0.0,,,True,0.003080400001636008
synthetic_interaction|not_applicable|seed=557|budget=8|leverage,completed,synthetic_interaction,not_applicable,557,8.0,80,80,leverage,0.003238053694158514,0.04539886254101952,0.8146963870274924,0.003238053694158971,1.7763568394002505e-15,2.501194555170184e+16,0.0,,,True,0.0032419000017398503
synthetic_interaction|not_applicable|seed=557|budget=16|kernel_weight,completed,synthetic_interaction,not_applicable,557,16.0,160,160,kernel_weight,0.002230587649226934,0.03768014760584289,0.8136889209825605,0.0022305876492271226,1.7763568394002505e-15,1.5712763653201662e+16,0.0,,,True,0.0032928000000538304
synthetic_interaction|not_applicable|seed=557|budget=16|leverage,completed,synthetic_interaction,not_applicable,557,16.0,160,160,leverage,0.0031122812297257343,0.04450843926514655,0.814570614563059,0.003112281229725622,0.0,2.607659141941291e+16,0.0,,,True,0.003933100000722334
synthetic_threshold|not_applicable|seed=557|budget=2|kernel_weight,completed,synthetic_threshold,not_applicable,557,2.0,20,20,kernel_weight,0.04646832569237129,0.5633635704654257,0.08547864480964601,0.04646832569237131,1.3322676295501878e-15,1.381217885505739e+17,0.0,,,True,0.002739599996857578
synthetic_threshold|not_applicable|seed=557|budget=2|leverage,completed,synthetic_threshold,not_applicable,557,2.0,20,20,leverage,0.015888995909567886,0.329426456292387,0.054899315026842525,0.015888995909567827,1.7763568394002505e-15,1.4684429308636083e+17,0.0,,,True,0.003175300000293646
synthetic_threshold|not_applicable|seed=557|budget=4|kernel_weight,completed,synthetic_threshold,not_applicable,557,4.0,40,40,kernel_weight,0.006551261186082266,0.21153035829007932,0.045561580303356955,0.0065512611860822564,6.661338147750939e-16,3.778937116875476e+16,0.0,,,True,0.0027922000008402392
synthetic_threshold|not_applicable|seed=557|budget=4|leverage,completed,synthetic_threshold,not_applicable,557,4.0,40,40,leverage,0.021617037127338652,0.38424509481846303,0.060627356244613316,0.021617037127338617,1.3322676295501878e-15,5.890580210294678e+16,0.0,,,True,0.003017899998667417
synthetic_threshold|not_applicable|seed=557|budget=8|kernel_weight,completed,synthetic_threshold,not_applicable,557,8.0,80,80,kernel_weight,0.002506148583258468,0.13083190218197502,0.04151646770053312,0.0025061485832584204,1.3322676295501878e-15,1.7709236284632572e+16,0.0,,,True,0.0029810000014549587
synthetic_threshold|not_applicable|seed=557|budget=8|leverage,completed,synthetic_threshold,not_applicable,557,8.0,80,80,leverage,0.0042451164715038,0.1702766326271681,0.043255435588778465,0.004245116471503767,1.1102230246251565e-15,2.501194555170184e+16,0.0,,,True,0.0033574999979464337
synthetic_threshold|not_applicable|seed=557|budget=16|kernel_weight,completed,synthetic_threshold,not_applicable,557,16.0,160,160,kernel_weight,0.0010946553811382272,0.08646671425267022,0.040104974498412924,0.001094655381138225,2.220446049250313e-16,1.5712763653201662e+16,0.0,,,True,0.003400500001589535
synthetic_threshold|not_applicable|seed=557|budget=16|leverage,completed,synthetic_threshold,not_applicable,557,16.0,160,160,leverage,0.0018708904461278444,0.11304059283834597,0.040881209563402535,0.0018708904461278361,4.440892098500626e-16,2.607659141941291e+16,0.0,,,True,0.0036126000013609882
diabetes_hist_gradient_boosting|D0_full_rows|seed=557|budget=2|kernel_weight,completed,diabetes_hist_gradient_boosting,D0_full_rows,557,2.0,20,20,kernel_weight,6.263951285817152,0.14128762430744726,55.09014418641675,6.263951285817122,2.842170943040401e-14,1.381217885505739e+17,0.0,56.46171156222856,0.0,True,0.009698599998955615
diabetes_hist_gradient_boosting|D0_full_rows|seed=557|budget=2|leverage,completed,diabetes_hist_gradient_boosting,D0_full_rows,557,2.0,20,20,leverage,14.289708175593882,0.2133986249911985,63.11590107619351,14.28970817559388,2.842170943040401e-14,1.4684429308636083e+17,0.0,56.46171156222856,0.0,True,0.009473699999944074
diabetes_hist_gradient_boosting|D0_full_rows|seed=557|budget=4|kernel_weight,completed,diabetes_hist_gradient_boosting,D0_full_rows,557,4.0,40,40,kernel_weight,10.38154144581138,0.18189085230164073,59.20773434641104,10.381541445811408,0.0,3.778937116875476e+16,0.0,56.46171156222856,0.0,True,0.010014199997385731
diabetes_hist_gradient_boosting|D0_full_rows|seed=557|budget=4|leverage,completed,diabetes_hist_gradient_boosting,D0_full_rows,557,4.0,40,40,leverage,8.1595980329101,0.1612554194294585,56.98579093350971,8.159598032910083,2.842170943040401e-14,5.890580210294678e+16,0.0,56.46171156222856,0.0,True,0.009690999999293126
diabetes_hist_gradient_boosting|D0_full_rows|seed=557|budget=8|kernel_weight,completed,diabetes_hist_gradient_boosting,D0_full_rows,557,8.0,80,80,kernel_weight,1.0307640940412026,0.057313849350399425,49.85695699464084,1.03076409404121,2.842170943040401e-14,1.7709236284632572e+16,0.0,56.46171156222856,0.0,True,0.010124600001290673
diabetes_hist_gradient_boosting|D0_full_rows|seed=557|budget=8|leverage,completed,diabetes_hist_gradient_boosting,D0_full_rows,557,8.0,80,80,leverage,0.9850284356852335,0.05602789690290748,49.81122133628489,0.9850284356852583,0.0,2.501194555170184e+16,0.0,56.46171156222856,0.0,True,0.010427500001242151
diabetes_hist_gradient_boosting|D0_full_rows|seed=557|budget=16|kernel_weight,completed,diabetes_hist_gradient_boosting,D0_full_rows,557,16.0,160,160,kernel_weight,0.2169124783684459,0.026291914127432717,49.04310537896809,0.21691247836846372,0.0,1.5712763653201662e+16,0.0,56.46171156222856,0.0,True,0.0115576999996847
diabetes_hist_gradient_boosting|D0_full_rows|seed=557|budget=16|leverage,completed,diabetes_hist_gradient_boosting,D0_full_rows,557,16.0,160,160,leverage,0.31817179976177024,0.03184276554585322,49.144364700361436,0.31817179976180654,2.842170943040401e-14,2.607659141941291e+16,0.0,56.46171156222856,0.0,True,0.012331999998423271
diabetes_hist_gradient_boosting|D1_uniform_rows|seed=557|budget=2|kernel_weight,completed,diabetes_hist_gradient_boosting,D1_uniform_rows,557,2.0,20,20,kernel_weight,9.856933838643112,0.1281342648961494,15.927893067823204,9.856933838643048,2.842170943040401e-14,1.381217885505739e+17,0.7157457075885519,57.423585949644064,0.23029357781700166,True,0.011718699999619275
diabetes_hist_gradient_boosting|D1_uniform_rows|seed=557|budget=2|leverage,completed,diabetes_hist_gradient_boosting,D1_uniform_rows,557,2.0,20,20,leverage,47.65324393437579,0.28173486579644047,53.724203163555785,47.65324393437563,1.1368683772161603e-13,1.4684429308636083e+17,0.7157457075885519,57.423585949644064,0.23029357781700166,True,0.012300000002142042
diabetes_hist_gradient_boosting|D1_uniform_rows|seed=557|budget=4|kernel_weight,completed,diabetes_hist_gradient_boosting,D1_uniform_rows,557,4.0,40,40,kernel_weight,5.49678278758001e-28,9.568605481031968e-16,6.070959229180161,5.329070518200751e-15,0.0,3.778937116875476e+16,0.7157457075885519,57.423585949644064,0.23029357781700166,True,0.011840199997095624
diabetes_hist_gradient_boosting|D1_uniform_rows|seed=557|budget=4|leverage,completed,diabetes_hist_gradient_boosting,D1_uniform_rows,557,4.0,40,40,leverage,1.9456465366371036e-27,1.8002231142995074e-15,6.070959229180037,0.0,8.526512829121202e-14,5.890580210294678e+16,0.7157457075885519,57.423585949644064,0.23029357781700166,True,0.011941199998545926
diabetes_hist_gradient_boosting|D1_uniform_rows|seed=557|budget=8|kernel_weight,completed,diabetes_hist_gradient_boosting,D1_uniform_rows,557,8.0,80,80,kernel_weight,2.0384165790910943e-28,5.826943840289292e-16,6.070959229180191,3.4638958368304884e-14,2.842170943040401e-14,1.7709236284632572e+16,0.7157457075885519,57.423585949644064,0.23029357781700166,True,0.014055799998459406
diabetes_hist_gradient_boosting|D1_uniform_rows|seed=557|budget=8|leverage,completed,diabetes_hist_gradient_boosting,D1_uniform_rows,557,8.0,80,80,leverage,5.809171706047531e-28,9.836746232933184e-16,6.07095922918025,9.414691248821327e-14,5.684341886080802e-14,2.501194555170184e+16,0.7157457075885519,57.423585949644064,0.23029357781700166,True,0.012783499998477055
diabetes_hist_gradient_boosting|D1_uniform_rows|seed=557|budget=16|kernel_weight,completed,diabetes_hist_gradient_boosting,D1_uniform_rows,557,16.0,160,160,kernel_weight,1.6471415701014727e-28,5.237931624830806e-16,6.070959229180199,4.263256414560601e-14,2.842170943040401e-14,1.5712763653201662e+16,0.7157457075885519,57.423585949644064,0.23029357781700166,True,0.011774500002502464
diabetes_hist_gradient_boosting|D1_uniform_rows|seed=557|budget=16|leverage,completed,diabetes_hist_gradient_boosting,D1_uniform_rows,557,16.0,160,160,leverage,9.47264174989391e-28,1.256116491158584e-15,6.070959229180168,1.2434497875801753e-14,2.842170943040401e-14,2.607659141941291e+16,0.7157457075885519,57.423585949644064,0.23029357781700166,True,0.012304199997743126
diabetes_hist_gradient_boosting|D2_robust_leverage_ipw|seed=557|budget=2|kernel_weight,completed,diabetes_hist_gradient_boosting,D2_robust_leverage_ipw,557,2.0,20,20,kernel_weight,1.8079093691443284,0.057982711020408695,19.16889589991346,1.8079093691442587,2.842170943040401e-14,1.381217885505739e+17,0.5774718671524761,61.013508313857145,0.19400655933877367,True,0.010267999998177402
diabetes_hist_gradient_boosting|D2_robust_leverage_ipw|seed=557|budget=2|leverage,completed,diabetes_hist_gradient_boosting,D2_robust_leverage_ipw,557,2.0,20,20,leverage,22.8254666786459,0.20602504722073467,40.18645320941496,22.825466678645757,5.684341886080802e-14,1.4684429308636083e+17,0.5774718671524761,61.013508313857145,0.19400655933877367,True,0.010904999999183929
diabetes_hist_gradient_boosting|D2_robust_leverage_ipw|seed=557|budget=4|kernel_weight,completed,diabetes_hist_gradient_boosting,D2_robust_leverage_ipw,557,4.0,40,40,kernel_weight,0.0431740232249577,0.008960277292445059,17.40416055399406,0.04317402322486075,2.842170943040401e-14,3.778937116875476e+16,0.5774718671524761,61.013508313857145,0.19400655933877367,True,0.010442800001328578
diabetes_hist_gradient_boosting|D2_robust_leverage_ipw|seed=557|budget=4|leverage,completed,diabetes_hist_gradient_boosting,D2_robust_leverage_ipw,557,4.0,40,40,leverage,0.12249797026785239,0.01509296746519323,17.483484501036877,0.12249797026767695,5.684341886080802e-14,5.890580210294678e+16,0.5774718671524761,61.013508313857145,0.19400655933877367,True,0.00907780000125058
diabetes_hist_gradient_boosting|D2_robust_leverage_ipw|seed=557|budget=8|kernel_weight,completed,diabetes_hist_gradient_boosting,D2_robust_leverage_ipw,557,8.0,80,80,kernel_weight,0.007391938602901796,0.0037075700480542224,17.36837846937206,0.007391938602861359,5.684341886080802e-14,1.7709236284632572e+16,0.5774718671524761,61.013508313857145,0.19400655933877367,True,0.008297000000311527
diabetes_hist_gradient_boosting|D2_robust_leverage_ipw|seed=557|budget=8|leverage,completed,diabetes_hist_gradient_boosting,D2_robust_leverage_ipw,557,8.0,80,80,leverage,0.016647721691108824,0.005564006042708515,17.377634252460375,0.01664772169117512,2.842170943040401e-14,2.501194555170184e+16,0.5774718671524761,61.013508313857145,0.19400655933877367,True,0.007622299999638926
diabetes_hist_gradient_boosting|D2_robust_leverage_ipw|seed=557|budget=16|kernel_weight,completed,diabetes_hist_gradient_boosting,D2_robust_leverage_ipw,557,16.0,160,160,kernel_weight,0.0013987640784226072,0.001612807093356923,17.362385294847613,0.001398764078412995,0.0,1.5712763653201662e+16,0.5774718671524761,61.013508313857145,0.19400655933877367,True,0.00859879999916302
diabetes_hist_gradient_boosting|D2_robust_leverage_ipw|seed=557|budget=16|leverage,completed,diabetes_hist_gradient_boosting,D2_robust_leverage_ipw,557,16.0,160,160,leverage,0.004245273826484619,0.002809720004674609,17.36523180459563,0.0042452738264309176,2.842170943040401e-14,2.607659141941291e+16,0.5774718671524761,61.013508313857145,0.19400655933877367,True,0.00889159999860567
